item,listing_id,asset_id,ask,ask_seller_net,float_value,paint_seed,base_eur,predicted_eur,avg_discount,pred_smooth_eur,pred_segmented_eur,pred_hybrid_eur,pred_smooth_eur_disc,pred_segmented_eur_disc,pred_hybrid_eur_disc,spread_smooth,spread_segmented,spread_hybrid,spread_smooth_disc,spread_segmented_disc,spread_hybrid_disc,opportunity_pass,opportunity_fail_count,opportunity_fail_reasons,continuity_ratio,n_fit_clean,n_fit_raw,fit_outlier_n,fit_splits_n,steam_turnover_proxy,scm_total_listings,steam_sales_7d_n,steam_sales_7d_downside_risk%,steam_sales_7d_tail_ratio,steam_daily_downside_14d_pct,asset_properties_json,converted_price,converted_fee,converted_currencyid,base_usd,predicted_usd,quantity,fx_usd_to_eur,fx_source,base_collected_at_utc,status,error,status_risk,error_risk,sort_by,collected_at_utc,base_price,currency,n_listings,cap_hit,discount_sample_n,median_discount,avg_ask,avg_predicted,key_trace,steam_sales_7d_mean,steam_sales_7d_median,steam_sales_7d_p10,steam_sales_7d_p25,steam_sales_7d_p75,steam_sales_7d_p90,steam_sales_7d_min,steam_sales_7d_max,steam_sales_7d_iqr_risk%,steam_sales_7d_band_risk%,steam_discount_risk_score,steam_daily_ret_3d,steam_daily_ret_7d,steam_daily_slope_7d,steam_daily_ema_gap_3_14,steam_daily_range_14d_pct,trade_days,steam_trade_currency,risk_collected_at_utc,rel_smooth,rel_segmented,rel_hybrid
MP9 | Goo (Factory New),525374890939829431,50739049962,7.41,6.45,0.05337780714035,473,5.4605745,5.4520290000000005,-0.0456307338012856,5.530513439349676,5.52989323058831,5.530079293216721,5.782874825885073,5.782226316542816,5.782420869345494,0.2536419110189372,0.2537256099071107,0.2537005002406585,0.21958504374020615,0.21967256187006534,0.21964630643110739,False,1,spread_hybrid_disc <= 0.12,1.4912185801805153,85,85,0,1,2.22,112,111,6.099274832761822,0.940071803369235,0.0684181718664477,,645,96,2003,6.39,6.38,324,0.85455,Frankfurter 2026-04-30 (ECB),2026-05-04T05:18:59.992409+00:00,ok,,ok,,best_deal,2026-04-18T07:29:29.162671+00:00,7.97,,50,True,8,-0.0242503097893432,8.39625,8.03,1/1,7.1156,7.242,6.808,6.982,7.355,7.402,2.286,8.296,5.242003485299908,8.347855416268485,-0.0964663646949872,0.008,0.0015074688228038,0.0050992514362857,-0.0519169669043156,0.3451696770662289,7,3,2026-05-04T03:52:00.903669+00:00,0.012807981898182373,0.01269440250074612,0.012728476319976995
MP9 | Goo (Factory New),500605092747681527,25994345330,7.42,6.46,0.05080791562796,261,5.4605745,5.4520290000000005,-0.0456307338012856,5.539250410671835,5.536489750295656,5.53731794840851,5.7920104716198635,5.789123840284943,5.789989829685419,0.25347029505770413,0.25384235171217573,0.2537307347158343,0.21940559681673,0.21979463068936078,0.2196779205275715,False,1,spread_hybrid_disc <= 0.12,1.4912185801805153,85,85,0,1,2.22,112,111,6.099274832761822,0.940071803369235,0.0684181718664477,,646,96,2003,6.39,6.38,324,0.85455,Frankfurter 2026-04-30 (ECB),2026-05-04T05:18:59.992409+00:00,ok,,ok,,best_deal,2026-04-18T07:29:29.162671+00:00,7.97,,50,True,8,-0.0242503097893432,8.39625,8.03,1/1,7.1156,7.242,6.808,6.982,7.355,7.402,2.286,8.296,5.242003485299908,8.347855416268485,-0.0964663646949872,0.008,0.0015074688228038,0.0050992514362857,-0.0519169669043156,0.3451696770662289,7,3,2026-05-04T03:52:00.903669+00:00,0.014407991443361096,0.013902429184998115,0.014054097862507008
MP9 | Goo (Factory New),527626690808745692,51177926721,7.41,6.45,0.0534935593605,183,5.4605745,5.4520290000000005,-0.0456307338012856,5.530284973372309,5.529669216180135,5.529853943337788,5.7826359348375105,5.781992080192815,5.782185236586224,0.25367274313464117,0.25375584127123685,0.2537309118302581,0.21961728274797432,0.21970417271352027,0.2196781057238565,False,1,spread_hybrid_disc <= 0.12,1.4912185801805153,85,85,0,1,2.22,112,111,6.099274832761822,0.940071803369235,0.0684181718664477,,645,96,2003,6.39,6.38,324,0.85455,Frankfurter 2026-04-30 (ECB),2026-05-04T05:18:59.992409+00:00,ok,,ok,,best_deal,2026-04-18T07:29:29.162671+00:00,7.97,,50,True,8,-0.0242503097893432,8.39625,8.03,1/1,7.1156,7.242,6.808,6.982,7.355,7.402,2.286,8.296,5.242003485299908,8.347855416268485,-0.0964663646949872,0.008,0.0015074688228038,0.0050992514362857,-0.0519169669043156,0.3451696770662289,7,3,2026-05-04T03:52:00.903669+00:00,0.012766142714893685,0.012653378537392965,0.012687207790643182
MP9 | Goo (Factory New),526500790831967021,49260448233,7.41,6.45,0.05464738234878,15,5.4605745,5.4520290000000005,-0.0456307338012856,5.52831105597639,5.527470207861497,5.527722462295966,5.780571946142353,5.779692729510962,5.77995649450038,0.2539391287481255,0.2540526035274633,0.25401856109366183,0.21989582373247596,0.22001447644926297,0.21997888063422677,False,1,spread_hybrid_disc <= 0.12,1.4912185801805153,85,85,0,1,2.22,112,111,6.099274832761822,0.940071803369235,0.0684181718664477,,645,96,2003,6.39,6.38,324,0.85455,Frankfurter 2026-04-30 (ECB),2026-05-04T05:18:59.992409+00:00,ok,,ok,,best_deal,2026-04-18T07:29:29.162671+00:00,7.97,,50,True,8,-0.0242503097893432,8.39625,8.03,1/1,7.1156,7.242,6.808,6.982,7.355,7.402,2.286,8.296,5.242003485299908,8.347855416268485,-0.0964663646949872,0.008,0.0015074688228038,0.0050992514362857,-0.0519169669043156,0.3451696770662289,7,3,2026-05-04T03:52:00.903669+00:00,0.01240465741771121,0.012250672133765041,0.012296867718948893
MP9 | Goo (Factory New),511864091790843849,34818313064,7.42,6.46,0.05242651328444,688,5.4605745,5.4520290000000005,-0.0456307338012856,5.533264186303086,5.531364565349738,5.531934451635742,5.785751091440469,5.783764789389076,5.784360680004493,0.2542770638405545,0.25453307744612697,0.2544562733644553,0.2202491790511497,0.2205168747454076,0.22043656603713035,False,1,spread_hybrid_disc <= 0.12,1.4912185801805153,85,85,0,1,2.22,112,111,6.099274832761822,0.940071803369235,0.0684181718664477,,646,96,2003,6.39,6.38,324,0.85455,Frankfurter 2026-04-30 (ECB),2026-05-04T05:18:59.992409+00:00,ok,,ok,,best_deal,2026-04-18T07:29:29.162671+00:00,7.97,,50,True,8,-0.0242503097893432,8.39625,8.03,1/1,7.1156,7.242,6.808,6.982,7.355,7.402,2.286,8.296,5.242003485299908,8.347855416268485,-0.0964663646949872,0.008,0.0015074688228038,0.0050992514362857,-0.0519169669043156,0.3451696770662289,7,3,2026-05-04T03:52:00.903669+00:00,0.01331172870237115,0.012963849380635283,0.013068213177156044
MP9 | Goo (Factory New),500605092744145247,48535146879,7.41,6.45,0.05595942959189,374,5.4605745,5.4520290000000005,-0.0456307338012856,5.524201730517529,5.524291472265108,5.524264549740835,5.776275109147376,5.776368945876749,5.776340794857937,0.25449369358737806,0.2544815826902689,0.25448521595940155,0.22047569377228404,0.22046303024605274,0.22046682930392214,False,1,spread_hybrid_disc <= 0.12,1.4912185801805153,85,85,0,1,2.22,112,111,6.099274832761822,0.940071803369235,0.0684181718664477,,645,96,2003,6.39,6.38,324,0.85455,Frankfurter 2026-04-30 (ECB),2026-05-04T05:18:59.992409+00:00,ok,,ok,,best_deal,2026-04-18T07:29:29.162671+00:00,7.97,,50,True,8,-0.0242503097893432,8.39625,8.03,1/1,7.1156,7.242,6.808,6.982,7.355,7.402,2.286,8.296,5.242003485299908,8.347855416268485,-0.0964663646949872,0.008,0.0015074688228038,0.0050992514362857,-0.0519169669043156,0.3451696770662289,7,3,2026-05-04T03:52:00.903669+00:00,0.011652112889867096,0.01166854737813901,0.011663617031657435
MP9 | Goo (Factory New),529878490361777748,50913522408,7.41,6.45,0.05684918165207,30,5.4605745,5.4520290000000005,-0.0456307338012856,5.519952158741057,5.52085315346744,5.5205828550495255,5.771831626292402,5.772773734069301,5.7724911017362315,0.255067185055188,0.25494559332423206,0.25498207084351887,0.22107535407659895,0.2209482140257354,0.22098635604099437,False,1,spread_hybrid_disc <= 0.12,1.4912185801805153,85,85,0,1,2.22,112,111,6.099274832761822,0.940071803369235,0.0684181718664477,,645,96,2003,6.39,6.38,324,0.85455,Frankfurter 2026-04-30 (ECB),2026-05-04T05:18:59.992409+00:00,ok,,ok,,best_deal,2026-04-18T07:29:29.162671+00:00,7.97,,50,True,8,-0.0242503097893432,8.39625,8.03,1/1,7.1156,7.242,6.808,6.982,7.355,7.402,2.286,8.296,5.242003485299908,8.347855416268485,-0.0964663646949872,0.008,0.0015074688228038,0.0050992514362857,-0.0519169669043156,0.3451696770662289,7,3,2026-05-04T03:52:00.903669+00:00,0.010873884925671616,0.011038884913563696,0.010989384917196072
MP9 | Goo (Factory New),510738192175358122,42506029884,7.41,6.45,0.05711222067475,242,5.4605745,5.4520290000000005,-0.0456307338012856,5.518839059971407,5.519728186228385,5.519461448351292,5.770667736009099,5.771597433749625,5.771318524427468,0.25521740081357525,0.25509741076540016,0.2551334077798527,0.22123242429027,0.2211069590081477,0.22114459859278446,False,1,spread_hybrid_disc <= 0.12,1.4912185801805153,85,85,0,1,2.22,112,111,6.099274832761822,0.940071803369235,0.0684181718664477,,645,96,2003,6.39,6.38,324,0.85455,Frankfurter 2026-04-30 (ECB),2026-05-04T05:18:59.992409+00:00,ok,,ok,,best_deal,2026-04-18T07:29:29.162671+00:00,7.97,,50,True,8,-0.0242503097893432,8.39625,8.03,1/1,7.1156,7.242,6.808,6.982,7.355,7.402,2.286,8.296,5.242003485299908,8.347855416268485,-0.0964663646949872,0.008,0.0015074688228038,0.0050992514362857,-0.0519169669043156,0.3451696770662289,7,3,2026-05-04T03:52:00.903669+00:00,0.010670042130440259,0.010832868634680269,0.010784020683408268
MP9 | Goo (Factory New),505108692508433252,51132078604,7.42,6.46,0.0556548461318,361,5.4605745,5.4520290000000005,-0.0456307338012856,5.525230619315346,5.525101021954676,5.525139901162877,5.777350946896037,5.777215435912701,5.777256089207701,0.25535975480925255,0.25537722076082536,0.2553719809753535,0.2213812740032295,0.22139953693898917,0.2213940580582613,False,1,spread_hybrid_disc <= 0.12,1.4912185801805153,85,85,0,1,2.22,112,111,6.099274832761822,0.940071803369235,0.0684181718664477,,646,96,2003,6.39,6.38,324,0.85455,Frankfurter 2026-04-30 (ECB),2026-05-04T05:18:59.992409+00:00,ok,,ok,,best_deal,2026-04-18T07:29:29.162671+00:00,7.97,,50,True,8,-0.0242503097893432,8.39625,8.03,1/1,7.1156,7.242,6.808,6.982,7.355,7.402,2.286,8.296,5.242003485299908,8.347855416268485,-0.0964663646949872,0.008,0.0015074688228038,0.0050992514362857,-0.0519169669043156,0.3451696770662289,7,3,2026-05-04T03:52:00.903669+00:00,0.011840534235975862,0.01181680095284399,0.011823920937783552
MP9 | Goo (Factory New),516367691478189122,51282049342,7.41,6.45,0.05885164812207,333,5.4605745,5.4520290000000005,-0.0456307338012856,5.51222473416918,5.513628011439047,5.513207028258088,5.763751593666917,5.765218903508334,5.764778710555909,0.2561100223793279,0.25592064622954835,0.2559774590744821,0.2221657768330747,0.2219677593106162,0.22202716456735372,False,1,spread_hybrid_disc <= 0.12,1.4912185801805153,85,85,0,1,2.22,112,111,6.099274832761822,0.940071803369235,0.0684181718664477,,645,96,2003,6.39,6.38,324,0.85455,Frankfurter 2026-04-30 (ECB),2026-05-04T05:18:59.992409+00:00,ok,,ok,,best_deal,2026-04-18T07:29:29.162671+00:00,7.97,,50,True,8,-0.0242503097893432,8.39625,8.03,1/1,7.1156,7.242,6.808,6.982,7.355,7.402,2.286,8.296,5.242003485299908,8.347855416268485,-0.0964663646949872,0.008,0.0015074688228038,0.0050992514362857,-0.0519169669043156,0.3451696770662289,7,3,2026-05-04T03:52:00.903669+00:00,0.009458754599755006,0.00971573804899968,0.009638643014226279
MP9 | Goo (Factory New),636838417177294972,40719044068,7.42,6.46,0.05683850497007,687,5.4605745,5.4520290000000005,-0.0456307338012856,5.520000104701983,5.520900788375188,5.520630583273228,5.7718817600627075,5.772823542592844,5.772541007833804,0.2560646759161749,0.2559432899763897,0.25597970575832507,0.2221183611775327,0.22199143630824203,0.22202951376902913,False,1,spread_hybrid_disc <= 0.12,1.4912185801805153,85,85,0,1,2.22,112,111,6.099274832761822,0.940071803369235,0.0684181718664477,,646,96,2003,6.39,6.38,324,0.85455,Frankfurter 2026-04-30 (ECB),2026-05-04T05:18:59.992409+00:00,ok,,ok,,best_deal,2026-04-18T07:29:29.162671+00:00,7.97,,50,True,8,-0.0242503097893432,8.39625,8.03,1/1,7.1156,7.242,6.808,6.982,7.355,7.402,2.286,8.296,5.242003485299908,8.347855416268485,-0.0964663646949872,0.008,0.0015074688228038,0.0050992514362857,-0.0519169669043156,0.3451696770662289,7,3,2026-05-04T03:52:00.903669+00:00,0.010882665313326115,0.011047608337765328,0.010998125430433565
MP9 | Goo (Factory New),516367691482981406,14943347168,7.41,6.45,0.05902770534158,13,5.4605745,5.4520290000000005,-0.0456307338012856,5.51137849496309,5.512530881571803,5.512185165589189,5.76286673994488,5.764071710800172,5.763710219543585,0.25622422470133743,0.2560687069403774,0.2561153622686655,0.22228519029083937,0.2221225761403277,0.22217136038548113,False,1,spread_hybrid_disc <= 0.12,1.4912185801805153,85,85,0,1,2.22,112,111,6.099274832761822,0.940071803369235,0.0684181718664477,,645,96,2003,6.39,6.38,324,0.85455,Frankfurter 2026-04-30 (ECB),2026-05-04T05:18:59.992409+00:00,ok,,ok,,best_deal,2026-04-18T07:29:29.162671+00:00,7.97,,50,True,8,-0.0242503097893432,8.39625,8.03,1/1,7.1156,7.242,6.808,6.982,7.355,7.402,2.286,8.296,5.242003485299908,8.347855416268485,-0.0964663646949872,0.008,0.0015074688228038,0.0050992514362857,-0.0519169669043156,0.3451696770662289,7,3,2026-05-04T03:52:00.903669+00:00,0.00930378204034954,0.009514819653463702,0.009451508369529451
MP9 | Goo (Factory New),639090217028317389,14690498909,7.5,6.53,0.05034821853042,933,5.4605745,5.4520290000000005,-0.0456307338012856,5.540924150674113,5.539453753999875,5.5398948730021464,5.793760585606638,5.792223093653175,5.792684341239214,0.26121011324345167,0.26140616613335,0.26134735026638045,0.22749858858578165,0.22770358751290998,0.22764208783477147,False,1,spread_hybrid_disc <= 0.12,1.4912185801805153,85,85,0,1,2.22,112,111,6.099274832761822,0.940071803369235,0.0684181718664477,,653,97,2003,6.39,6.38,324,0.85455,Frankfurter 2026-04-30 (ECB),2026-05-04T05:18:59.992409+00:00,ok,,ok,,best_deal,2026-04-18T07:29:29.162671+00:00,7.97,,50,True,8,-0.0242503097893432,8.39625,8.03,1/1,7.1156,7.242,6.808,6.982,7.355,7.402,2.286,8.296,5.242003485299908,8.347855416268485,-0.0964663646949872,0.008,0.0015074688228038,0.0050992514362857,-0.0519169669043156,0.3451696770662289,7,3,2026-05-04T03:52:00.903669+00:00,0.01471450498003694,0.014445229892912382,0.014526012419049748
MP9 | Goo (Factory New),528752590501788129,48871568422,7.5,6.53,0.05119890347123,515,5.4605745,5.4520290000000005,-0.0456307338012856,5.537822553085755,5.534171170788893,5.535266585477952,5.790517459844367,5.78669946229391,5.787844861559048,0.2616236595885659,0.26211051056148094,0.2619644552696063,0.2279310053540844,0.22844007169414526,0.228287351792127,False,1,spread_hybrid_disc <= 0.12,1.4912185801805153,85,85,0,1,2.22,112,111,6.099274832761822,0.940071803369235,0.0684181718664477,,653,97,2003,6.39,6.38,324,0.85455,Frankfurter 2026-04-30 (ECB),2026-05-04T05:18:59.992409+00:00,ok,,ok,,best_deal,2026-04-18T07:29:29.162671+00:00,7.97,,50,True,8,-0.0242503097893432,8.39625,8.03,1/1,7.1156,7.242,6.808,6.982,7.355,7.402,2.286,8.296,5.242003485299908,8.347855416268485,-0.0964663646949872,0.008,0.0015074688228038,0.0050992514362857,-0.0519169669043156,0.3451696770662289,7,3,2026-05-04T03:52:00.903669+00:00,0.014146506578338172,0.013477825600382083,0.01367842989376891
MP9 | Goo (Factory New),514115891834223774,51285731038,7.41,6.45,0.06484123319387,625,5.4605745,5.4520290000000005,-0.0456307338012856,5.463890391511433,5.4623580226865185,5.462817733333993,5.713211719485893,5.711609427547043,5.7120901151286985,0.2626328756394827,0.26283967305175193,0.2627776338280712,0.22898627267396854,0.22920250640390782,0.229137636284926,False,1,spread_hybrid_disc <= 0.12,1.4912185801805153,85,85,0,1,2.22,112,111,6.099274832761822,0.940071803369235,0.0684181718664477,,645,96,2003,6.39,6.38,324,0.85455,Frankfurter 2026-04-30 (ECB),2026-05-04T05:18:59.992409+00:00,ok,,ok,,best_deal,2026-04-18T07:29:29.162671+00:00,7.97,,50,True,8,-0.0242503097893432,8.39625,8.03,1/1,7.1156,7.242,6.808,6.982,7.355,7.402,2.286,8.296,5.242003485299908,8.347855416268485,-0.0964663646949872,0.008,0.0015074688228038,0.0050992514362857,-0.0519169669043156,0.3451696770662289,7,3,2026-05-04T03:52:00.903669+00:00,0.0006072422437297992,0.0003266181399994889,0.000410805371118582
MP9 | Goo (Factory New),623327618331786410,17522123970,7.51,6.54,0.05379362031817,112,5.4605745,5.4520290000000005,-0.0456307338012856,5.5297359441916445,5.529100166219421,5.529290899611088,5.782061853052454,5.781397064064823,5.781596500761113,0.26368362926875566,0.2637682867883594,0.26374288953247826,0.2300849729623896,0.23017349346673466,0.230146937315431,False,1,spread_hybrid_disc <= 0.12,1.4912185801805153,85,85,0,1,2.22,112,111,6.099274832761822,0.940071803369235,0.0684181718664477,,654,97,2003,6.39,6.38,324,0.85455,Frankfurter 2026-04-30 (ECB),2026-05-04T05:18:59.992409+00:00,ok,,ok,,best_deal,2026-04-18T07:29:29.162671+00:00,7.97,,50,True,8,-0.0242503097893432,8.39625,8.03,1/1,7.1156,7.242,6.808,6.982,7.355,7.402,2.286,8.296,5.242003485299908,8.347855416268485,-0.0964663646949872,0.008,0.0015074688228038,0.0050992514362857,-0.0519169669043156,0.3451696770662289,7,3,2026-05-04T03:52:00.903669+00:00,0.012665598499140382,0.012549167897887167,0.012584097078263131
MP9 | Goo (Factory New),511864091771202249,51164028601,7.42,6.46,0.06674558669329,666,5.4605745,5.4520290000000005,-0.0456307338012856,5.457269451047951,5.457648969876831,5.4575351142281665,5.706288660650608,5.706685497202141,5.706566446236681,0.2645189419072842,0.2644677938171387,0.26448313824418246,0.2309584015295677,0.2309049195145363,0.23092096411904572,False,1,spread_hybrid_disc <= 0.12,1.4912185801805153,85,85,0,1,2.22,112,111,6.099274832761822,0.940071803369235,0.0684181718664477,,646,96,2003,6.39,6.38,324,0.85455,Frankfurter 2026-04-30 (ECB),2026-05-04T05:18:59.992409+00:00,ok,,ok,,best_deal,2026-04-18T07:29:29.162671+00:00,7.97,,50,True,8,-0.0242503097893432,8.39625,8.03,1/1,7.1156,7.242,6.808,6.982,7.355,7.402,2.286,8.296,5.242003485299908,8.347855416268485,-0.0964663646949872,0.008,0.0015074688228038,0.0050992514362857,-0.0519169669043156,0.3451696770662289,7,3,2026-05-04T03:52:00.903669+00:00,-0.0006052566359178636,-0.0005357550058458274,-0.0005566054948674382
MP9 | Goo (Factory New),528752590491051165,16481774969,7.55,6.58,0.0547618418932,730,5.4605745,5.4520290000000005,-0.0456307338012856,5.5280304225318755,5.527222942908443,5.527465186795473,5.780278507187836,5.779434181676656,5.77968747933001,0.2678105400620032,0.2679174910055042,0.2678854057224539,0.23440019772346543,0.23451202891699918,0.23447847955893897,False,1,spread_hybrid_disc <= 0.12,1.4912185801805153,85,85,0,1,2.22,112,111,6.099274832761822,0.940071803369235,0.0684181718664477,,658,97,2003,6.39,6.38,324,0.85455,Frankfurter 2026-04-30 (ECB),2026-05-04T05:18:59.992409+00:00,ok,,ok,,best_deal,2026-04-18T07:29:29.162671+00:00,7.97,,50,True,8,-0.0242503097893432,8.39625,8.03,1/1,7.1156,7.242,6.808,6.982,7.355,7.402,2.286,8.296,5.242003485299908,8.347855416268485,-0.0964663646949872,0.008,0.0015074688228038,0.0050992514362857,-0.0519169669043156,0.3451696770662289,7,3,2026-05-04T03:52:00.903669+00:00,0.01235326475847481,0.012205390276873571,0.012249752621353943
MP9 | Goo (Factory New),642467916661348901,51271835241,7.6,6.61,0.05718294158578,659,5.4605745,5.4520290000000005,-0.0456307338012856,5.518552624289563,5.519410639303558,5.519153234799359,5.7703682300569055,5.771265396925602,5.770996246864993,0.2738746546987417,0.2737617579863739,0.2737956270000843,0.24074102236093342,0.24062297408873656,0.24065838857039568,False,1,spread_hybrid_disc <= 0.12,1.4912185801805153,85,85,0,1,2.22,112,111,6.099274832761822,0.940071803369235,0.0684181718664477,,661,99,2003,6.39,6.38,324,0.85455,Frankfurter 2026-04-30 (ECB),2026-05-04T05:18:59.992409+00:00,ok,,ok,,best_deal,2026-04-18T07:29:29.162671+00:00,7.97,,50,True,8,-0.0242503097893432,8.39625,8.03,1/1,7.1156,7.242,6.808,6.982,7.355,7.402,2.286,8.296,5.242003485299908,8.347855416268485,-0.0964663646949872,0.008,0.0015074688228038,0.0050992514362857,-0.0519169669043156,0.3451696770662289,7,3,2026-05-04T03:52:00.903669+00:00,0.010617586902177125,0.010774715976049344,0.010727577253887679
MP9 | Goo (Factory New),520871291142294624,17924597789,7.52,6.55,0.06846798211336,27,5.4605745,5.4520290000000005,-0.0456307338012856,5.453846139343262,5.453583421670257,5.453662236972159,5.7027091407208035,5.702434435047596,5.702516846749559,0.2747545027469066,0.27478943860767857,0.27477895784944695,0.24166101852116972,0.24169754853090464,0.24168658952798416,False,1,spread_hybrid_disc <= 0.12,1.4912185801805153,85,85,0,1,2.22,112,111,6.099274832761822,0.940071803369235,0.0684181718664477,,655,97,2003,6.39,6.38,324,0.85455,Frankfurter 2026-04-30 (ECB),2026-05-04T05:18:59.992409+00:00,ok,,ok,,best_deal,2026-04-18T07:29:29.162671+00:00,7.97,,50,True,8,-0.0242503097893432,8.39625,8.03,1/1,7.1156,7.242,6.808,6.982,7.355,7.402,2.286,8.296,5.242003485299908,8.347855416268485,-0.0964663646949872,0.008,0.0015074688228038,0.0050992514362857,-0.0519169669043156,0.3451696770662289,7,3,2026-05-04T03:52:00.903669+00:00,-0.0012321708378373617,-0.0012802825654595128,-0.0012658490471728675
MP9 | Goo (Factory New),625579418053461022,23312146054,7.54,6.57,0.06962023675442,58,5.4605745,5.4520290000000005,-0.0456307338012856,5.451387065038977,5.450942072500514,5.451075570262053,5.700137857051542,5.699672559177014,5.699812148539372,0.27700436803196593,0.2770633856100113,0.2770456803365977,0.2440135468101403,0.24407525740357905,0.24405674422554757,False,1,spread_hybrid_disc <= 0.12,1.4912185801805153,85,85,0,1,2.22,112,111,6.099274832761822,0.940071803369235,0.0684181718664477,,657,97,2003,6.39,6.38,324,0.85455,Frankfurter 2026-04-30 (ECB),2026-05-04T05:18:59.992409+00:00,ok,,ok,,best_deal,2026-04-18T07:29:29.162671+00:00,7.97,,50,True,8,-0.0242503097893432,8.39625,8.03,1/1,7.1156,7.242,6.808,6.982,7.355,7.402,2.286,8.296,5.242003485299908,8.347855416268485,-0.0964663646949872,0.008,0.0015074688228038,0.0050992514362857,-0.0519169669043156,0.3451696770662289,7,3,2026-05-04T03:52:00.903669+00:00,-0.0016825033631577078,-0.0017639952535186236,-0.0017395476864103488
MP9 | Goo (Factory New),524248990844150139,50907471977,7.55,6.58,0.06743836402893,711,5.4605745,5.4520290000000005,-0.0456307338012856,5.455910562093445,5.45586786553458,5.455880674502239,5.704867764595953,5.704823119761776,5.704836513212029,0.2773628394578218,0.2773684946311815,0.27736679807917364,0.24438837555020487,0.24439428877327474,0.24439251480635382,False,1,spread_hybrid_disc <= 0.12,1.4912185801805153,85,85,0,1,2.22,112,111,6.099274832761822,0.940071803369235,0.0684181718664477,,658,97,2003,6.39,6.38,324,0.85455,Frankfurter 2026-04-30 (ECB),2026-05-04T05:18:59.992409+00:00,ok,,ok,,best_deal,2026-04-18T07:29:29.162671+00:00,7.97,,50,True,8,-0.0242503097893432,8.39625,8.03,1/1,7.1156,7.242,6.808,6.982,7.355,7.402,2.286,8.296,5.242003485299908,8.347855416268485,-0.0964663646949872,0.008,0.0015074688228038,0.0050992514362857,-0.0519169669043156,0.3451696770662289,7,3,2026-05-04T03:52:00.903669+00:00,-0.0008541112123926194,-0.0008619302722488691,-0.0008595845542919942
MP9 | Goo (Factory New),660482407757126866,27906344372,7.66,6.67,0.05472652986646,89,5.4605745,5.4520290000000005,-0.0456307338012856,5.5281170010321405,5.527299226862556,5.52754455911343,5.780369036328599,5.779513946523572,5.77977047346508,0.2783137074370574,0.27842046646702934,0.27838843875803787,0.2453826323330811,0.24549426285593057,0.24546077369907582,False,1,spread_hybrid_disc <= 0.12,1.4912185801805153,85,85,0,1,2.22,112,111,6.099274832761822,0.940071803369235,0.0684181718664477,,667,99,2003,6.39,6.38,324,0.85455,Frankfurter 2026-04-30 (ECB),2026-05-04T05:18:59.992409+00:00,ok,,ok,,best_deal,2026-04-18T07:29:29.162671+00:00,7.97,,50,True,8,-0.0242503097893432,8.39625,8.03,1/1,7.1156,7.242,6.808,6.982,7.355,7.402,2.286,8.296,5.242003485299908,8.347855416268485,-0.0964663646949872,0.008,0.0015074688228038,0.0050992514362857,-0.0519169669043156,0.3451696770662289,7,3,2026-05-04T03:52:00.903669+00:00,0.012369119958374404,0.01221936022712535,0.012264288146500065
MP9 | Goo (Factory New),626705318047910423,30871047111,7.62,6.63,0.06240306422114,690,5.4605745,5.4520290000000005,-0.0456307338012856,5.48025081639443,5.480343430306724,5.480315646133035,5.730318682561602,5.730415522514674,5.730386470528752,0.2808069794757966,0.2807948254190651,0.2807984716360846,0.24798967420451412,0.2479769655492554,0.24798077814583308,False,1,spread_hybrid_disc <= 0.12,1.4912185801805153,85,85,0,1,2.22,112,111,6.099274832761822,0.940071803369235,0.0684181718664477,,663,99,2003,6.39,6.38,324,0.85455,Frankfurter 2026-04-30 (ECB),2026-05-04T05:18:59.992409+00:00,ok,,ok,,best_deal,2026-04-18T07:29:29.162671+00:00,7.97,,50,True,8,-0.0242503097893432,8.39625,8.03,1/1,7.1156,7.242,6.808,6.982,7.355,7.402,2.286,8.296,5.242003485299908,8.347855416268485,-0.0964663646949872,0.008,0.0015074688228038,0.0050992514362857,-0.0519169669043156,0.3451696770662289,7,3,2026-05-04T03:52:00.903669+00:00,0.0036033418085276254,0.0036203022789496335,0.003615214137823031
MP9 | Goo (Factory New),654852815717386951,20966323207,7.63,6.64,0.06393235176802,262,5.4605745,5.4520290000000005,-0.0456307338012856,5.468278347178603,5.466726333851176,5.467191937849404,5.717799900790044,5.716177067955616,5.716663917805945,0.28331869630686723,0.2835221056551539,0.28346108285066784,0.25061600251768756,0.25082869358379867,0.2507648862639653,False,1,spread_hybrid_disc <= 0.12,1.4912185801805153,85,85,0,1,2.22,112,111,6.099274832761822,0.940071803369235,0.0684181718664477,,664,99,2003,6.39,6.38,324,0.85455,Frankfurter 2026-04-30 (ECB),2026-05-04T05:18:59.992409+00:00,ok,,ok,,best_deal,2026-04-18T07:29:29.162671+00:00,7.97,,50,True,8,-0.0242503097893432,8.39625,8.03,1/1,7.1156,7.242,6.808,6.982,7.355,7.402,2.286,8.296,5.242003485299908,8.347855416268485,-0.0964663646949872,0.008,0.0015074688228038,0.0050992514362857,-0.0519169669043156,0.3451696770662289,7,3,2026-05-04T03:52:00.903669+00:00,0.0014108125763331188,0.0011265909568993133,0.0012118574427294549
MP9 | Goo (Factory New),526500790822852217,42512520859,7.79,6.79,0.05784271284938,278,5.4605745,5.4520290000000005,-0.0456307338012856,5.515603989181298,5.517914876150025,5.517221610059407,5.767285046564939,5.76970138100178,5.7689764806707275,0.2919635443926446,0.2916668965147593,0.2917558908781249,0.2596553213652196,0.25934513722698593,0.259438192468456,False,1,spread_hybrid_disc <= 0.12,1.4912185801805153,85,85,0,1,2.22,112,111,6.099274832761822,0.940071803369235,0.0684181718664477,,679,100,2003,6.39,6.38,324,0.85455,Frankfurter 2026-04-30 (ECB),2026-05-04T05:18:59.992409+00:00,ok,,ok,,best_deal,2026-04-18T07:29:29.162671+00:00,7.97,,50,True,8,-0.0242503097893432,8.39625,8.03,1/1,7.1156,7.242,6.808,6.982,7.355,7.402,2.286,8.296,5.242003485299908,8.347855416268485,-0.0964663646949872,0.008,0.0015074688228038,0.0050992514362857,-0.0519169669043156,0.3451696770662289,7,3,2026-05-04T03:52:00.903669+00:00,0.010077600659289308,0.010500795502382665,0.010373837049454658
MP9 | Goo (Factory New),514115891829024222,50689832876,7.84,6.82,0.05871055647731,492,5.4605745,5.4520290000000005,-0.0456307338012856,5.513013787880907,5.514465683891964,5.514030115088647,5.764576652478518,5.766094799569962,5.765639355442529,0.2968094658315169,0.2966242750137801,0.2966798322591011,0.26472236575529107,0.2645287245446477,0.2645868169078407,False,1,spread_hybrid_disc <= 0.12,1.4912185801805153,85,85,0,1,2.22,112,111,6.099274832761822,0.940071803369235,0.0684181718664477,,682,102,2003,6.39,6.38,324,0.85455,Frankfurter 2026-04-30 (ECB),2026-05-04T05:18:59.992409+00:00,ok,,ok,,best_deal,2026-04-18T07:29:29.162671+00:00,7.97,,50,True,8,-0.0242503097893432,8.39625,8.03,1/1,7.1156,7.242,6.808,6.982,7.355,7.402,2.286,8.296,5.242003485299908,8.347855416268485,-0.0964663646949872,0.008,0.0015074688228038,0.0050992514362857,-0.0519169669043156,0.3451696770662289,7,3,2026-05-04T03:52:00.903669+00:00,0.009603254727301568,0.009869141771065258,0.009789375657936151
MP9 | Goo (Factory New),635712517298695147,48726925084,7.97,6.94,0.05887574329972,899,5.4605745,5.4520290000000005,-0.0456307338012856,5.51211234137108,5.513477460364496,5.513067924666471,5.763634072302965,5.765061482677776,5.764633259565333,0.30839242893712926,0.3082211467547684,0.30827253140947664,0.2768338679670056,0.27665477005297656,0.27670849942718534,False,1,spread_hybrid_disc <= 0.12,1.4912185801805153,85,85,0,1,2.22,112,111,6.099274832761822,0.940071803369235,0.0684181718664477,,694,103,2003,6.39,6.38,324,0.85455,Frankfurter 2026-04-30 (ECB),2026-05-04T05:18:59.992409+00:00,ok,,ok,,best_deal,2026-04-18T07:29:29.162671+00:00,7.97,,50,True,8,-0.0242503097893432,8.39625,8.03,1/1,7.1156,7.242,6.808,6.982,7.355,7.402,2.286,8.296,5.242003485299908,8.347855416268485,-0.0964663646949872,0.008,0.0015074688228038,0.0050992514362857,-0.0519169669043156,0.3451696770662289,7,3,2026-05-04T03:52:00.903669+00:00,0.009438172003894444,0.009688167493089971,0.009613168846331312
MP9 | Goo (Factory New),630083017719067158,23525204721,7.9,6.88,0.06885559111834,318,5.4605745,5.4520290000000005,-0.0456307338012856,5.453025245224422,5.452663223123746,5.452771829753949,5.7018507886009475,5.701472247166166,5.701585809596601,0.30974363984500985,0.30978946542737396,0.30977571775266466,0.27824673562013325,0.27829465225744743,0.27828027726625304,False,1,spread_hybrid_disc <= 0.12,1.4912185801805153,85,85,0,1,2.22,112,111,6.099274832761822,0.940071803369235,0.0684181718664477,,688,102,2003,6.39,6.38,324,0.85455,Frankfurter 2026-04-30 (ECB),2026-05-04T05:18:59.992409+00:00,ok,,ok,,best_deal,2026-04-18T07:29:29.162671+00:00,7.97,,50,True,8,-0.0242503097893432,8.39625,8.03,1/1,7.1156,7.242,6.808,6.982,7.355,7.402,2.286,8.296,5.242003485299908,8.347855416268485,-0.0964663646949872,0.008,0.0015074688228038,0.0050992514362857,-0.0519169669043156,0.3451696770662289,7,3,2026-05-04T03:52:00.903669+00:00,-0.0013825019282454254,-0.0014487993664867162,-0.001428910135014329
MP9 | Goo (Factory New),635712517298693851,48726926150,7.97,6.94,0.06960674375296,589,5.4605745,5.4520290000000005,-0.0456307338012856,5.4514157519430535,5.4509701961036505,5.451103862855471,5.700167852960102,5.699701966080798,5.699841732144589,0.3160080612367562,0.3160639653571329,0.3160471941210199,0.2847970071568253,0.28485546222323743,0.2848379257033138,False,1,spread_hybrid_disc <= 0.12,1.4912185801805153,85,85,0,1,2.22,112,111,6.099274832761822,0.940071803369235,0.0684181718664477,,694,103,2003,6.39,6.38,324,0.85455,Frankfurter 2026-04-30 (ECB),2026-05-04T05:18:59.992409+00:00,ok,,ok,,best_deal,2026-04-18T07:29:29.162671+00:00,7.97,,50,True,8,-0.0242503097893432,8.39625,8.03,1/1,7.1156,7.242,6.808,6.982,7.355,7.402,2.286,8.296,5.242003485299908,8.347855416268485,-0.0964663646949872,0.008,0.0015074688228038,0.0050992514362857,-0.0519169669043156,0.3451696770662289,7,3,2026-05-04T03:52:00.903669+00:00,-0.0016772499041898341,-0.0017588449523670746,-0.0017343664379139024
MP9 | Goo (Factory New),509612292225569235,23791156005,8.32,7.24,0.04952409490943,312,5.4605745,5.4520290000000005,-0.0456307338012856,5.543959800103136,5.544640192057001,5.544436074470841,5.796934753946671,5.797646192684662,5.7974327610632646,0.33365867787221926,0.333576899993149,0.3336014333568701,0.3032530343814098,0.30316752491770893,0.3031931777568192,False,1,spread_hybrid_disc <= 0.12,1.4912185801805153,85,85,0,1,2.22,112,111,6.099274832761822,0.940071803369235,0.0684181718664477,,724,108,2003,6.39,6.38,324,0.85455,Frankfurter 2026-04-30 (ECB),2026-05-04T05:18:59.992409+00:00,ok,,ok,,best_deal,2026-04-18T07:29:29.162671+00:00,7.97,,50,True,8,-0.0242503097893432,8.39625,8.03,1/1,7.1156,7.242,6.808,6.982,7.355,7.402,2.286,8.296,5.242003485299908,8.347855416268485,-0.0964663646949872,0.008,0.0015074688228038,0.0050992514362857,-0.0519169669043156,0.3451696770662289,7,3,2026-05-04T03:52:00.903669+00:00,0.015270426235030159,0.015395027035525404,0.015357646795376831
MP9 | Goo (Factory New),631208917646604002,50363520799,8.24,7.18,0.06361440569162,421,5.4605745,5.4520290000000005,-0.0456307338012856,5.470671388083589,5.468320029445394,5.469025437036852,5.720302137907541,5.717843485049255,5.71858108090674,0.33608356940733153,0.3363689284653648,0.33628332074795486,0.3057885754966577,0.3060869556979059,0.3059974416375315,False,1,spread_hybrid_disc <= 0.12,1.4912185801805153,85,85,0,1,2.22,112,111,6.099274832761822,0.940071803369235,0.0684181718664477,,718,106,2003,6.39,6.38,324,0.85455,Frankfurter 2026-04-30 (ECB),2026-05-04T05:18:59.992409+00:00,ok,,ok,,best_deal,2026-04-18T07:29:29.162671+00:00,7.97,,50,True,8,-0.0242503097893432,8.39625,8.03,1/1,7.1156,7.242,6.808,6.982,7.355,7.402,2.286,8.296,5.242003485299908,8.347855416268485,-0.0964663646949872,0.008,0.0015074688228038,0.0050992514362857,-0.0519169669043156,0.3451696770662289,7,3,2026-05-04T03:52:00.903669+00:00,0.0018490523448748384,0.0014184458879544458,0.0015476278250305636
MP9 | Goo (Factory New),652601015928959004,27524929385,8.41,7.32,0.06391828507185,467,5.4605745,5.4520290000000005,-0.0456307338012856,5.4683312390642085,5.4668147108189045,5.467269669292495,5.717855206171201,5.7162694776292335,5.716745196191823,0.3497822545702487,0.34996257897516003,0.3499084816536867,0.3201123417156717,0.32030089445550136,0.32024432863355257,False,1,spread_hybrid_disc <= 0.12,1.4912185801805153,85,85,0,1,2.22,112,111,6.099274832761822,0.940071803369235,0.0684181718664477,,732,109,2003,6.39,6.38,324,0.85455,Frankfurter 2026-04-30 (ECB),2026-05-04T05:18:59.992409+00:00,ok,,ok,,best_deal,2026-04-18T07:29:29.162671+00:00,7.97,,50,True,8,-0.0242503097893432,8.39625,8.03,1/1,7.1156,7.242,6.808,6.982,7.355,7.402,2.286,8.296,5.242003485299908,8.347855416268485,-0.0964663646949872,0.008,0.0015074688228038,0.0050992514362857,-0.0519169669043156,0.3451696770662289,7,3,2026-05-04T03:52:00.903669+00:00,0.0014204987156953197,0.0011427755117899032,0.0012260924729615283
MP9 | Goo (Factory New),648097416157641296,20556174920,8.6,7.49,0.05600728839636,949,5.4605745,5.4520290000000005,-0.0456307338012856,5.524030261712962,5.524122352326907,5.5240947251427235,5.776095816095432,5.776192108871668,5.7761632210387965,0.35767089980081834,0.3576601915898945,0.35766340405317165,0.3283609516168102,0.32834975478236417,0.32835311383269805,False,1,spread_hybrid_disc <= 0.12,1.4912185801805153,85,85,0,1,2.22,112,111,6.099274832761822,0.940071803369235,0.0684181718664477,,749,111,2003,6.39,6.38,324,0.85455,Frankfurter 2026-04-30 (ECB),2026-05-04T05:18:59.992409+00:00,ok,,ok,,best_deal,2026-04-18T07:29:29.162671+00:00,7.97,,50,True,8,-0.0242503097893432,8.39625,8.03,1/1,7.1156,7.242,6.808,6.982,7.355,7.402,2.286,8.296,5.242003485299908,8.347855416268485,-0.0964663646949872,0.008,0.0015074688228038,0.0050992514362857,-0.0519169669043156,0.3451696770662289,7,3,2026-05-04T03:52:00.903669+00:00,0.011620711650937513,0.01163757628925436,0.011632516897759305
MP9 | Goo (Factory New),662733504195041458,44703770425,8.66,7.54,0.04948383197188,316,5.4605745,5.4520290000000005,-0.0456307338012856,5.544109940705473,5.544900073494868,5.54466303365805,5.797091745574866,5.797917932703241,5.797670076564729,0.3598025472626475,0.3597113079105233,0.3597386797161606,0.3305898677165282,0.33049446504581514,0.33052308584702905,False,1,spread_hybrid_disc <= 0.12,1.4912185801805153,85,85,0,1,2.22,112,111,6.099274832761822,0.940071803369235,0.0684181718664477,,754,112,2003,6.39,6.38,324,0.85455,Frankfurter 2026-04-30 (ECB),2026-05-04T05:18:59.992409+00:00,ok,,ok,,best_deal,2026-04-18T07:29:29.162671+00:00,7.97,,50,True,8,-0.0242503097893432,8.39625,8.03,1/1,7.1156,7.242,6.808,6.982,7.355,7.402,2.286,8.296,5.242003485299908,8.347855416268485,-0.0964663646949872,0.008,0.0015074688228038,0.0050992514362857,-0.0519169669043156,0.3451696770662289,7,3,2026-05-04T03:52:00.903669+00:00,0.015297921620787988,0.01544261936081416,0.015399210038806309
MP9 | Goo (Factory New),640216116815490107,50721286721,8.64,7.52,0.0668061748147,48,5.4605745,5.4520290000000005,-0.0456307338012856,5.4571472997302,5.457455091498875,5.457362753968272,5.706160935478593,5.7064827720115305,5.706386221051648,0.3683857291978936,0.3683501051505933,0.36836079236478336,0.3395647065418296,0.33952745694310993,0.3395386318227259,False,1,spread_hybrid_disc <= 0.12,1.4912185801805153,85,85,0,1,2.22,112,111,6.099274832761822,0.940071803369235,0.0684181718664477,,752,112,2003,6.39,6.38,324,0.85455,Frankfurter 2026-04-30 (ECB),2026-05-04T05:18:59.992409+00:00,ok,,ok,,best_deal,2026-04-18T07:29:29.162671+00:00,7.97,,50,True,8,-0.0242503097893432,8.39625,8.03,1/1,7.1156,7.242,6.808,6.982,7.355,7.402,2.286,8.296,5.242003485299908,8.347855416268485,-0.0964663646949872,0.008,0.0015074688228038,0.0050992514362857,-0.0519169669043156,0.3451696770662289,7,3,2026-05-04T03:52:00.903669+00:00,-0.000627626318402966,-0.0005712601304359939,-0.0005881699868260855
MP9 | Goo (Factory New),653726915743887507,20580260533,8.8,7.66,0.05210039764643,274,5.4605745,5.4520290000000005,-0.0456307338012856,5.534475905035603,5.531759405217679,5.532574355163057,5.787018101787912,5.784177646089924,5.785029782799321,0.37108228351868144,0.37139097667980925,0.37129836873147093,0.34238430661501007,0.3427070856715996,0.3426102519546227,False,1,spread_hybrid_disc <= 0.12,1.4912185801805153,85,85,0,1,2.22,112,111,6.099274832761822,0.940071803369235,0.0684181718664477,,766,114,2003,6.39,6.38,324,0.85455,Frankfurter 2026-04-30 (ECB),2026-05-04T05:18:59.992409+00:00,ok,,ok,,best_deal,2026-04-18T07:29:29.162671+00:00,7.97,,50,True,8,-0.0242503097893432,8.39625,8.03,1/1,7.1156,7.242,6.808,6.982,7.355,7.402,2.286,8.296,5.242003485299908,8.347855416268485,-0.0964663646949872,0.008,0.0015074688228038,0.0050992514362857,-0.0519169669043156,0.3451696770662289,7,3,2026-05-04T03:52:00.903669+00:00,0.013533631861556662,0.013036156766596523,0.013185399295084565
MP9 | Goo (Factory New),649223316120750676,51165264633,8.8,7.66,0.05994645133615,677,5.4605745,5.4520290000000005,-0.0456307338012856,5.504509012130748,5.505848776064937,5.50544684688468,5.755683797570063,5.75708469591569,5.7566644264120015,0.37448761225786964,0.3743353663562572,0.374381040126741,0.345945023003402,0.34578583000958074,0.3458335879077271,False,1,spread_hybrid_disc <= 0.12,1.4912185801805153,85,85,0,1,2.22,112,111,6.099274832761822,0.940071803369235,0.0684181718664477,,766,114,2003,6.39,6.38,324,0.85455,Frankfurter 2026-04-30 (ECB),2026-05-04T05:18:59.992409+00:00,ok,,ok,,best_deal,2026-04-18T07:29:29.162671+00:00,7.97,,50,True,8,-0.0242503097893432,8.39625,8.03,1/1,7.1156,7.242,6.808,6.982,7.355,7.402,2.286,8.296,5.242003485299908,8.347855416268485,-0.0964663646949872,0.008,0.0015074688228038,0.0050992514362857,-0.0519169669043156,0.3451696770662289,7,3,2026-05-04T03:52:00.903669+00:00,0.008045767369486007,0.00829111956350688,0.008217513905300617
MP9 | Goo (Factory New),630083017709719038,39503935583,8.8,7.66,0.06088737770915,299,5.4605745,5.4520290000000005,-0.0456307338012856,5.49612982403008,5.496340602032804,5.496277368631987,5.746922260967704,5.7471426569253605,5.747076538138064,0.3754397927238545,0.37541584067809053,0.3754230262918197,0.34694065216276093,0.34691560716757275,0.3469231206661292,False,1,spread_hybrid_disc <= 0.12,1.4912185801805153,85,85,0,1,2.22,112,111,6.099274832761822,0.940071803369235,0.0684181718664477,,766,114,2003,6.39,6.38,324,0.85455,Frankfurter 2026-04-30 (ECB),2026-05-04T05:18:59.992409+00:00,ok,,ok,,best_deal,2026-04-18T07:29:29.162671+00:00,7.97,,50,True,8,-0.0242503097893432,8.39625,8.03,1/1,7.1156,7.242,6.808,6.982,7.355,7.402,2.286,8.296,5.242003485299908,8.347855416268485,-0.0964663646949872,0.008,0.0015074688228038,0.0050992514362857,-0.0519169669043156,0.3451696770662289,7,3,2026-05-04T03:52:00.903669+00:00,0.006511278992728911,0.006549878961051518,0.006538298970554736
MP9 | Goo (Factory New),591801811350730220,33879359559,8.8,7.66,0.06488372385502,387,5.4605745,5.4520290000000005,-0.0456307338012856,5.463661851557464,5.462247473084522,5.462671786626404,5.712972751086121,5.711493833485587,5.711937508765747,0.37912933505028823,0.3792900598767589,0.37924184242881775,0.3507985510129409,0.35096660983118333,0.3509161921857107,False,1,spread_hybrid_disc <= 0.12,1.4912185801805153,85,85,0,1,2.22,112,111,6.099274832761822,0.940071803369235,0.0684181718664477,,766,114,2003,6.39,6.38,324,0.85455,Frankfurter 2026-04-30 (ECB),2026-05-04T05:18:59.992409+00:00,ok,,ok,,best_deal,2026-04-18T07:29:29.162671+00:00,7.97,,50,True,8,-0.0242503097893432,8.39625,8.03,1/1,7.1156,7.242,6.808,6.982,7.355,7.402,2.286,8.296,5.242003485299908,8.347855416268485,-0.0964663646949872,0.008,0.0015074688228038,0.0050992514362857,-0.0519169669043156,0.3451696770662289,7,3,2026-05-04T03:52:00.903669+00:00,0.0005653895130381533,0.0003063730903263755,0.00038407801713990884
MP9 | Goo (Factory New),652601015910420444,48697839760,8.82,7.68,0.06811148673296,264,5.4605745,5.4520290000000005,-0.0456307338012856,5.454582207604546,5.454411907594238,5.45446299759733,5.703478796316978,5.703300725392233,5.703354146669656,0.3815666431287362,0.3815859515199277,0.38158015900257025,0.3533470752475082,0.3533672646947582,0.3533612078605832,False,1,spread_hybrid_disc <= 0.12,1.4912185801805153,85,85,0,1,2.22,112,111,6.099274832761822,0.940071803369235,0.0684181718664477,,768,114,2003,6.39,6.38,324,0.85455,Frankfurter 2026-04-30 (ECB),2026-05-04T05:18:59.992409+00:00,ok,,ok,,best_deal,2026-04-18T07:29:29.162671+00:00,7.97,,50,True,8,-0.0242503097893432,8.39625,8.03,1/1,7.1156,7.242,6.808,6.982,7.355,7.402,2.286,8.296,5.242003485299908,8.347855416268485,-0.0964663646949872,0.008,0.0015074688228038,0.0050992514362857,-0.0519169669043156,0.3451696770662289,7,3,2026-05-04T03:52:00.903669+00:00,-0.001097373984267353,-0.0011285611808357992,-0.0011192050218652653
MP9 | Goo (Factory New),633460717425656245,49721616627,8.93,7.78,0.05801387131214,217,5.4605745,5.4520290000000005,-0.0456307338012856,5.515011859900257,5.517806172235169,5.516967878534695,5.766665897990299,5.769587716847522,5.768711171190355,0.3824174848935882,0.3821045719781446,0.38219844585277774,0.35423674154643914,0.3539095501850479,0.3540077075934652,False,1,spread_hybrid_disc <= 0.12,1.4912185801805153,85,85,0,1,2.22,112,111,6.099274832761822,0.940071803369235,0.0684181718664477,,778,115,2003,6.39,6.38,324,0.85455,Frankfurter 2026-04-30 (ECB),2026-05-04T05:18:59.992409+00:00,ok,,ok,,best_deal,2026-04-18T07:29:29.162671+00:00,7.97,,50,True,8,-0.0242503097893432,8.39625,8.03,1/1,7.1156,7.242,6.808,6.982,7.355,7.402,2.286,8.296,5.242003485299908,8.347855416268485,-0.0964663646949872,0.008,0.0015074688228038,0.0050992514362857,-0.0519169669043156,0.3451696770662289,7,3,2026-05-04T03:52:00.903669+00:00,0.009969163482753798,0.010480888455082597,0.010327370963383957
MP9 | Goo (Factory New),641341944860758843,22242996568,8.87,7.72,0.06866893172264,998,5.4605745,5.4520290000000005,-0.0456307338012856,5.45342267854103,5.453106741927958,5.45320152291188,5.70226635709143,5.701936004058869,5.702035109968637,0.3851834635241228,0.38521908208253,0.3852083965150078,0.35712893381156363,0.35716617767092795,0.35715500451311866,False,1,spread_hybrid_disc <= 0.12,1.4912185801805153,85,85,0,1,2.22,112,111,6.099274832761822,0.940071803369235,0.0684181718664477,,772,115,2003,6.39,6.38,324,0.85455,Frankfurter 2026-04-30 (ECB),2026-05-04T05:18:59.992409+00:00,ok,,ok,,best_deal,2026-04-18T07:29:29.162671+00:00,7.97,,50,True,8,-0.0242503097893432,8.39625,8.03,1/1,7.1156,7.242,6.808,6.982,7.355,7.402,2.286,8.296,5.242003485299908,8.347855416268485,-0.0964663646949872,0.008,0.0015074688228038,0.0050992514362857,-0.0519169669043156,0.3451696770662289,7,3,2026-05-04T03:52:00.903669+00:00,-0.0013097196016590637,-0.0013675773624262128,-0.001350220034196068
MP9 | Goo (Factory New),627831217903193792,19450057893,8.97,7.8,0.06264113634825,876,5.4605745,5.4520290000000005,-0.0456307338012856,5.47778714865147,5.477362770683038,5.477490084073567,5.727742595851688,5.727298853205148,5.727431975999109,0.3893213881102041,0.3893686989205086,0.38935450567741725,0.3614556749329222,0.36150514457021765,0.3614903036790291,False,1,spread_hybrid_disc <= 0.12,1.4912185801805153,85,85,0,1,2.22,112,111,6.099274832761822,0.940071803369235,0.0684181718664477,,780,117,2003,6.39,6.38,324,0.85455,Frankfurter 2026-04-30 (ECB),2026-05-04T05:18:59.992409+00:00,ok,,ok,,best_deal,2026-04-18T07:29:29.162671+00:00,7.97,,50,True,8,-0.0242503097893432,8.39625,8.03,1/1,7.1156,7.242,6.808,6.982,7.355,7.402,2.286,8.296,5.242003485299908,8.347855416268485,-0.0964663646949872,0.008,0.0015074688228038,0.0050992514362857,-0.0519169669043156,0.3451696770662289,7,3,2026-05-04T03:52:00.903669+00:00,0.00315216808258368,0.0030744513572771304,0.003097766374869095
MP9 | Goo (Factory New),632334817614247535,17658687787,9.0,7.83,0.06409142166376,51,5.4605745,5.4520290000000005,-0.0456307338012856,5.467680231841004,5.465726943882653,5.466312930270158,5.717174493010692,5.7151320750894765,5.715744800465841,0.39247997423988845,0.3926970062352608,0.3926318966366491,0.3647583896654787,0.3649853249900582,0.36491724439268436,False,1,spread_hybrid_disc <= 0.12,1.4912185801805153,85,85,0,1,2.22,112,111,6.099274832761822,0.940071803369235,0.0684181718664477,,783,117,2003,6.39,6.38,324,0.85455,Frankfurter 2026-04-30 (ECB),2026-05-04T05:18:59.992409+00:00,ok,,ok,,best_deal,2026-04-18T07:29:29.162671+00:00,7.97,,50,True,8,-0.0242503097893432,8.39625,8.03,1/1,7.1156,7.242,6.808,6.982,7.355,7.402,2.286,8.296,5.242003485299908,8.347855416268485,-0.0964663646949872,0.008,0.0015074688228038,0.0050992514362857,-0.0519169669043156,0.3451696770662289,7,3,2026-05-04T03:52:00.903669+00:00,0.0013012791677879327,0.0009435717583659001,0.00105088398119251
MP9 | Goo (Factory New),642467916671589569,51068084165,9.0,7.83,0.06753250956535,354,5.4605745,5.4520290000000005,-0.0456307338012856,5.455727911725742,5.455670008593324,5.45568737953305,5.704676779757943,5.704616234463103,5.704634398051556,0.3938080098082509,0.3938144434896307,0.3938125133852167,0.36614702447133973,0.3661537517263219,0.3661517335498271,False,1,spread_hybrid_disc <= 0.12,1.4912185801805153,85,85,0,1,2.22,112,111,6.099274832761822,0.940071803369235,0.0684181718664477,,783,117,2003,6.39,6.38,324,0.85455,Frankfurter 2026-04-30 (ECB),2026-05-04T05:18:59.992409+00:00,ok,,ok,,best_deal,2026-04-18T07:29:29.162671+00:00,7.97,,50,True,8,-0.0242503097893432,8.39625,8.03,1/1,7.1156,7.242,6.808,6.982,7.355,7.402,2.286,8.296,5.242003485299908,8.347855416268485,-0.0964663646949872,0.008,0.0015074688228038,0.0050992514362857,-0.0519169669043156,0.3451696770662289,7,3,2026-05-04T03:52:00.903669+00:00,-0.000887560141200941,-0.0008981639947730081,-0.0008949828387013881
MP9 | Goo (Factory New),606438509292389765,34922049687,9.2,8.0,0.04559956490993,665,5.4605745,5.4520290000000005,-0.0456307338012856,5.56002683377622,5.572197085290586,5.568546009836276,5.8137349381562675,5.8264605271777805,5.822642850471326,0.39564925719823685,0.3943264037727623,0.3947232598004047,0.36807228933084046,0.36668907313284993,0.3671040379922471,False,1,spread_hybrid_disc <= 0.12,1.4912185801805153,85,85,0,1,2.22,112,111,6.099274832761822,0.940071803369235,0.0684181718664477,,800,120,2003,6.39,6.38,324,0.85455,Frankfurter 2026-04-30 (ECB),2026-05-04T05:18:59.992409+00:00,ok,,ok,,best_deal,2026-04-18T07:29:29.162671+00:00,7.97,,50,True,8,-0.0242503097893432,8.39625,8.03,1/1,7.1156,7.242,6.808,6.982,7.355,7.402,2.286,8.296,5.242003485299908,8.347855416268485,-0.0964663646949872,0.008,0.0015074688228038,0.0050992514362857,-0.0519169669043156,0.3451696770662289,7,3,2026-05-04T03:52:00.903669+00:00,0.018212796799351554,0.020441546084681298,0.019772921299082376
MP9 | Goo (Factory New),722406200557980218,17821876599,9.15,7.97,0.05464778840542,113,5.4605745,5.4520290000000005,-0.0456307338012856,5.52831006040128,5.527469330664436,5.52772154958549,5.780570905138419,5.779691812286755,5.779955540142255,0.39581310815286563,0.3959049911842146,0.39587742627480993,0.36824361692476293,0.3683396926462563,0.3683108699298082,False,1,spread_hybrid_disc <= 0.12,1.4912185801805153,85,85,0,1,2.22,112,111,6.099274832761822,0.940071803369235,0.0684181718664477,,797,118,2003,6.39,6.38,324,0.85455,Frankfurter 2026-04-30 (ECB),2026-05-04T05:18:59.992409+00:00,ok,,ok,,best_deal,2026-04-18T07:29:29.162671+00:00,7.97,,50,True,8,-0.0242503097893432,8.39625,8.03,1/1,7.1156,7.242,6.808,6.982,7.355,7.402,2.286,8.296,5.242003485299908,8.347855416268485,-0.0964663646949872,0.008,0.0015074688228038,0.0050992514362857,-0.0519169669043156,0.3451696770662289,7,3,2026-05-04T03:52:00.903669+00:00,0.012404475097131166,0.012250511491865273,0.01229670057344504
MP9 | Goo (Factory New),651475044033562986,51208298441,9.14,7.96,0.05848953127861,487,5.4605745,5.4520290000000005,-0.0456307338012856,5.51417724864567,5.515659618233398,5.5152149073570795,5.765793202811726,5.767343214011507,5.766878210651572,0.39669833165802293,0.39653614680159766,0.3965848022585252,0.3691692338280388,0.36899964835760324,0.36905052399873395,False,1,spread_hybrid_disc <= 0.12,1.4912185801805153,85,85,0,1,2.22,112,111,6.099274832761822,0.940071803369235,0.0684181718664477,,796,118,2003,6.39,6.38,324,0.85455,Frankfurter 2026-04-30 (ECB),2026-05-04T05:18:59.992409+00:00,ok,,ok,,best_deal,2026-04-18T07:29:29.162671+00:00,7.97,,50,True,8,-0.0242503097893432,8.39625,8.03,1/1,7.1156,7.242,6.808,6.982,7.355,7.402,2.286,8.296,5.242003485299908,8.347855416268485,-0.0964663646949872,0.008,0.0015074688228038,0.0050992514362857,-0.0519169669043156,0.3451696770662289,7,3,2026-05-04T03:52:00.903669+00:00,0.009816320360736968,0.01008778805845396,0.010006347749138864
MP9 | Goo (Factory New),627831145974656780,42673967819,9.2,8.0,0.05870893970132,134,5.4605745,5.4520290000000005,-0.0456307338012856,5.513024136285717,5.514474844776256,5.514039632229093,5.764587473088633,5.766104378472127,5.765649306857078,0.40075824605590027,0.4006005603504069,0.40064786606205505,0.37341440509906165,0.3732495240791166,0.3732989883851001,False,1,spread_hybrid_disc <= 0.12,1.4912185801805153,85,85,0,1,2.22,112,111,6.099274832761822,0.940071803369235,0.0684181718664477,,800,120,2003,6.39,6.38,324,0.85455,Frankfurter 2026-04-30 (ECB),2026-05-04T05:18:59.992409+00:00,ok,,ok,,best_deal,2026-04-18T07:29:29.162671+00:00,7.97,,50,True,8,-0.0242503097893432,8.39625,8.03,1/1,7.1156,7.242,6.808,6.982,7.355,7.402,2.286,8.296,5.242003485299908,8.347855416268485,-0.0964663646949872,0.008,0.0015074688228038,0.0050992514362857,-0.0519169669043156,0.3451696770662289,7,3,2026-05-04T03:52:00.903669+00:00,0.009605149840134365,0.00987081941218017,0.009791118540566428
MP9 | Goo (Factory New),658230515407249934,24162765808,9.2,8.0,0.06392791867256,872,5.4605745,5.4520290000000005,-0.0456307338012856,5.468295015966719,5.466754185702788,5.467216434781967,5.717817330187193,5.716206190707656,5.716689532551517,0.40562010696013917,0.4057875885105665,0.40573734404543826,0.37849811628400065,0.3786732401404722,0.3786207029835307,False,1,spread_hybrid_disc <= 0.12,1.4912185801805153,85,85,0,1,2.22,112,111,6.099274832761822,0.940071803369235,0.0684181718664477,,800,120,2003,6.39,6.38,324,0.85455,Frankfurter 2026-04-30 (ECB),2026-05-04T05:18:59.992409+00:00,ok,,ok,,best_deal,2026-04-18T07:29:29.162671+00:00,7.97,,50,True,8,-0.0242503097893432,8.39625,8.03,1/1,7.1156,7.242,6.808,6.982,7.355,7.402,2.286,8.296,5.242003485299908,8.347855416268485,-0.0964663646949872,0.008,0.0015074688228038,0.0050992514362857,-0.0519169669043156,0.3451696770662289,7,3,2026-05-04T03:52:00.903669+00:00,0.0014138651467386061,0.0011316914919461034,0.0012163435883838542
MP9 | Goo (Factory New),643593816533402953,19444092602,9.2,8.0,0.06716546416283,83,5.4605745,5.4520290000000005,-0.0456307338012856,5.456437727584829,5.456456690999132,5.456451001974841,5.705418985035544,5.705438813764357,5.705432865145713,0.40690894265382294,0.4069068814131378,0.40690749978534335,0.37984576249613655,0.37984360719952637,0.3798442537885094,False,1,spread_hybrid_disc <= 0.12,1.4912185801805153,85,85,0,1,2.22,112,111,6.099274832761822,0.940071803369235,0.0684181718664477,,800,120,2003,6.39,6.38,324,0.85455,Frankfurter 2026-04-30 (ECB),2026-05-04T05:18:59.992409+00:00,ok,,ok,,best_deal,2026-04-18T07:29:29.162671+00:00,7.97,,50,True,8,-0.0242503097893432,8.39625,8.03,1/1,7.1156,7.242,6.808,6.982,7.355,7.402,2.286,8.296,5.242003485299908,8.347855416268485,-0.0964663646949872,0.008,0.0015074688228038,0.0050992514362857,-0.0519169669043156,0.3451696770662289,7,3,2026-05-04T03:52:00.903669+00:00,-0.0007575709140441345,-0.000754098126647334,-0.0007551399628663741
MP9 | Goo (Factory New),630081676859689266,43248990837,9.2,8.0,0.06805436313152,994,5.4605745,5.4520290000000005,-0.0456307338012856,5.4546969518494,5.454539303445365,5.454586597966576,5.703598776425924,5.703433934409531,5.703483387014448,0.40709815740767386,0.4071152931037646,0.4071101523949374,0.38004361125805175,0.3800615288685293,0.380056153585386,False,1,spread_hybrid_disc <= 0.12,1.4912185801805153,85,85,0,1,2.22,112,111,6.099274832761822,0.940071803369235,0.0684181718664477,,800,120,2003,6.39,6.38,324,0.85455,Frankfurter 2026-04-30 (ECB),2026-05-04T05:18:59.992409+00:00,ok,,ok,,best_deal,2026-04-18T07:29:29.162671+00:00,7.97,,50,True,8,-0.0242503097893432,8.39625,8.03,1/1,7.1156,7.242,6.808,6.982,7.355,7.402,2.286,8.296,5.242003485299908,8.347855416268485,-0.0964663646949872,0.008,0.0015074688228038,0.0050992514362857,-0.0519169669043156,0.3451696770662289,7,3,2026-05-04T03:52:00.903669+00:00,-0.0010763607658131101,-0.0011052310621591606,-0.0010965699732553454
MP9 | Goo (Factory New),640216044968695595,47963121029,9.26,8.06,0.06642913818359,388,5.4605745,5.4520290000000005,-0.0456307338012856,5.457956606990911,5.4581330694444885,5.458080130708415,5.707007172023482,5.7071916865883034,5.707136332218856,0.41058783941782817,0.41056878299735544,0.41057449992349737,0.38369253001906245,0.38367260404014003,0.38367858183381687,False,1,spread_hybrid_disc <= 0.12,1.4912185801805153,85,85,0,1,2.22,112,111,6.099274832761822,0.940071803369235,0.0684181718664477,,806,120,2003,6.39,6.38,324,0.85455,Frankfurter 2026-04-30 (ECB),2026-05-04T05:18:59.992409+00:00,ok,,ok,,best_deal,2026-04-18T07:29:29.162671+00:00,7.97,,50,True,8,-0.0242503097893432,8.39625,8.03,1/1,7.1156,7.242,6.808,6.982,7.355,7.402,2.286,8.296,5.242003485299908,8.347855416268485,-0.0964663646949872,0.008,0.0015074688228038,0.0050992514362857,-0.0519169669043156,0.3451696770662289,7,3,2026-05-04T03:52:00.903669+00:00,-0.00047941713991613065,-0.00044710140947836543,-0.00045679612860969503
MP9 | Goo (Factory New),641342016852416203,14495201353,9.47,8.24,0.04905639216304,243,5.4605745,5.4520290000000005,-0.0456307338012856,5.5457292644181475,5.5477475230073825,5.547142045430612,5.798784960216811,5.800895313426474,5.800262207463575,0.41438972920610906,0.41417660791896704,0.4142405443051096,0.3876679028282143,0.38744505666035123,0.3875119105107101,False,1,spread_hybrid_disc <= 0.12,1.4912185801805153,85,85,0,1,2.22,112,111,6.099274832761822,0.940071803369235,0.0684181718664477,,824,123,2003,6.39,6.38,324,0.85455,Frankfurter 2026-04-30 (ECB),2026-05-04T05:18:59.992409+00:00,ok,,ok,,best_deal,2026-04-18T07:29:29.162671+00:00,7.97,,50,True,8,-0.0242503097893432,8.39625,8.03,1/1,7.1156,7.242,6.808,6.982,7.355,7.402,2.286,8.296,5.242003485299908,8.347855416268485,-0.0964663646949872,0.008,0.0015074688228038,0.0050992514362857,-0.0519169669043156,0.3451696770662289,7,3,2026-05-04T03:52:00.903669+00:00,0.015594469852603729,0.015964075393053046,0.01585319373091825
MP9 | Goo (Factory New),789960193675266998,34154015055,9.39,8.18,0.06060454621911,384,5.4605745,5.4520290000000005,-0.0456307338012856,5.4987602589491456,5.4991577468380815,5.499038500471402,5.749672724562342,5.750088350115328,5.749963662449433,0.4144025283334244,0.414360197354837,0.41437289664841304,0.387681285989101,0.3876370234168981,0.3876503021885588,False,1,spread_hybrid_disc <= 0.12,1.4912185801805153,85,85,0,1,2.22,112,111,6.099274832761822,0.940071803369235,0.0684181718664477,,818,121,2003,6.39,6.38,324,0.85455,Frankfurter 2026-04-30 (ECB),2026-05-04T05:18:59.992409+00:00,ok,,ok,,best_deal,2026-04-18T07:29:29.162671+00:00,7.97,,50,True,8,-0.0242503097893432,8.39625,8.03,1/1,7.1156,7.242,6.808,6.982,7.355,7.402,2.286,8.296,5.242003485299908,8.347855416268485,-0.0964663646949872,0.008,0.0015074688228038,0.0050992514362857,-0.0519169669043156,0.3451696770662289,7,3,2026-05-04T03:52:00.903669+00:00,0.006992992944084196,0.007065785264550891,0.007043947568410883
MP9 | Goo (Factory New),502856892564289084,50674867120,9.49,8.26,0.05455916374922,186,5.4605745,5.4520290000000005,-0.0456307338012856,5.528502866544725,5.527648402040381,5.527904741391684,5.780772509167672,5.779879054820987,5.780147091124992,0.41743910784565597,0.4175291462549652,0.41750213473217235,0.3908564268527216,0.39095057378071796,0.390922329702319,False,1,spread_hybrid_disc <= 0.12,1.4912185801805153,85,85,0,1,2.22,112,111,6.099274832761822,0.940071803369235,0.0684181718664477,,826,123,2003,6.39,6.38,324,0.85455,Frankfurter 2026-04-30 (ECB),2026-05-04T05:18:59.992409+00:00,ok,,ok,,best_deal,2026-04-18T07:29:29.162671+00:00,7.97,,50,True,8,-0.0242503097893432,8.39625,8.03,1/1,7.1156,7.242,6.808,6.982,7.355,7.402,2.286,8.296,5.242003485299908,8.347855416268485,-0.0964663646949872,0.008,0.0015074688228038,0.0050992514362857,-0.0519169669043156,0.3451696770662289,7,3,2026-05-04T03:52:00.903669+00:00,0.012439783862435261,0.01228330499664116,0.012330248656379392
MP9 | Goo (Factory New),503981618200047369,12247479613,9.54,8.3,0.05985660478473,173,5.4605745,5.4520290000000005,-0.0456307338012856,5.505270683819437,5.506690324180314,5.506264432072051,5.756480224896823,5.757964644489101,5.7575193186114175,0.4229276012767885,0.4227787920146421,0.422823434793286,0.3965953642665804,0.39643976472860576,0.39648644458999815,False,1,spread_hybrid_disc <= 0.12,1.4912185801805153,85,85,0,1,2.22,112,111,6.099274832761822,0.940071803369235,0.0684181718664477,,830,124,2003,6.39,6.38,324,0.85455,Frankfurter 2026-04-30 (ECB),2026-05-04T05:18:59.992409+00:00,ok,,ok,,best_deal,2026-04-18T07:29:29.162671+00:00,7.97,,50,True,8,-0.0242503097893432,8.39625,8.03,1/1,7.1156,7.242,6.808,6.982,7.355,7.402,2.286,8.296,5.242003485299908,8.347855416268485,-0.0964663646949872,0.008,0.0015074688228038,0.0050992514362857,-0.0519169669043156,0.3451696770662289,7,3,2026-05-04T03:52:00.903669+00:00,0.008185253002122304,0.008445233039181758,0.008367239028063921
MP9 | Goo (Factory New),591801811373519588,51057410974,9.61,8.37,0.05620381981134,570,5.4605745,5.4520290000000005,-0.0456307338012856,5.523200735918126,5.523305373895194,5.523273982502072,5.77522843842987,5.775337851114616,5.775305027309191,0.4252652720168443,0.4252543835696989,0.42525765010384264,0.3990397046378906,0.39902831934291194,0.39903173493140576,False,1,spread_hybrid_disc <= 0.12,1.4912185801805153,85,85,0,1,2.22,112,111,6.099274832761822,0.940071803369235,0.0684181718664477,,837,124,2003,6.39,6.38,324,0.85455,Frankfurter 2026-04-30 (ECB),2026-05-04T05:18:59.992409+00:00,ok,,ok,,best_deal,2026-04-18T07:29:29.162671+00:00,7.97,,50,True,8,-0.0242503097893432,8.39625,8.03,1/1,7.1156,7.242,6.808,6.982,7.355,7.402,2.286,8.296,5.242003485299908,8.347855416268485,-0.0964663646949872,0.008,0.0015074688228038,0.0050992514362857,-0.0519169669043156,0.3451696770662289,7,3,2026-05-04T03:52:00.903669+00:00,0.01146879983381335,0.011487962282209213,0.011482213547690454
MP9 | Goo (Factory New),743798298776366375,50977794122,9.75,8.49,0.05184091627598,229,5.4605745,5.4520290000000005,-0.0456307338012856,5.535446914916455,5.531936442967504,5.5329895845521895,5.788033419562155,5.784362762202186,5.785463959410176,0.4322618548803636,0.4326219032853842,0.432513888763878,0.4063555467115738,0.4067320243895194,0.40661908108613576,False,1,spread_hybrid_disc <= 0.12,1.4912185801805153,85,85,0,1,2.22,112,111,6.099274832761822,0.940071803369235,0.0684181718664477,,849,126,2003,6.39,6.38,324,0.85455,Frankfurter 2026-04-30 (ECB),2026-05-04T05:18:59.992409+00:00,ok,,ok,,best_deal,2026-04-18T07:29:29.162671+00:00,7.97,,50,True,8,-0.0242503097893432,8.39625,8.03,1/1,7.1156,7.242,6.808,6.982,7.355,7.402,2.286,8.296,5.242003485299908,8.347855416268485,-0.0964663646949872,0.008,0.0015074688228038,0.0050992514362857,-0.0519169669043156,0.3451696770662289,7,3,2026-05-04T03:52:00.903669+00:00,0.013711453788691156,0.013068577851561998,0.013261440632700745
MP9 | Goo (Factory New),598557211231099203,34896478165,9.81,8.54,0.05013114586473,250,5.4605745,5.4520290000000005,-0.0456307338012856,5.5417167824408144,5.540800181893213,5.541075162057493,5.794589385742488,5.793630960039297,5.793918487750254,0.4350951292109262,0.4351885645368794,0.4351605339390935,0.40931810542890035,0.4094158042773398,0.40938649462280796,False,1,spread_hybrid_disc <= 0.12,1.4912185801805153,85,85,0,1,2.22,112,111,6.099274832761822,0.940071803369235,0.0684181718664477,,854,127,2003,6.39,6.38,324,0.85455,Frankfurter 2026-04-30 (ECB),2026-05-04T05:18:59.992409+00:00,ok,,ok,,best_deal,2026-04-18T07:29:29.162671+00:00,7.97,,50,True,8,-0.0242503097893432,8.39625,8.03,1/1,7.1156,7.242,6.808,6.982,7.355,7.402,2.286,8.296,5.242003485299908,8.347855416268485,-0.0964663646949872,0.008,0.0015074688228038,0.0050992514362857,-0.0519169669043156,0.3451696770662289,7,3,2026-05-04T03:52:00.903669+00:00,0.014859660360061993,0.014691802463863934,0.014742159832723352
MP9 | Goo (Factory New),643593206203291220,48932362535,9.79,8.52,0.05390557646751,936,5.4605745,5.4520290000000005,-0.0456307338012856,5.529546715197871,5.528895413307069,5.529090803874309,5.781863989400838,5.781182968126832,5.781387274509034,0.43518419660900187,0.4352507238705752,0.43523076569210317,0.409411237037708,0.4094807999870447,0.40945993110224366,False,1,spread_hybrid_disc <= 0.12,1.4912185801805153,85,85,0,1,2.22,112,111,6.099274832761822,0.940071803369235,0.0684181718664477,,852,127,2003,6.39,6.38,324,0.85455,Frankfurter 2026-04-30 (ECB),2026-05-04T05:18:59.992409+00:00,ok,,ok,,best_deal,2026-04-18T07:29:29.162671+00:00,7.97,,50,True,8,-0.0242503097893432,8.39625,8.03,1/1,7.1156,7.242,6.808,6.982,7.355,7.402,2.286,8.296,5.242003485299908,8.347855416268485,-0.0964663646949872,0.008,0.0015074688228038,0.0050992514362857,-0.0519169669043156,0.3451696770662289,7,3,2026-05-04T03:52:00.903669+00:00,0.012630944820525979,0.012511671309872012,0.0125474533630682
MP9 | Goo (Factory New),743798298775180679,16294560006,9.78,8.51,0.05982431024313,207,5.4605745,5.4520290000000005,-0.0456307338012856,5.505544459914871,5.506992811144931,5.506558305775913,5.756766493596389,5.758280934155879,5.7578266019880315,0.43706089366923606,0.4369128004964282,0.43695722844827056,0.41137356916192336,0.4112187183889694,0.4112651736208557,False,1,spread_hybrid_disc <= 0.12,1.4912185801805153,85,85,0,1,2.22,112,111,6.099274832761822,0.940071803369235,0.0684181718664477,,851,127,2003,6.39,6.38,324,0.85455,Frankfurter 2026-04-30 (ECB),2026-05-04T05:18:59.992409+00:00,ok,,ok,,best_deal,2026-04-18T07:29:29.162671+00:00,7.97,,50,True,8,-0.0242503097893432,8.39625,8.03,1/1,7.1156,7.242,6.808,6.982,7.355,7.402,2.286,8.296,5.242003485299908,8.347855416268485,-0.0964663646949872,0.008,0.0015074688228038,0.0050992514362857,-0.0519169669043156,0.3451696770662289,7,3,2026-05-04T03:52:00.903669+00:00,0.00823538986875302,0.008500627753532412,0.008421056388098595
MP9 | Goo (Factory New),662733504203152042,31967772877,9.73,8.47,0.06444724649191,611,5.4605745,5.4520290000000005,-0.0456307338012856,5.466247208456658,5.463874638176332,5.46458640926043,5.715676079717764,5.713195247314552,5.713939497035516,0.43820686449571855,0.4384507052233986,0.4383775530050946,0.41257183147813326,0.4128267988371478,0.4127503086294434,False,1,spread_hybrid_disc <= 0.12,1.4912185801805153,85,85,0,1,2.22,112,111,6.099274832761822,0.940071803369235,0.0684181718664477,,847,126,2003,6.39,6.38,324,0.85455,Frankfurter 2026-04-30 (ECB),2026-05-04T05:18:59.992409+00:00,ok,,ok,,best_deal,2026-04-18T07:29:29.162671+00:00,7.97,,50,True,8,-0.0242503097893432,8.39625,8.03,1/1,7.1156,7.242,6.808,6.982,7.355,7.402,2.286,8.296,5.242003485299908,8.347855416268485,-0.0964663646949872,0.008,0.0015074688228038,0.0050992514362857,-0.0519169669043156,0.3451696770662289,7,3,2026-05-04T03:52:00.903669+00:00,0.001038848285406295,0.0006043573210715803,0.0007347046103719947
MP9 | Goo (Factory New),689755100899349877,24634591698,9.86,8.59,0.05500332638621,605,5.4605745,5.4520290000000005,-0.0456307338012856,5.527299418769719,5.526586381560597,5.526800292723333,5.7795141471876,5.778768573567399,5.778992245653459,0.4394219656420163,0.4394942817889861,0.4394725869448952,0.4138423785813793,0.4139179945672008,0.4138953097714544,False,1,spread_hybrid_disc <= 0.12,1.4912185801805153,85,85,0,1,2.22,112,111,6.099274832761822,0.940071803369235,0.0684181718664477,,859,127,2003,6.39,6.38,324,0.85455,Frankfurter 2026-04-30 (ECB),2026-05-04T05:18:59.992409+00:00,ok,,ok,,best_deal,2026-04-18T07:29:29.162671+00:00,7.97,,50,True,8,-0.0242503097893432,8.39625,8.03,1/1,7.1156,7.242,6.808,6.982,7.355,7.402,2.286,8.296,5.242003485299908,8.347855416268485,-0.0964663646949872,0.008,0.0015074688228038,0.0050992514362857,-0.0519169669043156,0.3451696770662289,7,3,2026-05-04T03:52:00.903669+00:00,0.012219395371259678,0.0120888162153264,0.012127989962106383
MP9 | Goo (Factory New),556898911205426953,23053984628,9.84,8.57,0.05908923596144,692,5.4605745,5.4520290000000005,-0.0456307338012856,5.51091381235054,5.512167080741007,5.511791100223866,5.7623808535237355,5.7636913094705085,5.7632981726864765,0.43994778329770934,0.43982041862388144,0.4398586280260298,0.4143921896825472,0.4142590132651922,0.41429896619039874,False,1,spread_hybrid_disc <= 0.12,1.4912185801805153,85,85,0,1,2.22,112,111,6.099274832761822,0.940071803369235,0.0684181718664477,,857,127,2003,6.39,6.38,324,0.85455,Frankfurter 2026-04-30 (ECB),2026-05-04T05:18:59.992409+00:00,ok,,ok,,best_deal,2026-04-18T07:29:29.162671+00:00,7.97,,50,True,8,-0.0242503097893432,8.39625,8.03,1/1,7.1156,7.242,6.808,6.982,7.355,7.402,2.286,8.296,5.242003485299908,8.347855416268485,-0.0964663646949872,0.008,0.0015074688228038,0.0050992514362857,-0.0519169669043156,0.3451696770662289,7,3,2026-05-04T03:52:00.903669+00:00,0.009218684288720927,0.009448196474749487,0.009379342818940917
MP9 | Goo (Factory New),627827974601084739,20754152266,9.78,8.51,0.06482230126858,969,5.4605745,5.4520290000000005,-0.0456307338012856,5.464019435523201,5.462420623377184,5.46290026702099,5.713346651870611,5.711674884753161,5.712176414888396,0.44130680618372176,0.4414702839082634,0.4414212405909008,0.41581322578010105,0.41598416311317366,0.41593288191325195,False,1,spread_hybrid_disc <= 0.12,1.4912185801805153,85,85,0,1,2.22,112,111,6.099274832761822,0.940071803369235,0.0684181718664477,,851,127,2003,6.39,6.38,324,0.85455,Frankfurter 2026-04-30 (ECB),2026-05-04T05:18:59.992409+00:00,ok,,ok,,best_deal,2026-04-18T07:29:29.162671+00:00,7.97,,50,True,8,-0.0242503097893432,8.39625,8.03,1/1,7.1156,7.242,6.808,6.982,7.355,7.402,2.286,8.296,5.242003485299908,8.347855416268485,-0.0964663646949872,0.008,0.0015074688228038,0.0050992514362857,-0.0519169669043156,0.3451696770662289,7,3,2026-05-04T03:52:00.903669+00:00,0.0006308741915709533,0.0003380822617078573,0.00042591984066678605
MP9 | Goo (Factory New),648097416147994232,28556521199,9.78,8.51,0.06720389425755,392,5.4605745,5.4520290000000005,-0.0456307338012856,5.456363345764441,5.456370049684655,5.456368038508591,5.70534120911811,5.705348218943123,5.70534611599562,0.4420896374473987,0.4420889519749841,0.4420891576167084,0.41663177820878217,0.4166310614577583,0.4166312764830654,False,1,spread_hybrid_disc <= 0.12,1.4912185801805153,85,85,0,1,2.22,112,111,6.099274832761822,0.940071803369235,0.0684181718664477,,851,127,2003,6.39,6.38,324,0.85455,Frankfurter 2026-04-30 (ECB),2026-05-04T05:18:59.992409+00:00,ok,,ok,,best_deal,2026-04-18T07:29:29.162671+00:00,7.97,,50,True,8,-0.0242503097893432,8.39625,8.03,1/1,7.1156,7.242,6.808,6.982,7.355,7.402,2.286,8.296,5.242003485299908,8.347855416268485,-0.0964663646949872,0.008,0.0015074688228038,0.0050992514362857,-0.0519169669043156,0.3451696770662289,7,3,2026-05-04T03:52:00.903669+00:00,-0.0007711925248083959,-0.0007699648297710801,-0.0007703331382822748
MP9 | Goo (Factory New),722406200541909926,50741676403,9.78,8.51,0.06773846596479,997,5.4605745,5.4520290000000005,-0.0456307338012856,5.455325619035455,5.4552323875489535,5.455260356994905,5.704256130156995,5.704158644449351,5.704187890161645,0.4421957444749023,0.44220527734673276,0.4422024174851835,0.41674272697781234,0.4167526948415796,0.4167497044824493,False,1,spread_hybrid_disc <= 0.12,1.4912185801805153,85,85,0,1,2.22,112,111,6.099274832761822,0.940071803369235,0.0684181718664477,,851,127,2003,6.39,6.38,324,0.85455,Frankfurter 2026-04-30 (ECB),2026-05-04T05:18:59.992409+00:00,ok,,ok,,best_deal,2026-04-18T07:29:29.162671+00:00,7.97,,50,True,8,-0.0242503097893432,8.39625,8.03,1/1,7.1156,7.242,6.808,6.982,7.355,7.402,2.286,8.296,5.242003485299908,8.347855416268485,-0.0964663646949872,0.008,0.0015074688228038,0.0050992514362857,-0.0519169669043156,0.3451696770662289,7,3,2026-05-04T03:52:00.903669+00:00,-0.0009612323693312313,-0.0009783059366823132,-0.0009731838664769885
MP9 | Goo (Factory New),619949307135138583,23968783485,9.78,8.51,0.06962206959724,465,5.4605745,5.4520290000000005,-0.0456307338012856,5.451383168308785,5.450938252287182,5.451071727093663,5.700133782510693,5.6996685646445435,5.699808130004389,0.4425988580461364,0.4426443504818832,0.4426307027511591,0.4171642349171071,0.4172118032060793,0.41719753271938764,False,1,spread_hybrid_disc <= 0.12,1.4912185801805153,85,85,0,1,2.22,112,111,6.099274832761822,0.940071803369235,0.0684181718664477,,851,127,2003,6.39,6.38,324,0.85455,Frankfurter 2026-04-30 (ECB),2026-05-04T05:18:59.992409+00:00,ok,,ok,,best_deal,2026-04-18T07:29:29.162671+00:00,7.97,,50,True,8,-0.0242503097893432,8.39625,8.03,1/1,7.1156,7.242,6.808,6.982,7.355,7.402,2.286,8.296,5.242003485299908,8.347855416268485,-0.0964663646949872,0.008,0.0015074688228038,0.0050992514362857,-0.0519169669043156,0.3451696770662289,7,3,2026-05-04T03:52:00.903669+00:00,-0.0016832169749199228,-0.001764694852678562,-0.00174025148935097
MP9 | Goo (Factory New),623324374995226935,22029772817,9.92,8.63,0.05969326943159,733,5.4605745,5.4520290000000005,-0.0456307338012856,5.506620353934738,5.508181069869228,5.50771285508888,5.757891481449875,5.759523413997711,5.759033834233359,0.4448971417404498,0.4447398115051181,0.4447870105757177,0.41956739098287543,0.4194028816534565,0.4194522344522823,False,1,spread_hybrid_disc <= 0.12,1.4912185801805153,85,85,0,1,2.22,112,111,6.099274832761822,0.940071803369235,0.0684181718664477,,863,129,2003,6.39,6.38,324,0.85455,Frankfurter 2026-04-30 (ECB),2026-05-04T05:18:59.992409+00:00,ok,,ok,,best_deal,2026-04-18T07:29:29.162671+00:00,7.97,,50,True,8,-0.0242503097893432,8.39625,8.03,1/1,7.1156,7.242,6.808,6.982,7.355,7.402,2.286,8.296,5.242003485299908,8.347855416268485,-0.0964663646949872,0.008,0.0015074688228038,0.0050992514362857,-0.0519169669043156,0.3451696770662289,7,3,2026-05-04T03:52:00.903669+00:00,0.00843241932414589,0.008718234659966295,0.008632490059220174
MP9 | Goo (Factory New),654849572382113149,17135183510,9.85,8.58,0.0671448558569,113,5.4605745,5.4520290000000005,-0.0456307338012856,5.456477902846283,5.4565085890776315,5.456499383208227,5.705460993523658,5.705493079990261,5.70548345405028,0.4460428525029154,0.446039737149479,0.44604067175551,0.42076538136815644,0.4207621238588567,0.4207631011116467,False,1,spread_hybrid_disc <= 0.12,1.4912185801805153,85,85,0,1,2.22,112,111,6.099274832761822,0.940071803369235,0.0684181718664477,,858,127,2003,6.39,6.38,324,0.85455,Frankfurter 2026-04-30 (ECB),2026-05-04T05:18:59.992409+00:00,ok,,ok,,best_deal,2026-04-18T07:29:29.162671+00:00,7.97,,50,True,8,-0.0242503097893432,8.39625,8.03,1/1,7.1156,7.242,6.808,6.982,7.355,7.402,2.286,8.296,5.242003485299908,8.347855416268485,-0.0964663646949872,0.008,0.0015074688228038,0.0050992514362857,-0.0519169669043156,0.3451696770662289,7,3,2026-05-04T03:52:00.903669+00:00,-0.0007502135816876909,-0.0007445939840887212,-0.0007462798633684121
MP9 | Goo (Factory New),646969088252419683,46197853458,9.9,8.61,0.06665717810392,918,5.4605745,5.4520290000000005,-0.0456307338012856,5.457454881721934,5.457826708143137,5.457715160216776,5.7064825526623135,5.706871345795963,5.706754707855868,0.4487419311391986,0.44870437291483467,0.44871564038214384,0.4235876209432007,0.42354834890949866,0.4235601305196093,False,1,spread_hybrid_disc <= 0.12,1.4912185801805153,85,85,0,1,2.22,112,111,6.099274832761822,0.940071803369235,0.0684181718664477,,861,129,2003,6.39,6.38,324,0.85455,Frankfurter 2026-04-30 (ECB),2026-05-04T05:18:59.992409+00:00,ok,,ok,,best_deal,2026-04-18T07:29:29.162671+00:00,7.97,,50,True,8,-0.0242503097893432,8.39625,8.03,1/1,7.1156,7.242,6.808,6.982,7.355,7.402,2.286,8.296,5.242003485299908,8.347855416268485,-0.0964663646949872,0.008,0.0015074688228038,0.0050992514362857,-0.0519169669043156,0.3451696770662289,7,3,2026-05-04T03:52:00.903669+00:00,-0.0005712985470788488,-0.0005032056346567449,-0.000523633508383376
MP9 | Goo (Factory New),650348605671369694,36931266280,10.0,8.7,0.06018609181046,281,5.4605745,5.4520290000000005,-0.0456307338012856,5.50237755622641,5.503529103161684,5.503183639081102,5.753455081768745,5.754659174635683,5.754297946775601,0.449762244377359,0.4496470896838316,0.4496816360918898,0.4246544918231254,0.42453408253643166,0.42457020532243983,False,1,spread_hybrid_disc <= 0.12,1.4912185801805153,85,85,0,1,2.22,112,111,6.099274832761822,0.940071803369235,0.0684181718664477,,870,130,2003,6.39,6.38,324,0.85455,Frankfurter 2026-04-30 (ECB),2026-05-04T05:18:59.992409+00:00,ok,,ok,,best_deal,2026-04-18T07:29:29.162671+00:00,7.97,,50,True,8,-0.0242503097893432,8.39625,8.03,1/1,7.1156,7.242,6.808,6.982,7.355,7.402,2.286,8.296,5.242003485299908,8.347855416268485,-0.0964663646949872,0.008,0.0015074688228038,0.0050992514362857,-0.0519169669043156,0.3451696770662289,7,3,2026-05-04T03:52:00.903669+00:00,0.007655431901242238,0.007866315744192064,0.007803050591307118
MP9 | Goo (Factory New),635710542389413969,45551026811,10.17,8.85,0.05348233878613,130,5.4605745,5.4520290000000005,-0.0456307338012856,5.530306483394874,5.5296912905606055,5.529875848410886,5.782658426378189,5.782015161843463,5.782208141203881,0.45621371844691505,0.45627420938440455,0.4562560621031577,0.43140035138857524,0.43146360257193084,0.4314446272169241,False,1,spread_hybrid_disc <= 0.12,1.4912185801805153,85,85,0,1,2.22,112,111,6.099274832761822,0.940071803369235,0.0684181718664477,,885,132,2003,6.39,6.38,324,0.85455,Frankfurter 2026-04-30 (ECB),2026-05-04T05:18:59.992409+00:00,ok,,ok,,best_deal,2026-04-18T07:29:29.162671+00:00,7.97,,50,True,8,-0.0242503097893432,8.39625,8.03,1/1,7.1156,7.242,6.808,6.982,7.355,7.402,2.286,8.296,5.242003485299908,8.347855416268485,-0.0964663646949872,0.008,0.0015074688228038,0.0050992514362857,-0.0519169669043156,0.3451696770662289,7,3,2026-05-04T03:52:00.903669+00:00,0.012770081864989385,0.012657421038867871,0.012691219286704325
MP9 | Goo (Factory New),631205040539590157,39392780793,10.21,8.89,0.05956731364131,887,5.4605745,5.4520290000000005,-0.0456307338012856,5.507511721178405,5.509163575012226,5.50866801886208,5.758823522434957,5.760550751571348,5.760032582830431,0.4605767168287557,0.4604149289899877,0.4604634653416181,0.43596243658815315,0.4357932662515821,0.4358440173525533,False,1,spread_hybrid_disc <= 0.12,1.4912185801805153,85,85,0,1,2.22,112,111,6.099274832761822,0.940071803369235,0.0684181718664477,,889,132,2003,6.39,6.38,324,0.85455,Frankfurter 2026-04-30 (ECB),2026-05-04T05:18:59.992409+00:00,ok,,ok,,best_deal,2026-04-18T07:29:29.162671+00:00,7.97,,50,True,8,-0.0242503097893432,8.39625,8.03,1/1,7.1156,7.242,6.808,6.982,7.355,7.402,2.286,8.296,5.242003485299908,8.347855416268485,-0.0964663646949872,0.008,0.0015074688228038,0.0050992514362857,-0.0519169669043156,0.3451696770662289,7,3,2026-05-04T03:52:00.903669+00:00,0.008595656222327094,0.008898161724966176,0.008807410074174451
MP9 | Goo (Factory New),606438509279859497,51083715858,10.26,8.93,0.05320674553514,207,5.4605745,5.4520290000000005,-0.0456307338012856,5.530865013764408,5.5302164163375584,5.530410995565614,5.783242442898335,5.782564249494957,5.782767707515971,0.46092933589040863,0.46099255201388323,0.4609735871768408,0.4363311459163416,0.43639724663791846,0.43637741642144534,False,1,spread_hybrid_disc <= 0.12,1.4912185801805153,85,85,0,1,2.22,112,111,6.099274832761822,0.940071803369235,0.0684181718664477,,893,133,2003,6.39,6.38,324,0.85455,Frankfurter 2026-04-30 (ECB),2026-05-04T05:18:59.992409+00:00,ok,,ok,,best_deal,2026-04-18T07:29:29.162671+00:00,7.97,,50,True,8,-0.0242503097893432,8.39625,8.03,1/1,7.1156,7.242,6.808,6.982,7.355,7.402,2.286,8.296,5.242003485299908,8.347855416268485,-0.0964663646949872,0.008,0.0015074688228038,0.0050992514362857,-0.0519169669043156,0.3451696770662289,7,3,2026-05-04T03:52:00.903669+00:00,0.012872366042145991,0.012753587802447987,0.012789221274357387
MP9 | Goo (Factory New),649222707036378292,19225768758,10.29,8.96,0.05068024620414,216,5.4605745,5.4520290000000005,-0.0456307338012856,5.539715149167038,5.537342794602792,5.538054500972066,5.792496416473628,5.790015809629779,5.790759991682934,0.4616408990119496,0.46187144853228446,0.46180228367618403,0.43707517818526453,0.4373162478493898,0.43724392695015213,False,1,spread_hybrid_disc <= 0.12,1.4912185801805153,85,85,0,1,2.22,112,111,6.099274832761822,0.940071803369235,0.0684181718664477,,896,133,2003,6.39,6.38,324,0.85455,Frankfurter 2026-04-30 (ECB),2026-05-04T05:18:59.992409+00:00,ok,,ok,,best_deal,2026-04-18T07:29:29.162671+00:00,7.97,,50,True,8,-0.0242503097893432,8.39625,8.03,1/1,7.1156,7.242,6.808,6.982,7.355,7.402,2.286,8.296,5.242003485299908,8.347855416268485,-0.0964663646949872,0.008,0.0015074688228038,0.0050992514362857,-0.0519169669043156,0.3451696770662289,7,3,2026-05-04T03:52:00.903669+00:00,0.014493099428830798,0.014058647968779177,0.014188983406794664
MP9 | Goo (Factory New),507359315983077799,33424265605,10.21,8.89,0.06551925837994,403,5.4605745,5.4520290000000005,-0.0456307338012856,5.4608268331607785,5.459828483776009,5.46012798859144,5.710008368719655,5.708964463919869,5.709277635359805,0.465149183823626,0.46524696535004806,0.46521763089212154,0.4407435486072816,0.44084579197650653,0.440815118965739,False,1,spread_hybrid_disc <= 0.12,1.4912185801805153,85,85,0,1,2.22,112,111,6.099274832761822,0.940071803369235,0.0684181718664477,,889,132,2003,6.39,6.38,324,0.85455,Frankfurter 2026-04-30 (ECB),2026-05-04T05:18:59.992409+00:00,ok,,ok,,best_deal,2026-04-18T07:29:29.162671+00:00,7.97,,50,True,8,-0.0242503097893432,8.39625,8.03,1/1,7.1156,7.242,6.808,6.982,7.355,7.402,2.286,8.296,5.242003485299908,8.347855416268485,-0.0964663646949872,0.008,0.0015074688228038,0.0050992514362857,-0.0519169669043156,0.3451696770662289,7,3,2026-05-04T03:52:00.903669+00:00,4.621000240514437e-05,-0.0001366186330743054,-8.177004243047046e-05
MP9 | Goo (Factory New),524248990847319651,42144329488,10.43,9.08,0.04934217408299,260,5.4605745,5.4520290000000005,-0.0456307338012856,5.544643235165204,5.5458325209730726,5.545475735230712,5.797649374652127,5.798892928444108,5.798519862306512,0.46839470420276086,0.4682806787178262,0.46831488636330665,0.4441371644628833,0.44401793591139904,0.44405370447684445,False,1,spread_hybrid_disc <= 0.12,1.4912185801805153,85,85,0,1,2.22,112,111,6.099274832761822,0.940071803369235,0.0684181718664477,,908,135,2003,6.39,6.38,324,0.85455,Frankfurter 2026-04-30 (ECB),2026-05-04T05:18:59.992409+00:00,ok,,ok,,best_deal,2026-04-18T07:29:29.162671+00:00,7.97,,50,True,8,-0.0242503097893432,8.39625,8.03,1/1,7.1156,7.242,6.808,6.982,7.355,7.402,2.286,8.296,5.242003485299908,8.347855416268485,-0.0964663646949872,0.008,0.0015074688228038,0.0050992514362857,-0.0519169669043156,0.3451696770662289,7,3,2026-05-04T03:52:00.903669+00:00,0.01539558432271267,0.01561337931989973,0.015548040820743613
MP9 | Goo (Factory New),792207537455431093,25814903875,10.43,9.08,0.0581325404346,799,5.4605745,5.4520290000000005,-0.0456307338012856,5.5147311824440886,5.51750106183045,5.516670098014542,5.766372413015843,5.769268684031146,5.768399802726555,0.4712625903696943,0.4709970218762751,0.47107669242430084,0.4471359143800725,0.44685822780142415,0.44694153377501866,False,1,spread_hybrid_disc <= 0.12,1.4912185801805153,85,85,0,1,2.22,112,111,6.099274832761822,0.940071803369235,0.0684181718664477,,908,135,2003,6.39,6.38,324,0.85455,Frankfurter 2026-04-30 (ECB),2026-05-04T05:18:59.992409+00:00,ok,,ok,,best_deal,2026-04-18T07:29:29.162671+00:00,7.97,,50,True,8,-0.0242503097893432,8.39625,8.03,1/1,7.1156,7.242,6.808,6.982,7.355,7.402,2.286,8.296,5.242003485299908,8.347855416268485,-0.0964663646949872,0.008,0.0015074688228038,0.0050992514362857,-0.0519169669043156,0.3451696770662289,7,3,2026-05-04T03:52:00.903669+00:00,0.009917762763622863,0.010425013307748194,0.010272838144510594
MP9 | Goo (Factory New),503981618200505937,47438887078,10.92,9.5,0.05029071867466,692,5.4605745,5.4520290000000005,-0.0456307338012856,5.541133958869274,5.539810213038404,5.540207336787665,5.793979967503701,5.792595818179202,5.793011062976552,0.4925701502866965,0.4926913724323806,0.4926550057886754,0.4694157538916024,0.46954250749274706,0.46950448141240364,False,1,spread_hybrid_disc <= 0.12,1.4912185801805153,85,85,0,1,2.22,112,111,6.099274832761822,0.940071803369235,0.0684181718664477,,950,142,2003,6.39,6.38,324,0.85455,Frankfurter 2026-04-30 (ECB),2026-05-04T05:18:59.992409+00:00,ok,,ok,,best_deal,2026-04-18T07:29:29.162671+00:00,7.97,,50,True,8,-0.0242503097893432,8.39625,8.03,1/1,7.1156,7.242,6.808,6.982,7.355,7.402,2.286,8.296,5.242003485299908,8.347855416268485,-0.0964663646949872,0.008,0.0015074688228038,0.0050992514362857,-0.0519169669043156,0.3451696770662289,7,3,2026-05-04T03:52:00.903669+00:00,0.014752927346614373,0.0145105085624973,0.014583234197732421
MP9 | Goo (Factory New),507359316003310483,29046445125,11.11,9.67,0.048249412328,65,5.4605745,5.4520290000000005,-0.0456307338012856,5.548894199129878,5.553406370601962,5.552052719160336,5.802094313221871,5.806812378389264,5.8053969588390455,0.5005495770360147,0.5001434409899224,0.5002652818037501,0.4777592877388055,0.4773346194069069,0.4774620199064765,False,1,spread_hybrid_disc <= 0.12,1.4912185801805153,85,85,0,1,2.22,112,111,6.099274832761822,0.940071803369235,0.0684181718664477,,967,144,2003,6.39,6.38,324,0.85455,Frankfurter 2026-04-30 (ECB),2026-05-04T05:18:59.992409+00:00,ok,,ok,,best_deal,2026-04-18T07:29:29.162671+00:00,7.97,,50,True,8,-0.0242503097893432,8.39625,8.03,1/1,7.1156,7.242,6.808,6.982,7.355,7.402,2.286,8.296,5.242003485299908,8.347855416268485,-0.0964663646949872,0.008,0.0015074688228038,0.0050992514362857,-0.0519169669043156,0.3451696770662289,7,3,2026-05-04T03:52:00.903669+00:00,0.01617406723960594,0.01700038532611573,0.016752489900162794
MP9 | Goo (Factory New),632331574222911133,36331318148,11.15,9.7,0.06160511448979,750,5.4605745,5.4520290000000005,-0.0456307338012856,5.488831404685316,5.4898305728501775,5.489530822400718,5.739290809392648,5.740335570334063,5.740022142051638,0.5077281251403305,0.507638513645724,0.507665397094106,0.4852653982607491,0.4851716977278868,0.4851998078877455,False,1,spread_hybrid_disc <= 0.12,1.4912185801805153,85,85,0,1,2.22,112,111,6.099274832761822,0.940071803369235,0.0684181718664477,,970,145,2003,6.39,6.38,324,0.85455,Frankfurter 2026-04-30 (ECB),2026-05-04T05:18:59.992409+00:00,ok,,ok,,best_deal,2026-04-18T07:29:29.162671+00:00,7.97,,50,True,8,-0.0242503097893432,8.39625,8.03,1/1,7.1156,7.242,6.808,6.982,7.355,7.402,2.286,8.296,5.242003485299908,8.347855416268485,-0.0964663646949872,0.008,0.0015074688228038,0.0050992514362857,-0.0519169669043156,0.3451696770662289,7,3,2026-05-04T03:52:00.903669+00:00,0.0051747127862307035,0.00535769136565714,0.0053027977918292096
MP9 | Goo (Factory New),782072435606253921,39058582018,11.29,9.82,0.05787846073508,204,5.4605745,5.4520290000000005,-0.0456307338012856,5.515469486245193,5.5179023275952686,5.517172475190247,5.767144406161161,5.769688259847262,5.768925103741433,0.5114730304477242,0.5112575440571063,0.5113221899742917,0.4891811863453356,0.48895586715258965,0.4890234629104133,False,1,spread_hybrid_disc <= 0.12,1.4912185801805153,85,85,0,1,2.22,112,111,6.099274832761822,0.940071803369235,0.0684181718664477,,982,147,2003,6.39,6.38,324,0.85455,Frankfurter 2026-04-30 (ECB),2026-05-04T05:18:59.992409+00:00,ok,,ok,,best_deal,2026-04-18T07:29:29.162671+00:00,7.97,,50,True,8,-0.0242503097893432,8.39625,8.03,1/1,7.1156,7.242,6.808,6.982,7.355,7.402,2.286,8.296,5.242003485299908,8.347855416268485,-0.0964663646949872,0.008,0.0015074688228038,0.0050992514362857,-0.0519169669043156,0.3451696770662289,7,3,2026-05-04T03:52:00.903669+00:00,0.010052969013643723,0.010498497474078779,0.010364838935948261
MP9 | Goo (Factory New),634584642486938217,43237147106,11.34,9.87,0.05601819604635,630,5.4605745,5.4520290000000005,-0.0456307338012856,5.523984222370963,5.52407700937355,5.524049173272774,5.776047675944474,5.776144696886076,5.776115590603595,0.5128761708667582,0.5128679885913977,0.5128704432740059,0.49064835309131627,0.4906397974527269,0.49064236414430373,False,1,spread_hybrid_disc <= 0.12,1.4912185801805153,85,85,0,1,2.22,112,111,6.099274832761822,0.940071803369235,0.0684181718664477,,987,147,2003,6.39,6.38,324,0.85455,Frankfurter 2026-04-30 (ECB),2026-05-04T05:18:59.992409+00:00,ok,,ok,,best_deal,2026-04-18T07:29:29.162671+00:00,7.97,,50,True,8,-0.0242503097893432,8.39625,8.03,1/1,7.1156,7.242,6.808,6.982,7.355,7.402,2.286,8.296,5.242003485299908,8.347855416268485,-0.0964663646949872,0.008,0.0015074688228038,0.0050992514362857,-0.0519169669043156,0.3451696770662289,7,3,2026-05-04T03:52:00.903669+00:00,0.011612280424150164,0.011629272592755683,0.011624174942174027
MP9 | Goo (Factory New),776442333842884093,15787961183,11.5,10.0,0.05566758662462,253,5.4605745,5.4520290000000005,-0.0456307338012856,5.525182815493396,5.525079809657436,5.5251107114082245,5.777300961750613,5.777193255682772,5.777225567503125,0.5195493203918786,0.5195582774210925,0.5195555903123283,0.4976260033260337,0.4976353690710633,0.49763255934755435,False,1,spread_hybrid_disc <= 0.12,1.4912185801805153,85,85,0,1,2.22,112,111,6.099274832761822,0.940071803369235,0.0684181718664477,,1000,150,2003,6.39,6.38,324,0.85455,Frankfurter 2026-04-30 (ECB),2026-05-04T05:18:59.992409+00:00,ok,,ok,,best_deal,2026-04-18T07:29:29.162671+00:00,7.97,,50,True,8,-0.0242503097893432,8.39625,8.03,1/1,7.1156,7.242,6.808,6.982,7.355,7.402,2.286,8.296,5.242003485299908,8.347855416268485,-0.0964663646949872,0.008,0.0015074688228038,0.0050992514362857,-0.0519169669043156,0.3451696770662289,7,3,2026-05-04T03:52:00.903669+00:00,0.011831779878362078,0.011812916325459163,0.011818575391330037
MP9 | Goo (Factory New),660477807607672555,18910327256,11.5,10.0,0.05729324370623,735,5.4605745,5.4520290000000005,-0.0456307338012856,5.518119529892859,5.518869013715524,5.518644168568724,5.769915373245075,5.770699056564541,5.770463951568701,0.5201635191397513,0.5200983466334327,0.5201178983853283,0.49826822841347174,0.49820008203786603,0.4982205259505478,False,1,spread_hybrid_disc <= 0.12,1.4912185801805153,85,85,0,1,2.22,112,111,6.099274832761822,0.940071803369235,0.0684181718664477,,1000,150,2003,6.39,6.38,324,0.85455,Frankfurter 2026-04-30 (ECB),2026-05-04T05:18:59.992409+00:00,ok,,ok,,best_deal,2026-04-18T07:29:29.162671+00:00,7.97,,50,True,8,-0.0242503097893432,8.39625,8.03,1/1,7.1156,7.242,6.808,6.982,7.355,7.402,2.286,8.296,5.242003485299908,8.347855416268485,-0.0964663646949872,0.008,0.0015074688228038,0.0050992514362857,-0.0519169669043156,0.3451696770662289,7,3,2026-05-04T03:52:00.903669+00:00,0.01053827392939305,0.010675527586982817,0.010634351489705887
MP9 | Goo (Factory New),643592475739573703,38174614099,11.56,10.06,0.0536339096725,695,5.4605745,5.4520290000000005,-0.0456307338012856,5.530015919553987,5.529393103203738,5.529579948108813,5.782354603896027,5.781703367978692,5.781898738753893,0.5216249204538074,0.5216787973007148,0.5216626342466425,0.49979631454186624,0.49985264982883293,0.4998357492427429,False,1,spread_hybrid_disc <= 0.12,1.4912185801805153,85,85,0,1,2.22,112,111,6.099274832761822,0.940071803369235,0.0684181718664477,,1006,150,2003,6.39,6.38,324,0.85455,Frankfurter 2026-04-30 (ECB),2026-05-04T05:18:59.992409+00:00,ok,,ok,,best_deal,2026-04-18T07:29:29.162671+00:00,7.97,,50,True,8,-0.0242503097893432,8.39625,8.03,1/1,7.1156,7.242,6.808,6.982,7.355,7.402,2.286,8.296,5.242003485299908,8.347855416268485,-0.0964663646949872,0.008,0.0015074688228038,0.0050992514362857,-0.0519169669043156,0.3451696770662289,7,3,2026-05-04T03:52:00.903669+00:00,0.012716870643187248,0.012602813715615179,0.0126370307938868
MP9 | Goo (Factory New),818099459908992072,41463414479,11.5,10.0,0.06858628243208,412,5.4605745,5.4520290000000005,-0.0456307338012856,5.453598259257996,5.453303641608676,5.453392026903472,5.702449949685352,5.702141888416503,5.702234306797158,0.5257740644123482,0.525799683338376,0.5257919976605676,0.5041347869838824,0.5041615749203041,0.5041535385393776,False,1,spread_hybrid_disc <= 0.12,1.4912185801805153,85,85,0,1,2.22,112,111,6.099274832761822,0.940071803369235,0.0684181718664477,,1000,150,2003,6.39,6.38,324,0.85455,Frankfurter 2026-04-30 (ECB),2026-05-04T05:18:59.992409+00:00,ok,,ok,,best_deal,2026-04-18T07:29:29.162671+00:00,7.97,,50,True,8,-0.0242503097893432,8.39625,8.03,1/1,7.1156,7.242,6.808,6.982,7.355,7.402,2.286,8.296,5.242003485299908,8.347855416268485,-0.0964663646949872,0.008,0.0015074688228038,0.0050992514362857,-0.0519169669043156,0.3451696770662289,7,3,2026-05-04T03:52:00.903669+00:00,-0.001277565344452984,-0.0013315189438994246,-0.0013153328640654923
MP9 | Goo (Factory New),794463791540383451,50822093490,11.75,10.22,0.05428241938353,587,5.4605745,5.4520290000000005,-0.0456307338012856,5.528965099996044,5.5281536003042415,5.528397050211782,5.781255834670562,5.780407305652343,5.780661864357809,0.5294497787237409,0.5295188425272985,0.5294981233862313,0.5079782268365479,0.508050442072141,0.5080287775014631,False,1,spread_hybrid_disc <= 0.12,1.4912185801805153,85,85,0,1,2.22,112,111,6.099274832761822,0.940071803369235,0.0684181718664477,,1022,153,2003,6.39,6.38,324,0.85455,Frankfurter 2026-04-30 (ECB),2026-05-04T05:18:59.992409+00:00,ok,,ok,,best_deal,2026-04-18T07:29:29.162671+00:00,7.97,,50,True,8,-0.0242503097893432,8.39625,8.03,1/1,7.1156,7.242,6.808,6.982,7.355,7.402,2.286,8.296,5.242003485299908,8.347855416268485,-0.0964663646949872,0.008,0.0015074688228038,0.0050992514362857,-0.0519169669043156,0.3451696770662289,7,3,2026-05-04T03:52:00.903669+00:00,0.012524433096928415,0.012375822416531826,0.012420405620650804
MP9 | Goo (Factory New),789960193679771786,50559112923,11.75,10.22,0.06005415320396,668,5.4605745,5.4520290000000005,-0.0456307338012856,5.50355192672728,5.5048075782049555,5.504430882761652,5.7546830396573245,5.755995987433326,5.755602103100525,0.5316126019806571,0.5315057380251103,0.5315377972117743,0.5102397413057596,0.5101280010695042,0.5101615231403809,False,1,spread_hybrid_disc <= 0.12,1.4912185801805153,85,85,0,1,2.22,112,111,6.099274832761822,0.940071803369235,0.0684181718664477,,1022,153,2003,6.39,6.38,324,0.85455,Frankfurter 2026-04-30 (ECB),2026-05-04T05:18:59.992409+00:00,ok,,ok,,best_deal,2026-04-18T07:29:29.162671+00:00,7.97,,50,True,8,-0.0242503097893432,8.39625,8.03,1/1,7.1156,7.242,6.808,6.982,7.355,7.402,2.286,8.296,5.242003485299908,8.347855416268485,-0.0964663646949872,0.008,0.0015074688228038,0.0050992514362857,-0.0519169669043156,0.3451696770662289,7,3,2026-05-04T03:52:00.903669+00:00,0.007870495444623949,0.008100444047591483,0.008031459466701222
MP9 | Goo (Factory New),624449641113888341,49495308079,11.89,10.35,0.06916937977076,591,5.4605745,5.4520290000000005,-0.0456307338012856,5.452351976182243,5.451931373993195,5.452057554649909,5.701146797798328,5.700707003222755,5.700838941595427,0.5414338119274817,0.5414691863756775,0.5414585740412188,0.5205091002692743,0.5205460888794993,0.5205349922964317,False,1,spread_hybrid_disc <= 0.12,1.4912185801805153,85,85,0,1,2.22,112,111,6.099274832761822,0.940071803369235,0.0684181718664477,,1035,154,2003,6.39,6.38,324,0.85455,Frankfurter 2026-04-30 (ECB),2026-05-04T05:18:59.992409+00:00,ok,,ok,,best_deal,2026-04-18T07:29:29.162671+00:00,7.97,,50,True,8,-0.0242503097893432,8.39625,8.03,1/1,7.1156,7.242,6.808,6.982,7.355,7.402,2.286,8.296,5.242003485299908,8.347855416268485,-0.0964663646949872,0.008,0.0015074688228038,0.0050992514362857,-0.0519169669043156,0.3451696770662289,7,3,2026-05-04T03:52:00.903669+00:00,-0.0015057983034124183,-0.0015828235667886754,-0.0015597159877757982
MP9 | Goo (Factory New),755046424147690568,13653387171,12.65,11.0,0.05530780553818,598,5.4605745,5.4520290000000005,-0.0456307338012856,5.526363337943901,5.525674622410736,5.525881237070686,5.778535352306803,5.777815210178479,5.778031252816977,0.5631333329688616,0.5631877768845268,0.5631714437098272,0.5431987863789088,0.5432557146103969,0.5432386361409505,False,1,spread_hybrid_disc <= 0.12,1.4912185801805153,85,85,0,1,2.22,112,111,6.099274832761822,0.940071803369235,0.0684181718664477,,1100,165,2003,6.39,6.38,324,0.85455,Frankfurter 2026-04-30 (ECB),2026-05-04T05:18:59.992409+00:00,ok,,ok,,best_deal,2026-04-18T07:29:29.162671+00:00,7.97,,50,True,8,-0.0242503097893432,8.39625,8.03,1/1,7.1156,7.242,6.808,6.982,7.355,7.402,2.286,8.296,5.242003485299908,8.347855416268485,-0.0964663646949872,0.008,0.0015074688228038,0.0050992514362857,-0.0519169669043156,0.3451696770662289,7,3,2026-05-04T03:52:00.903669+00:00,0.01204797003390415,0.01192184492872237,0.011959682460276904
MP9 | Goo (Factory New),645841739329865499,49530367061,13.61,11.84,0.05521484836936,587,5.4605745,5.4520290000000005,-0.0456307338012856,5.526645188328727,5.525939943157281,5.526151516708715,5.778830063731511,5.778092637705383,5.778313865513221,0.5939276129075145,0.5939794310685318,0.5939638856202266,0.5753982319080447,0.5754524145697735,0.575436159771255,False,1,spread_hybrid_disc <= 0.12,1.4912185801805153,85,85,0,1,2.22,112,111,6.099274832761822,0.940071803369235,0.0684181718664477,,1184,177,2003,6.39,6.38,324,0.85455,Frankfurter 2026-04-30 (ECB),2026-05-04T05:18:59.992409+00:00,ok,,ok,,best_deal,2026-04-18T07:29:29.162671+00:00,7.97,,50,True,8,-0.0242503097893432,8.39625,8.03,1/1,7.1156,7.242,6.808,6.982,7.355,7.402,2.286,8.296,5.242003485299908,8.347855416268485,-0.0964663646949872,0.008,0.0015074688228038,0.0050992514362857,-0.0519169669043156,0.3451696770662289,7,3,2026-05-04T03:52:00.903669+00:00,0.012099585552532533,0.011970433359581874,0.012009179017467071
MP9 | Goo (Factory New),657103274624974884,29346372484,13.7,11.92,0.05298802629113,442,5.4605745,5.4520290000000005,-0.0456307338012856,5.5313867737597295,5.530546597402701,5.530798650309809,5.783788011185112,5.782909496964389,5.783173051230606,0.5962491406014796,0.5963104673428685,0.5962920693204519,0.5778256926142253,0.5778898177398256,0.5778705802021455,False,1,spread_hybrid_disc <= 0.12,1.4912185801805153,85,85,0,1,2.22,112,111,6.099274832761822,0.940071803369235,0.0684181718664477,,1192,178,2003,6.39,6.38,324,0.85455,Frankfurter 2026-04-30 (ECB),2026-05-04T05:18:59.992409+00:00,ok,,ok,,best_deal,2026-04-18T07:29:29.162671+00:00,7.97,,50,True,8,-0.0242503097893432,8.39625,8.03,1/1,7.1156,7.242,6.808,6.982,7.355,7.402,2.286,8.296,5.242003485299908,8.347855416268485,-0.0964663646949872,0.008,0.0015074688228038,0.0050992514362857,-0.0519169669043156,0.3451696770662289,7,3,2026-05-04T03:52:00.903669+00:00,0.012967916427059105,0.012814054162744382,0.0128602128420388
MP9 | Goo (Factory New),645841739329864815,49530367036,13.61,11.84,0.06627785414457,903,5.4605745,5.4520290000000005,-0.0456307338012856,5.458317114985701,5.458403336367496,5.458377469952957,5.707384130262614,5.70747428598933,5.707447239271315,0.598948044453659,0.5989417093043721,0.5989436098491582,0.5806477494296389,0.5806411252028412,0.5806431124708806,False,1,spread_hybrid_disc <= 0.12,1.4912185801805153,85,85,0,1,2.22,112,111,6.099274832761822,0.940071803369235,0.0684181718664477,,1184,177,2003,6.39,6.38,324,0.85455,Frankfurter 2026-04-30 (ECB),2026-05-04T05:18:59.992409+00:00,ok,,ok,,best_deal,2026-04-18T07:29:29.162671+00:00,7.97,,50,True,8,-0.0242503097893432,8.39625,8.03,1/1,7.1156,7.242,6.808,6.982,7.355,7.402,2.286,8.296,5.242003485299908,8.347855416268485,-0.0964663646949872,0.008,0.0015074688228038,0.0050992514362857,-0.0519169669043156,0.3451696770662289,7,3,2026-05-04T03:52:00.903669+00:00,-0.0004133969812697772,-0.00039760718080197324,-0.0004023441209423144
MP9 | Goo (Factory New),766305423208520658,47646220105,13.8,12.0,0.05648550391197,130,5.4605745,5.4520290000000005,-0.0456307338012856,5.521688300189739,5.522275412312659,5.522099278675783,5.77364698914937,5.774260891629282,5.774076720885309,0.5998776594065407,0.5998351150498074,0.5998478783568273,0.5816197833949732,0.5815752977080231,0.5815886434141081,False,1,spread_hybrid_disc <= 0.12,1.4912185801805153,85,85,0,1,2.22,112,111,6.099274832761822,0.940071803369235,0.0684181718664477,,1200,180,2003,6.39,6.38,324,0.85455,Frankfurter 2026-04-30 (ECB),2026-05-04T05:18:59.992409+00:00,ok,,ok,,best_deal,2026-04-18T07:29:29.162671+00:00,7.97,,50,True,8,-0.0242503097893432,8.39625,8.03,1/1,7.1156,7.242,6.808,6.982,7.355,7.402,2.286,8.296,5.242003485299908,8.347855416268485,-0.0964663646949872,0.008,0.0015074688228038,0.0050992514362857,-0.0519169669043156,0.3451696770662289,7,3,2026-05-04T03:52:00.903669+00:00,0.011191826096272131,0.011299344476054579,0.011267088962119845
MP9 | Goo (Factory New),747165124788991504,45616350191,13.7,11.92,0.06604397296906,96,5.4605745,5.4520290000000005,-0.0456307338012856,5.458946342061268,5.458967611063898,5.4589612303631085,5.708042069431368,5.708064308954194,5.708057637097346,0.6015367633531921,0.6015352108712484,0.6015356766158315,0.5833545934721629,0.583352970149329,0.5833534571461791,False,1,spread_hybrid_disc <= 0.12,1.4912185801805153,85,85,0,1,2.22,112,111,6.099274832761822,0.940071803369235,0.0684181718664477,,1192,178,2003,6.39,6.38,324,0.85455,Frankfurter 2026-04-30 (ECB),2026-05-04T05:18:59.992409+00:00,ok,,ok,,best_deal,2026-04-18T07:29:29.162671+00:00,7.97,,50,True,8,-0.0242503097893432,8.39625,8.03,1/1,7.1156,7.242,6.808,6.982,7.355,7.402,2.286,8.296,5.242003485299908,8.347855416268485,-0.0964663646949872,0.008,0.0015074688228038,0.0050992514362857,-0.0519169669043156,0.3451696770662289,7,3,2026-05-04T03:52:00.903669+00:00,-0.00029816605170962046,-0.0002942710398151,-0.0002954395433834561
MP9 | Goo (Factory New),659355074457919697,28740693095,7.9,6.88,0.06998451054096,244,5.4605745,5.4520290000000005,-0.0456307338012856,,,,,,,,,,,,,False,1,spread_hybrid_disc <= 0.12,1.4912185801805153,85,85,0,1,2.22,112,111,6.099274832761822,0.940071803369235,0.0684181718664477,,688,102,2003,6.39,6.38,324,0.85455,Frankfurter 2026-04-30 (ECB),2026-05-04T05:18:59.992409+00:00,ok,,ok,,best_deal,2026-04-18T07:29:29.162671+00:00,7.97,,50,True,8,-0.0242503097893432,8.39625,8.03,1/1,7.1156,7.242,6.808,6.982,7.355,7.402,2.286,8.296,5.242003485299908,8.347855416268485,-0.0964663646949872,0.008,0.0015074688228038,0.0050992514362857,-0.0519169669043156,0.3451696770662289,7,3,2026-05-04T03:52:00.903669+00:00,,,
