item,needs_backfill,model_ready,backfill_reason,has_summary,summary_ready,summary_n_listings,has_fit,fit_ready,fit_n_clean,pred_cv,pred_mean,pred_min,pred_max
AUG | Fleet Flock (Battle-Scarred),False,True,,True,True,18,True,True,17,0.1725,14.0689,11.49,17.55
P250 | Mint Kimono (Field-Tested),False,True,,True,True,19,True,True,19,0.0549,9.6563,9.19,10.51
StatTrak™ FAMAS | Rapid Eye Movement (Well-Worn),False,True,,True,True,20,True,True,20,0.0292,5.1085,4.92,5.25
USP-S | Printstream (Well-Worn),False,True,,True,True,20,True,True,20,0.0081,37.889,37.49,38.62
Zeus x27 | Olympus (Well-Worn),False,True,,True,True,21,True,True,21,0.0046,2.9405,2.92,2.97
MP9 | Hydra (Well-Worn),False,True,,True,True,22,True,True,21,0.0303,5.2768,5.18,5.97
StatTrak™ P2000 | Wicked Sick (Battle-Scarred),False,True,,True,True,22,True,True,22,0.2095,3.65,3.16,5.49
★ Survival Knife | Damascus Steel (Field-Tested),False,True,,True,True,22,True,True,22,0.0104,62.575,61.54,63.46
StatTrak™ AWP | Ice Coaled (Well-Worn),False,True,,True,True,23,True,True,20,0.0209,13.0535,12.63,13.59
★ Survival Knife | Urban Masked (Field-Tested),False,True,,True,True,23,True,True,23,0.0262,54.4965,53.09,56.98
M4A4 | In Living Color (Battle-Scarred),False,True,,True,True,25,True,True,23,0.0557,28.8524,28.11,35.06
M4A4 | Neo-Noir (Battle-Scarred),False,True,,True,True,25,True,True,23,0.0387,29.9364,29.23,33.8
FAMAS | Bad Trip (Battle-Scarred),False,True,,True,True,25,True,True,25,0.0692,49.0164,46.23,58.62
StatTrak™ M4A4 | Tooth Fairy (Battle-Scarred),False,True,,True,True,25,True,True,25,0.0872,7.6208,7.18,9.54
★ Shadow Daggers | Rust Coat (Battle-Scarred),False,True,,True,True,25,True,True,25,0.2046,50.8392,43.46,73.82
M4A1-S | Vaporwave (Battle-Scarred),False,True,,True,True,26,True,True,25,0.0219,52.5331,51.58,57.52
StatTrak™ AK-47 | Nightwish (Battle-Scarred),False,True,,True,True,26,True,True,26,0.0924,56.8838,51.52,71.37
Tec-9 | Whiteout (Well-Worn),False,True,,True,True,26,True,True,26,0.0057,3.8731,3.8,3.92
★ Falchion Knife | Freehand (Minimal Wear),False,True,,True,True,26,True,True,26,0.0128,86.7227,85.42,89.59
AUG | Death by Puppy (Field-Tested),False,True,,True,True,27,True,True,26,0.0367,4.7485,4.49,5.09
★ Paracord Knife | Boreal Forest (Field-Tested),False,True,,True,True,27,True,True,27,0.0165,47.997,47.0,49.66
Dual Berettas | Royal Consorts (Well-Worn),False,True,,True,True,28,True,True,27,0.0069,3.72,3.68,3.82
FAMAS | Pulse (Field-Tested),False,True,,True,True,28,True,True,28,0.0139,10.7093,10.43,10.91
M4A1-S | Glitched Paint (Well-Worn),False,True,,True,True,28,True,True,28,0.0136,3.6668,3.6,3.8
PP-Bizon | High Roller (Minimal Wear),False,True,,True,True,28,True,True,28,0.073,11.5339,10.97,14.06
StatTrak™ FAMAS | Rapid Eye Movement (Minimal Wear),False,True,,True,True,29,True,True,26,0.1651,9.4059,7.27,10.83
Glock-18 | Bullet Queen (Well-Worn),False,True,,True,True,29,True,True,29,0.0083,57.4852,56.84,58.39
P250 | Boreal Forest (Factory New),False,True,,True,True,30,True,True,30,0.1446,7.8307,6.56,9.91
AK-47 | Legion of Anubis (Battle-Scarred),False,True,,True,True,33,True,True,33,0.0666,35.107,34.01,42.21
StatTrak™ MP9 | Food Chain (Minimal Wear),False,True,,True,True,35,True,True,32,0.0983,14.2589,13.25,18.47
M4A4 | Hellish (Battle-Scarred),False,True,,True,True,35,True,True,35,0.1634,25.2983,21.94,33.54
★ Shadow Daggers | Black Laminate (Field-Tested),False,True,,True,True,35,True,True,35,0.0112,43.298,42.86,44.59
StatTrak™ Desert Eagle | Light Rail (Well-Worn),False,True,,True,True,36,True,True,34,0.0355,3.4797,3.39,4.17
AWP | The End (Minimal Wear),False,True,,True,True,36,True,True,35,0.4978,39.4233,35.59,153.88
MP7 | Forest DDPAT (Factory New),False,True,,True,True,36,True,True,35,0.1409,5.9594,4.94,7.54
StatTrak™ Dual Berettas | Melondrama (Battle-Scarred),False,True,,True,True,36,True,True,35,0.139,5.5219,5.19,8.31
UMP-45 | Neo-Noir (Well-Worn),False,True,,True,True,36,True,True,35,0.0111,4.4458,4.39,4.7
StatTrak™ M4A4 | In Living Color (Field-Tested),False,True,,True,True,36,True,True,36,0.0996,33.6044,30.48,39.8
Glock-18 | Water Elemental (Battle-Scarred),False,True,,True,True,37,True,True,35,2.7706,35.5543,18.8,618.52
R8 Revolver | Grip (Factory New),False,True,,True,True,37,True,True,35,0.1855,3.3503,2.66,4.42
AK-47 | Neon Rider (Battle-Scarred),False,True,,True,True,37,True,True,36,0.0437,46.0305,44.94,55.17
Galil AR | Eco (Well-Worn),False,True,,True,True,38,True,True,36,0.0224,12.5495,12.38,13.89
StatTrak™ AWP | Printstream (Battle-Scarred),False,True,,True,True,38,True,True,36,0.0668,62.0308,58.76,74.14
SCAR-20 | Bloodsport (Field-Tested),False,True,,True,True,38,True,True,38,0.0333,12.1826,11.51,12.84
StatTrak™ M4A4 | Desolate Space (Field-Tested),False,True,,True,True,39,True,True,34,0.1159,30.8741,27.62,42.11
AK-47 | The Outsiders (Well-Worn),False,True,,True,True,39,True,True,38,0.025,8.6733,8.43,9.84
AK-47 | Point Disarray (Battle-Scarred),False,True,,True,True,39,True,True,39,0.0653,14.7885,14.31,18.44
R8 Revolver | Survivalist (Factory New),False,True,,True,True,39,True,True,39,0.2288,5.2949,4.07,6.99
Tec-9 | Cracked Opal (Factory New),False,True,,True,True,39,True,True,39,0.1799,13.4269,10.95,18.23
★ Shadow Daggers | Freehand (Field-Tested),False,True,,True,True,39,True,True,39,0.0072,48.1308,47.4,48.71
R8 Revolver | Nitro (Factory New),False,True,,True,True,40,True,True,38,0.1148,8.2328,7.17,10.08
StatTrak™ USP-S | Cortex (Battle-Scarred),False,True,,True,True,40,True,True,40,0.1268,7.4833,6.83,10.36
AK-47 | Phantom Disruptor (Battle-Scarred),False,True,,True,True,41,True,True,38,0.0559,6.0759,5.91,7.45
MAC-10 | Rangeen (Factory New),False,True,,True,True,41,True,True,39,0.2155,3.4573,2.81,4.72
Zeus x27 | Olympus (Battle-Scarred),False,True,,True,True,41,True,True,40,0.073,3.1093,2.97,3.66
★ Paracord Knife | Ultraviolet (Field-Tested),False,True,,True,True,41,True,True,41,0.0298,68.3795,66.24,73.15
Five-SeveN | Monkey Business (Well-Worn),False,True,,True,True,42,True,True,39,0.0281,12.5517,12.34,13.91
StatTrak™ M4A4 | Griffin (Field-Tested),False,True,,True,True,42,True,True,41,0.0657,10.0024,9.37,11.19
StatTrak™ AWP | Fever Dream (Field-Tested),False,True,,True,True,43,True,True,41,0.0404,23.4923,22.26,27.28
Desert Eagle | Kumicho Dragon (Battle-Scarred),False,True,,True,True,43,True,True,42,0.0706,20.94,19.54,25.04
StatTrak™ XM1014 | XOXO (Field-Tested),False,True,,True,True,43,True,True,42,0.1383,4.8184,4.36,6.26
★ Shadow Daggers | Bright Water (Field-Tested),False,True,,True,True,43,True,True,43,0.0058,42.6544,42.18,43.21
StatTrak™ Galil AR | Galigator (Minimal Wear),False,True,,True,True,44,True,True,44,0.0,4.8,4.8,4.8
SCAR-20 | Bloodsport (Minimal Wear),False,True,,True,True,45,True,True,42,0.0975,13.0351,11.62,15.96
AUG | Death by Puppy (Minimal Wear),False,True,,True,True,45,True,True,44,0.1417,5.8073,5.2,9.29
StatTrak™ AUG | Stymphalian (Field-Tested),False,True,,True,True,45,True,True,45,0.1378,3.8687,3.34,4.66
★ Bowie Knife | Bright Water (Field-Tested),False,True,,True,True,45,True,True,45,0.0115,55.8262,54.97,57.43
StatTrak™ AK-47 | The Outsiders (Field-Tested),False,True,,True,True,46,True,True,43,0.0587,19.8789,18.91,23.13
SG 553 | Darkwing (Factory New),False,True,,True,True,46,True,True,44,0.2088,12.2165,9.46,16.23
StatTrak™ M4A4 | Magnesium (Minimal Wear),False,True,,True,True,46,True,True,44,0.1972,3.7041,3.37,8.51
P250 | Asiimov (Well-Worn),False,True,,True,True,46,True,True,46,0.0064,11.967,11.85,12.14
StatTrak™ USP-S | Cortex (Well-Worn),False,True,,True,True,46,True,True,46,0.0042,6.8841,6.82,6.98
★ Huntsman Knife | Bright Water (Minimal Wear),False,True,,True,True,46,True,True,46,0.017,62.5987,61.28,65.21
FAMAS | Bad Trip (Well-Worn),False,True,,True,True,47,True,True,47,0.0028,46.4302,46.17,46.77
R8 Revolver | Tango (Factory New),False,True,,True,True,47,True,True,47,0.197,6.2498,5.28,8.52
★ Survival Knife | Ultraviolet (Field-Tested),False,True,,True,True,47,True,True,47,0.03,64.5966,62.67,69.26
StatTrak™ AWP | Atheris (Well-Worn),False,True,,True,True,48,True,True,47,0.0098,8.1725,8.09,8.66
FAMAS | Eye of Athena (Field-Tested),False,True,,True,True,48,True,True,48,0.1093,6.2065,5.46,7.32
Tec-9 | Fuel Injector (Well-Worn),False,True,,True,True,48,True,True,48,0.0056,11.3583,11.24,11.54
SSG 08 | Dark Water (Minimal Wear),False,True,,True,True,49,True,True,45,0.2335,15.5208,13.61,37.26
AK-47 | Ice Coaled (Well-Worn),False,True,,True,True,49,True,True,46,0.0785,5.3322,5.22,7.96
M4A4 | Hellish (Well-Worn),False,True,,True,True,49,True,True,49,0.0182,23.1145,22.68,24.17
XM1014 | XOXO (Well-Worn),False,True,,True,True,49,True,True,49,0.0059,3.5271,3.48,3.56
★ Kukri Knife | Blue Steel (Field-Tested),False,True,,True,True,49,True,True,49,0.0201,82.8759,80.3,86.3
MP7 | Smoking Kills (Well-Worn),False,True,,True,True,50,True,True,47,0.0175,6.526,6.35,7.05
FAMAS | Pulse (Minimal Wear),False,True,,True,True,50,True,True,49,0.05,12.469,11.8,13.86
★ Falchion Knife | Black Laminate (Field-Tested),False,True,,True,True,50,True,True,50,0.0179,66.0538,65.24,70.5
StatTrak™ AWP | Ice Coaled (Battle-Scarred),False,True,,True,True,51,True,True,45,0.1735,13.0661,11.03,17.99
Negev | Lionfish (Factory New),False,True,,True,True,51,True,True,49,0.262,3.7298,2.97,5.65
★ Bowie Knife | Rust Coat (Battle-Scarred),False,True,,True,True,51,True,True,50,0.1188,51.7843,49.16,75.86
Five-SeveN | Capillary (Factory New),False,True,,True,True,52,True,True,51,0.2078,5.1256,3.76,6.71
Tec-9 | Urban DDPAT (Factory New),False,True,,True,True,52,True,True,51,0.1285,5.67,4.99,7.05
P250 | Kintsugi (Well-Worn),False,True,,True,True,52,True,True,52,0.0036,6.5246,6.49,6.54
M4A4 | Desolate Space (Battle-Scarred),False,True,,True,True,53,True,True,50,0.128,13.8162,12.62,18.65
FAMAS | Bad Trip (Minimal Wear),False,True,,True,True,53,True,True,52,0.0371,51.4258,50.02,55.71
★ Shadow Daggers | Lore (Field-Tested),False,True,,True,True,53,True,True,53,0.0321,59.5636,56.98,63.83
StatTrak™ AWP | Duality (Battle-Scarred),False,True,,True,True,54,True,True,54,0.216,6.6167,5.48,9.75
UMP-45 | Wild Child (Battle-Scarred),False,True,,True,True,54,True,True,54,0.1382,3.275,2.95,4.65
AK-47 | Aquamarine Revenge (Well-Worn),False,True,,True,True,55,True,True,54,0.0116,36.9875,36.49,39.33
AK-47 | Aquamarine Revenge (Battle-Scarred),False,True,,True,True,55,True,True,55,0.0495,40.356,39.12,51.57
MAG-7 | Justice (Field-Tested),False,True,,True,True,55,True,True,55,0.1166,6.328,5.79,8.24
★ Bowie Knife | Black Laminate (Field-Tested),False,True,,True,True,55,True,True,55,0.0173,59.4075,58.53,62.65
★ Kukri Knife | Urban Masked (Field-Tested),False,True,,True,True,55,True,True,55,0.0464,51.408,49.33,56.45
★ Navaja Knife | Marble Fade (Factory New),False,True,,True,True,56,True,True,55,0.0377,102.2793,99.96,113.91
Glock-18 | Fully Tuned (Battle-Scarred),False,True,,True,True,56,True,True,56,0.0049,50.3163,50.14,51.61
★ Huntsman Knife | Black Laminate (Field-Tested),False,True,,True,True,56,True,True,56,0.0229,65.2682,64.05,70.93
P250 | Cartel (Field-Tested),False,True,,True,True,57,True,True,55,0.0986,10.1828,9.61,16.45
StatTrak™ Galil AR | Chromatic Aberration (Field-Tested),False,True,,True,True,57,True,True,55,0.1381,7.6825,6.76,10.11
MP7 | Akoben (Factory New),False,True,,True,True,57,True,True,56,0.192,6.4288,5.49,8.78
StatTrak™ M4A4 | Turbine (Field-Tested),False,True,,True,True,57,True,True,56,0.1557,3.2947,2.89,4.4
StatTrak™ MAC-10 | Saibā Oni (Minimal Wear),False,True,,True,True,57,True,True,56,0.1233,6.9349,5.5,7.96
★ Huntsman Knife | Rust Coat (Battle-Scarred),False,True,,True,True,57,True,True,56,0.1081,58.7965,55.3,79.16
AWP | Wildfire (Battle-Scarred),False,True,,True,True,57,True,True,57,0.0432,44.1637,42.59,53.29
FAMAS | Commemoration (Field-Tested),False,True,,True,True,57,True,True,57,0.0267,36.177,35.07,38.35
UMP-45 | Exposure (Factory New),False,True,,True,True,57,True,True,57,0.2318,6.4695,5.11,8.83
★ Kukri Knife | Boreal Forest (Field-Tested),False,True,,True,True,57,True,True,57,0.0378,46.8698,45.2,50.01
P90 | Chopper (Factory New),False,True,,True,True,58,True,True,56,0.2139,10.3933,8.11,14.25
Glock-18 | Wasteland Rebel (Field-Tested),False,True,,True,True,58,True,True,57,0.022,102.4674,100.22,114.84
P90 | Shapewood (Field-Tested),False,True,,True,True,58,True,True,57,0.0767,9.824,9.22,11.62
StatTrak™ MP7 | Bloodsport (Field-Tested),False,True,,True,True,58,True,True,57,0.0417,24.4274,23.49,27.0
MP9 | Starlight Protector (Battle-Scarred),False,True,,True,True,58,True,True,58,0.0482,70.7553,68.46,82.36
USP-S | The Traitor (Battle-Scarred),False,True,,True,True,59,True,True,56,0.085,33.8319,32.29,47.7
AUG | Fleet Flock (Field-Tested),False,True,,True,True,59,True,True,59,0.0633,12.8624,12.2,14.57
M4A1-S | Nightmare (Well-Worn),False,True,,True,True,59,True,True,59,0.0041,8.5081,8.43,8.66
AK-47 | Cartel (Battle-Scarred),False,True,,True,True,60,True,True,56,0.1578,17.3825,16.59,37.75
StatTrak™ MAC-10 | Disco Tech (Field-Tested),False,True,,True,True,60,True,True,58,0.1089,8.5683,7.91,11.99
P90 | Nostalgia (Field-Tested),False,True,,True,True,60,True,True,59,0.0793,4.4665,4.12,5.22
P90 | Deathgaze (Well-Worn),False,True,,True,True,60,True,True,60,0.0108,6.61,6.56,6.71
★ Huntsman Knife | Bright Water (Field-Tested),False,True,,True,True,60,True,True,60,0.0144,57.5652,56.52,59.76
AWP | Exoskeleton (Minimal Wear),False,True,,True,True,61,True,True,58,0.0343,16.8608,16.47,19.61
AWP | Green Energy (Battle-Scarred),False,True,,True,True,61,True,True,59,0.1191,12.3972,11.19,16.02
USP-S | Monster Mashup (Field-Tested),False,True,,True,True,61,True,True,59,0.1332,25.7428,24.41,50.62
Dual Berettas | Panther (Minimal Wear),False,True,,True,True,61,True,True,61,0.067,5.2707,4.66,5.68
StatTrak™ P250 | Asiimov (Battle-Scarred),False,True,,True,True,61,True,True,61,0.1243,11.8738,11.3,19.42
StatTrak™ SSG 08 | Memorial (Factory New),False,True,,True,True,62,True,True,58,0.4536,4.2671,3.27,17.99
SG 553 | Integrale (Battle-Scarred),False,True,,True,True,62,True,True,59,0.2026,4.9724,4.25,7.53
StatTrak™ Five-SeveN | Monkey Business (Field-Tested),False,True,,True,True,62,True,True,62,0.1624,14.8079,12.91,19.91
★ Kukri Knife | Night Stripe (Field-Tested),False,True,,True,True,62,True,True,62,0.0306,52.5523,50.97,55.81
★ Nomad Knife | Ultraviolet (Field-Tested),False,True,,True,True,62,True,True,62,0.0359,118.7353,113.92,129.27
FAMAS | Rapid Eye Movement (Battle-Scarred),False,True,,True,True,63,True,True,56,0.2476,7.8948,6.41,17.75
MP5-SD | Phosphor (Minimal Wear),False,True,,True,True,63,True,True,61,0.1272,7.5113,6.35,9.26
Sawed-Off | Kiss♥Love (Well-Worn),False,True,,True,True,63,True,True,61,0.1916,3.5821,3.47,8.94
StatTrak™ AK-47 | Phantom Disruptor (Minimal Wear),False,True,,True,True,63,True,True,61,0.0356,20.4759,19.33,22.72
Dual Berettas | Melondrama (Battle-Scarred),False,True,,True,True,63,True,True,62,0.2049,7.5029,6.49,12.13
P2000 | Urban Hazard (Factory New),False,True,,True,True,63,True,True,62,0.1335,8.7424,6.99,11.11
AUG | Amber Slipstream (Factory New),False,True,,True,True,63,True,True,63,0.2314,2.9684,2.41,4.1
StatTrak™ AK-47 | Nightwish (Field-Tested),False,True,,True,True,63,True,True,63,0.0961,60.0783,55.54,74.72
StatTrak™ AK-47 | Head Shot (Minimal Wear),False,True,,True,True,64,True,True,60,0.0706,48.1567,44.32,58.91
AK-47 | Inheritance (Well-Worn),False,True,,True,True,64,True,True,61,0.0201,46.285,45.3,50.28
StatTrak™ M4A4 | Evil Daimyo (Field-Tested),False,True,,True,True,64,True,True,61,0.0522,8.6034,8.27,10.54
StatTrak™ MP7 | Abyssal Apparition (Field-Tested),False,True,,True,True,64,True,True,62,0.1783,6.78,5.55,8.62
UMP-45 | Wild Child (Well-Worn),False,True,,True,True,64,True,True,63,0.1635,3.3581,3.26,7.68
★ Kukri Knife | Safari Mesh (Field-Tested),False,True,,True,True,64,True,True,64,0.0206,43.5066,42.63,45.75
StatTrak™ P2000 | Wicked Sick (Minimal Wear),False,True,,True,True,65,True,True,62,0.1737,9.5838,6.93,12.5
AK-47 | Midnight Laminate (Battle-Scarred),False,True,,True,True,65,True,True,63,0.0949,3.4402,3.07,4.27
Sawed-Off | Devourer (Field-Tested),False,True,,True,True,65,True,True,64,0.1458,5.0831,4.41,6.41
AWP | Hyper Beast (Well-Worn),False,True,,True,True,65,True,True,65,0.0036,34.1169,33.84,34.36
MP9 | Food Chain (Well-Worn),False,True,,True,True,66,True,True,64,0.0082,3.5529,3.52,3.71
M4A4 | Full Throttle (Battle-Scarred),False,True,,True,True,66,True,True,65,0.0952,31.0603,28.67,41.02
StatTrak™ AK-47 | Searing Rage (Battle-Scarred),False,True,,True,True,66,True,True,65,0.1463,9.4165,8.52,12.69
P250 | Kintsugi (Field-Tested),False,True,,True,True,66,True,True,66,0.0,7.31,7.31,7.31
Galil AR | Chromatic Aberration (Battle-Scarred),False,True,,True,True,67,True,True,64,0.222,3.604,3.26,8.3
Glock-18 | Wraiths (Factory New),False,True,,True,True,67,True,True,64,0.1586,17.5509,14.42,22.04
★ Kukri Knife | Scorched (Field-Tested),False,True,,True,True,67,True,True,67,0.0193,47.1112,46.29,49.88
Galil AR | Chatterbox (Battle-Scarred),False,True,,True,True,68,True,True,67,0.0219,109.7565,107.26,125.84
P250 | Vino Primo (Minimal Wear),False,True,,True,True,68,True,True,67,0.0702,4.021,3.72,4.93
StatTrak™ UMP-45 | Wild Child (Field-Tested),False,True,,True,True,68,True,True,67,0.2361,4.0626,3.36,5.89
UMP-45 | K.O. Factory (Battle-Scarred),False,True,,True,True,69,True,True,67,0.1269,4.5567,4.28,6.53
★ Navaja Knife | Tiger Tooth (Factory New),False,True,,True,True,69,True,True,68,0.0521,75.1407,71.42,89.41
AK-47 | The Outsiders (Battle-Scarred),False,True,,True,True,69,True,True,69,0.0589,8.7555,8.47,10.81
FAMAS | Roll Cage (Field-Tested),False,True,,True,True,69,True,True,69,0.0315,105.5441,100.01,112.43
Five-SeveN | Fowl Play (Field-Tested),False,True,,True,True,69,True,True,69,0.0502,20.2017,19.32,22.94
SG 553 | Cyrex (Field-Tested),False,True,,True,True,69,True,True,69,0.0985,5.2683,4.87,6.56
Tec-9 | Blue Titanium (Factory New),False,True,,True,True,69,True,True,69,0.1292,20.5803,18.63,31.06
SSG 08 | Big Iron (Field-Tested),False,True,,True,True,70,True,True,68,0.0912,11.7461,10.6,15.83
StatTrak™ Galil AR | Control (Factory New),False,True,,True,True,70,True,True,68,0.2569,7.2367,5.44,10.29
M4A1-S | Decimator (Battle-Scarred),False,True,,True,True,70,True,True,69,0.0532,13.9813,13.67,17.83
P250 | See Ya Later (Minimal Wear),False,True,,True,True,70,True,True,69,0.0354,98.1159,95.15,107.84
P90 | Deathgaze (Minimal Wear),False,True,,True,True,70,True,True,69,0.0165,13.8473,13.82,15.73
StatTrak™ AK-47 | Searing Rage (Well-Worn),False,True,,True,True,70,True,True,69,0.0282,9.0964,8.72,9.52
StatTrak™ M4A4 | Neo-Noir (Field-Tested),False,True,,True,True,70,True,True,70,0.0991,37.0529,34.28,47.45
AK-47 | The Oligarch (Battle-Scarred),False,True,,True,True,71,True,True,69,0.0985,48.1741,44.15,64.0
StatTrak™ M4A4 | Evil Daimyo (Minimal Wear),False,True,,True,True,71,True,True,69,0.0529,13.8103,13.17,15.62
StatTrak™ P2000 | Wicked Sick (Field-Tested),False,True,,True,True,71,True,True,69,0.2156,4.0931,3.38,5.75
StatTrak™ AK-47 | Phantom Disruptor (Field-Tested),False,True,,True,True,72,True,True,68,0.1134,14.8522,14.3,27.87
★ Survival Knife | Rust Coat (Battle-Scarred),False,True,,True,True,72,True,True,69,0.1855,50.7943,44.57,84.69
★ Bowie Knife | Lore (Field-Tested),False,True,,True,True,72,True,True,71,0.0219,88.3597,86.27,94.7
StatTrak™ M4A4 | Temukau (Field-Tested),False,True,,True,True,72,True,True,72,0.0883,36.1774,34.06,46.42
StatTrak™ USP-S | Jawbreaker (Battle-Scarred),False,True,,True,True,73,True,True,69,0.1841,8.3201,7.33,12.2
Dual Berettas | Hydro Strike (Factory New),False,True,,True,True,73,True,True,72,0.2309,15.0145,11.17,21.9
Five-SeveN | Boost Protocol (Field-Tested),False,True,,True,True,73,True,True,72,0.0494,3.2749,3.03,3.53
M4A4 | Tooth Fairy (Battle-Scarred),False,True,,True,True,73,True,True,72,0.0549,3.9347,3.83,4.9
StatTrak™ Dual Berettas | Melondrama (Minimal Wear),False,True,,True,True,73,True,True,72,0.1903,7.3768,6.26,9.67
★ Falchion Knife | Autotronic (Field-Tested),False,True,,True,True,73,True,True,72,0.0219,103.7716,101.61,111.6
AUG | Chameleon (Field-Tested),False,True,,True,True,73,True,True,73,0.0076,79.1333,77.9,81.0
P2000 | Wicked Sick (Well-Worn),False,True,,True,True,73,True,True,73,0.0097,3.3777,3.34,3.47
AK-47 | Head Shot (Well-Worn),False,True,,True,True,74,True,True,71,0.0244,33.9897,33.44,39.07
MP7 | Abyssal Apparition (Battle-Scarred),False,True,,True,True,74,True,True,72,0.1682,7.0815,6.35,10.19
P250 | Asiimov (Battle-Scarred),False,True,,True,True,74,True,True,72,0.4469,13.3001,11.99,61.98
MP9 | Urban Sovereign (Factory New),False,True,,True,True,74,True,True,74,0.0022,7.7228,7.72,7.84
P250 | Verdigris (Factory New),False,True,,True,True,74,True,True,74,0.201,5.6839,4.55,7.55
AK-47 | Nouveau Rouge (Well-Worn),False,True,,True,True,75,True,True,74,0.0116,11.5411,11.39,12.35
Negev | dev_texture (Factory New),False,True,,True,True,75,True,True,74,0.265,4.7305,3.65,7.03
Tec-9 | Remote Control (Minimal Wear),False,True,,True,True,76,True,True,74,0.1592,6.9326,6.16,14.67
FAMAS | Djinn (Field-Tested),False,True,,True,True,76,True,True,75,0.0731,13.3221,12.65,16.55
StatTrak™ AK-47 | Legion of Anubis (Field-Tested),False,True,,True,True,76,True,True,75,0.0831,34.8438,33.39,57.64
StatTrak™ UMP-45 | Moonrise (Factory New),False,True,,True,True,77,True,True,74,0.2738,4.4039,3.25,9.64
★ Nomad Knife | Rust Coat (Battle-Scarred),False,True,,True,True,77,True,True,75,0.1557,106.9232,98.2,157.76
StatTrak™ AWP | Phobos (Minimal Wear),False,True,,True,True,78,True,True,76,0.0633,6.1454,5.95,9.01
AUG | Stymphalian (Factory New),False,True,,True,True,78,True,True,77,0.2203,25.5901,20.71,37.8
Galil AR | Chromatic Aberration (Well-Worn),False,True,,True,True,78,True,True,78,0.0041,3.6055,3.58,3.69
P2000 | Wicked Sick (Battle-Scarred),False,True,,True,True,79,True,True,76,0.1593,3.3842,3.06,5.06
StatTrak™ M4A1-S | Leaded Glass (Field-Tested),False,True,,True,True,79,True,True,77,0.0319,13.951,13.66,16.49
Desert Eagle | Firebreathing (Minimal Wear),False,True,,True,True,79,True,True,78,0.0537,2.9991,2.98,4.41
Five-SeveN | Angry Mob (Field-Tested),False,True,,True,True,79,True,True,79,0.0383,60.7385,57.24,69.77
Five-SeveN | Boost Protocol (Minimal Wear),False,True,,True,True,79,True,True,79,0.0941,5.3367,4.91,6.28
P90 | Trigon (Field-Tested),False,True,,True,True,79,True,True,79,0.0516,9.9389,9.63,11.19
★ Paracord Knife | Rust Coat (Battle-Scarred),False,True,,True,True,79,True,True,79,0.1746,51.0452,45.06,78.67
MAC-10 | Heat (Field-Tested),False,True,,True,True,80,True,True,77,0.1748,3.6586,2.9,4.54
StatTrak™ UMP-45 | K.O. Factory (Field-Tested),False,True,,True,True,80,True,True,78,0.1519,6.9979,5.84,8.72
P250 | Kintsugi (Minimal Wear),False,True,,True,True,80,True,True,80,0.0008,13.6312,13.63,13.73
M4A1-S | Flashback (Well-Worn),False,True,,True,True,81,True,True,77,0.0105,3.6746,3.61,3.83
AK-47 | Frontside Misty (Well-Worn),False,True,,True,True,81,True,True,79,0.0106,16.9252,16.72,18.02
StatTrak™ Desert Eagle | Mecha Industries (Minimal Wear),False,True,,True,True,82,True,True,77,0.0596,16.9918,16.25,20.87
Nova | Moon in Libra (Factory New),False,True,,True,True,82,True,True,81,0.2346,11.662,9.21,16.99
AWP | Printstream (Battle-Scarred),False,True,,True,True,82,True,True,82,0.0541,44.9843,43.41,58.53
StatTrak™ Glock-18 | Shinobu (Minimal Wear),False,True,,True,True,83,True,True,74,0.2732,21.4267,19.54,64.8
M4A1-S | Black Lotus (Well-Worn),False,True,,True,True,84,True,True,79,0.0221,6.3106,6.15,6.95
StatTrak™ AWP | Mortis (Minimal Wear),False,True,,True,True,84,True,True,80,0.094,10.6752,10.16,17.67
PP-Bizon | High Roller (Field-Tested),False,True,,True,True,84,True,True,83,0.0677,10.2019,9.64,12.0
★ Bowie Knife | Marble Fade (Factory New),False,True,,True,True,84,True,True,84,0.0305,161.9239,158.86,180.94
AWP | Mortis (Battle-Scarred),False,True,,True,True,85,True,True,79,0.093,4.2359,4.01,6.15
M4A1-S | Nightmare (Battle-Scarred),False,True,,True,True,85,True,True,80,0.4215,9.4779,8.35,34.33
MP9 | Goo (Factory New),False,True,,True,True,85,True,True,85,0.2224,8.2127,6.94,11.96
★ Huntsman Knife | Autotronic (Field-Tested),False,True,,True,True,85,True,True,85,0.0202,104.3979,102.38,111.43
AK-47 | The Oligarch (Well-Worn),False,True,,True,True,86,True,True,82,0.0327,45.5224,44.22,57.57
Glock-18 | Fully Tuned (Minimal Wear),False,True,,True,True,86,True,True,85,0.0103,111.9902,111.76,118.19
M4A1-S | Flashback (Battle-Scarred),False,True,,True,True,86,True,True,86,0.0978,3.6686,3.47,5.07
MP9 | Arctic Tri-Tone (Battle-Scarred),False,True,,True,True,86,True,True,86,0.0386,4.545,4.39,5.47
R8 Revolver | Llama Cannon (Field-Tested),False,True,,True,True,87,True,True,86,0.0844,10.5052,9.71,12.25
AK-47 | Breakthrough (Minimal Wear),False,True,,True,True,87,True,True,87,0.0039,9.0467,9.04,9.28
AUG | Stymphalian (Minimal Wear),False,True,,True,True,87,True,True,87,0.1601,6.3095,5.4,7.72
★ Bowie Knife | Autotronic (Field-Tested),False,True,,True,True,87,True,True,87,0.0197,84.0623,82.2,88.18
★ Falchion Knife | Lore (Field-Tested),False,True,,True,True,87,True,True,87,0.0264,103.7733,100.78,110.79
AUG | Syd Mead (Minimal Wear),False,True,,True,True,88,True,True,88,0.1225,13.7473,11.71,16.6
USP-S | The Traitor (Well-Worn),False,True,,True,True,89,True,True,89,0.0075,36.5046,36.06,37.82
★ Kukri Knife | Slaughter (Minimal Wear),False,True,,True,True,89,True,True,89,0.0121,132.374,130.54,135.66
AWP | Ice Coaled (Well-Worn),False,True,,True,True,90,True,True,88,0.0117,6.6168,6.51,6.9
Glock-18 | Bullet Queen (Field-Tested),False,True,,True,True,90,True,True,89,0.0549,61.0603,58.62,72.74
★ Falchion Knife | Tiger Tooth (Factory New),False,True,,True,True,90,True,True,89,0.0332,149.7808,144.64,176.46
AWP | Queen's Gambit (Well-Worn),False,True,,True,True,90,True,True,90,0.0016,62.5523,62.54,63.48
StatTrak™ MP9 | Starlight Protector (Field-Tested),False,True,,True,True,90,True,True,90,0.086,60.4916,56.29,74.05
StatTrak™ M4A1-S | Decimator (Field-Tested),False,True,,True,True,91,True,True,88,0.2785,30.2064,28.42,108.76
Desert Eagle | Conspiracy (Field-Tested),False,True,,True,True,91,True,True,90,0.0179,19.6382,19.29,22.55
Glock-18 | Fully Tuned (Well-Worn),False,True,,True,True,91,True,True,90,0.0083,61.6709,61.61,66.44
UMP-45 | Wild Child (Factory New),False,True,,True,True,91,True,True,90,0.2317,34.1848,25.78,46.96
Glock-18 | Snack Attack (Field-Tested),False,True,,True,True,92,True,True,85,0.0749,17.4416,16.57,22.85
AWP | Chrome Cannon (Battle-Scarred),False,True,,True,True,93,True,True,92,0.1027,28.9269,27.17,37.61
M4A4 | Desert-Strike (Field-Tested),False,True,,True,True,94,True,True,92,0.0506,33.4859,31.71,38.65
AUG | Chameleon (Minimal Wear),False,True,,True,True,94,True,True,94,0.0199,81.1936,79.35,85.1
USP-S | Cortex (Battle-Scarred),False,True,,True,True,95,True,True,86,0.1262,3.8604,3.56,5.35
StatTrak™ UMP-45 | K.O. Factory (Minimal Wear),False,True,,True,True,95,True,True,92,0.2175,11.4619,8.81,14.97
UMP-45 | Momentum (Field-Tested),False,True,,True,True,95,True,True,95,0.0729,4.8495,4.36,5.35
★ Hand Wraps | Giraffe (Field-Tested),False,True,,True,True,95,True,True,95,0.0632,49.7019,46.43,54.94
★ Paracord Knife | Tiger Tooth (Factory New),False,True,,True,True,95,True,True,95,0.0411,116.062,113.26,142.62
MP5-SD | Phosphor (Field-Tested),False,True,,True,True,96,True,True,95,0.0822,4.5002,4.25,5.52
★ Skeleton Knife | Rust Coat (Battle-Scarred),False,True,,True,True,96,True,True,95,0.1449,138.7608,128.25,226.02
AK-47 | Orbit Mk01 (Field-Tested),False,True,,True,True,97,True,True,95,0.018,30.7143,30.04,33.85
AK-47 | Nightwish (Well-Worn),False,True,,True,True,97,True,True,96,0.0085,67.7999,66.9,72.67
MP9 | Airlock (Minimal Wear),False,True,,True,True,97,True,True,96,0.0721,13.1957,12.65,16.37
Nova | Rising Sun (Factory New),False,True,,True,True,97,True,True,96,0.1804,8.8051,7.06,11.7
P90 | Deathgaze (Field-Tested),False,True,,True,True,97,True,True,97,0.012,6.4392,6.4,6.59
StatTrak™ USP-S | Cortex (Minimal Wear),False,True,,True,True,98,True,True,93,0.0483,14.9914,14.12,18.68
MAC-10 | Lapis Gator (Factory New),False,True,,True,True,98,True,True,94,0.1761,5.7903,5.19,8.45
MP7 | Just Smile (Factory New),False,True,,True,True,98,True,True,96,0.216,10.8139,7.8,15.22
MP9 | Starlight Protector (Minimal Wear),False,True,,True,True,98,True,True,97,0.03,77.3183,75.34,84.94
StatTrak™ Glock-18 | Water Elemental (Field-Tested),False,True,,True,True,98,True,True,98,0.0387,24.3492,23.49,27.99
StatTrak™ AWP | PAW (Factory New),False,True,,True,True,99,True,True,94,0.27,16.3558,14.09,44.27
Galil AR | Rocket Pop (Factory New),False,True,,True,True,99,True,True,95,2.1656,28.1544,17.82,627.72
StatTrak™ AWP | Phobos (Factory New),False,True,,True,True,99,True,True,95,0.178,9.4497,8.42,15.51
PP-Bizon | Osiris (Factory New),False,True,,True,True,99,True,True,97,0.229,6.4786,5.47,9.72
AK-47 | Nightwish (Battle-Scarred),False,True,,True,True,99,True,True,99,0.1236,74.3932,66.17,113.88
MP5-SD | Kitbash (Factory New),False,True,,True,True,100,True,True,98,0.2333,5.48,4.09,7.5
MP9 | Airlock (Field-Tested),False,True,,True,True,101,True,True,101,0.0757,12.111,11.47,15.14
★ Hand Wraps | Constrictor (Field-Tested),False,True,,True,True,101,True,True,101,0.0633,54.9795,51.55,60.89
MAC-10 | Disco Tech (Minimal Wear),False,True,,True,True,102,True,True,95,0.1046,8.9987,8.3,13.19
★ Hydra Gloves | Mangrove (Field-Tested),False,True,,True,True,102,True,True,102,0.0314,36.9829,35.46,38.93
USP-S | Neo-Noir (Minimal Wear),False,True,,True,True,104,True,True,100,0.028,91.1428,87.68,100.7
P2000 | Imperial Dragon (Field-Tested),False,True,,True,True,104,True,True,104,0.0621,12.6178,11.74,13.83
★ Survival Knife | Tiger Tooth (Factory New),False,True,,True,True,104,True,True,104,0.0291,112.0248,110.15,134.08
AWP | Exoskeleton (Battle-Scarred),False,True,,True,True,105,True,True,101,0.1654,5.6174,4.75,8.66
Glock-18 | Mirror Mosaic (Well-Worn),False,True,,True,True,106,True,True,101,0.0144,6.8604,6.43,7.17
P90 | Wave Breaker (Factory New),False,True,,True,True,106,True,True,103,0.1812,8.7005,7.24,11.68
StatTrak™ Glock-18 | Block-18 (Factory New),False,True,,True,True,107,True,True,101,0.2129,7.094,5.35,10.58
AWP | Chrome Cannon (Well-Worn),False,True,,True,True,107,True,True,102,0.0166,27.6142,27.21,31.33
M4A1-S | Control Panel (Well-Worn),False,True,,True,True,108,True,True,104,0.0167,5.6801,5.63,6.49
StatTrak™ Glock-18 | Grinder (Minimal Wear),False,True,,True,True,108,True,True,105,0.03,7.257,6.83,7.96
StatTrak™ M4A4 | Tooth Fairy (Minimal Wear),False,True,,True,True,108,True,True,107,0.1393,14.0895,12.1,18.05
Desert Eagle | Firebreathing (Factory New),False,True,,True,True,109,True,True,105,0.1422,9.1137,8.88,19.18
AWP | Hyper Beast (Battle-Scarred),False,True,,True,True,109,True,True,107,0.2017,40.2615,34.15,60.26
SG 553 | Pulse (Minimal Wear),False,True,,True,True,109,True,True,107,0.1497,8.4497,7.72,14.2
AUG | Syd Mead (Field-Tested),False,True,,True,True,110,True,True,110,0.0923,12.7981,11.32,14.55
Desert Eagle | Light Rail (Factory New),False,True,,True,True,111,True,True,108,0.1523,20.0704,16.97,26.95
Dual Berettas | Melondrama (Factory New),False,True,,True,True,111,True,True,108,0.2354,33.8758,25.74,47.87
StatTrak™ AWP | PAW (Field-Tested),False,True,,True,True,112,True,True,105,0.0277,7.1079,6.91,8.2
UMP-45 | Continuum (Factory New),False,True,,True,True,112,True,True,110,0.2026,5.0449,4.22,7.06
StatTrak™ P90 | Wave Breaker (Factory New),False,True,,True,True,112,True,True,111,0.1765,8.8504,6.9,11.86
P250 | See Ya Later (Field-Tested),False,True,,True,True,112,True,True,112,0.0454,103.0722,97.46,114.36
★ Huntsman Knife | Lore (Field-Tested),False,True,,True,True,112,True,True,112,0.032,100.5796,96.87,107.67
P90 | Shallow Grave (Field-Tested),False,True,,True,True,113,True,True,111,0.099,38.5348,34.47,45.7
★ Paracord Knife | Marble Fade (Factory New),False,True,,True,True,113,True,True,113,0.0455,138.8065,135.75,172.08
StatTrak™ P250 | Visions (Minimal Wear),False,True,,True,True,114,True,True,112,0.2097,9.1681,6.72,20.18
MAC-10 | Neon Rider (Field-Tested),False,True,,True,True,114,True,True,114,0.0109,114.8073,112.06,118.69
Sawed-Off | Kiss♥Love (Factory New),False,True,,True,True,114,True,True,114,0.2138,34.7043,26.15,45.68
UMP-45 | Momentum (Minimal Wear),False,True,,True,True,114,True,True,114,0.1538,5.8716,5.3,8.04
★ Hydra Gloves | Rattler (Field-Tested),False,True,,True,True,114,True,True,114,0.0258,36.2732,34.94,38.12
StatTrak™ AWP | Duality (Minimal Wear),False,True,,True,True,115,True,True,110,0.1457,12.7625,10.71,15.78
StatTrak™ Desert Eagle | Mecha Industries (Field-Tested),False,True,,True,True,115,True,True,110,0.0304,13.094,12.52,15.58
StatTrak™ Glock-18 | Vogue (Minimal Wear),False,True,,True,True,116,True,True,111,0.136,12.8959,11.22,16.34
USP-S | Printstream (Battle-Scarred),False,True,,True,True,116,True,True,112,0.0366,34.8744,34.07,44.8
StatTrak™ M4A4 | Tooth Fairy (Field-Tested),False,True,,True,True,116,True,True,113,0.1121,7.5254,7.03,10.37
Galil AR | Chromatic Aberration (Minimal Wear),False,True,,True,True,116,True,True,114,0.0652,8.3999,8.06,10.88
StatTrak™ AWP | Worm God (Factory New),False,True,,True,True,118,True,True,115,0.1684,9.8433,9.07,15.88
MP7 | Abyssal Apparition (Well-Worn),False,True,,True,True,118,True,True,118,0.0325,6.3349,6.08,6.64
★ Hand Wraps | Arboreal (Field-Tested),False,True,,True,True,118,True,True,118,0.0762,50.4097,46.61,57.87
StatTrak™ AWP | PAW (Minimal Wear),False,True,,True,True,119,True,True,116,0.0326,8.4883,8.28,9.41
★ Survival Knife | Marble Fade (Factory New),False,True,,True,True,119,True,True,118,0.0425,135.2062,131.68,162.26
AWP | Exoskeleton (Field-Tested),False,True,,True,True,120,True,True,118,0.0899,5.8479,5.66,10.85
MP7 | Nemesis (Minimal Wear),False,True,,True,True,120,True,True,118,0.1516,9.4647,8.05,13.35
Dual Berettas | Melondrama (Well-Worn),False,True,,True,True,122,True,True,122,0.0075,6.4451,6.37,6.62
UMP-45 | Neo-Noir (Field-Tested),False,True,,True,True,123,True,True,120,0.1578,6.5445,5.64,8.3
Dual Berettas | Flora Carnivora (Factory New),False,True,,True,True,123,True,True,121,0.1686,10.7275,8.77,15.4
StatTrak™ XM1014 | Entombed (Field-Tested),False,True,,True,True,123,True,True,123,0.1043,6.1336,4.66,6.62
★ Hydra Gloves | Emerald (Field-Tested),False,True,,True,True,123,True,True,123,0.0394,41.5063,40.05,45.77
StatTrak™ AK-47 | Ice Coaled (Factory New),False,True,,True,True,124,True,True,114,0.2469,44.6041,35.88,76.18
AK-47 | Nightwish (Minimal Wear),False,True,,True,True,125,True,True,123,0.0336,78.4655,76.53,92.6
StatTrak™ Glock-18 | Shinobu (Field-Tested),False,True,,True,True,126,True,True,120,0.1282,9.0865,8.49,16.83
★ Nomad Knife | Tiger Tooth (Factory New),False,True,,True,True,126,True,True,125,0.0339,195.6353,191.27,233.45
MP9 | Hydra (Minimal Wear),False,True,,True,True,127,True,True,125,0.0988,12.4176,11.97,22.77
UMP-45 | Crimson Foil (Battle-Scarred),False,True,,True,True,127,True,True,126,0.021,4.5041,4.27,5.32
StatTrak™ Desert Eagle | Printstream (Field-Tested),False,True,,True,True,128,True,True,122,0.0915,66.0388,60.08,83.66
Glock-18 | Neo-Noir (Field-Tested),False,True,,True,True,128,True,True,127,0.0717,41.658,39.23,50.26
StatTrak™ Dual Berettas | Melondrama (Field-Tested),False,True,,True,True,128,True,True,128,0.1452,6.3434,5.54,8.03
★ Nomad Knife | Marble Fade (Factory New),False,True,,True,True,128,True,True,128,0.0354,234.894,228.22,274.28
M4A4 | Full Throttle (Minimal Wear),False,True,,True,True,129,True,True,119,0.0541,93.0808,87.88,122.27
SG 553 | Integrale (Field-Tested),False,True,,True,True,129,True,True,126,0.1958,10.3175,8.6,14.85
StatTrak™ P250 | Visions (Field-Tested),False,True,,True,True,129,True,True,128,0.1619,5.1637,4.08,6.34
MAG-7 | Monster Call (Factory New),False,True,,True,True,129,True,True,129,0.1773,7.8501,6.41,11.0
AK-47 | Wasteland Rebel (Field-Tested),False,True,,True,True,130,True,True,126,0.0399,85.5817,82.07,98.61
UMP-45 | K.O. Factory (Well-Worn),False,True,,True,True,130,True,True,130,0.0066,4.4903,4.44,4.56
R8 Revolver | Skull Crusher (Field-Tested),False,True,,True,True,131,True,True,129,0.0738,10.4282,9.58,13.09
Desert Eagle | Printstream (Battle-Scarred),False,True,,True,True,131,True,True,130,0.0378,37.115,35.67,46.99
MP9 | Latte Rush (Field-Tested),False,True,,True,True,132,True,True,127,0.1692,39.983,33.36,54.99
XM1014 | XOXO (Minimal Wear),False,True,,True,True,132,True,True,129,0.126,7.4387,6.72,9.76
UMP-45 | Primal Saber (Minimal Wear),False,True,,True,True,132,True,True,132,0.1313,14.9772,12.82,18.62
UMP-45 | Wild Child (Minimal Wear),False,True,,True,True,132,True,True,132,0.2111,8.1068,6.62,10.89
AWP | Crakow! (Well-Worn),False,True,,True,True,133,True,True,130,0.0286,24.9582,24.66,31.65
StatTrak™ AK-47 | Ice Coaled (Minimal Wear),False,True,,True,True,134,True,True,125,0.0932,20.2559,19.38,38.35
Desert Eagle | Code Red (Field-Tested),False,True,,True,True,134,True,True,133,0.0581,45.9578,43.63,54.66
StatTrak™ Zeus x27 | Olympus (Minimal Wear),False,True,,True,True,135,True,True,130,0.18,12.9582,9.64,19.33
StatTrak™ Glock-18 | Moonrise (Minimal Wear),False,True,,True,True,136,True,True,130,0.2042,3.4358,3.19,9.59
AWP | POP AWP (Minimal Wear),False,True,,True,True,136,True,True,133,0.0373,13.0171,12.6,14.93
XM1014 | Incinegator (Field-Tested),False,True,,True,True,136,True,True,134,0.19,7.4893,5.66,9.6
StatTrak™ AWP | Mortis (Field-Tested),False,True,,True,True,137,True,True,130,0.1095,7.4622,7.16,14.46
StatTrak™ USP-S | Jawbreaker (Field-Tested),False,True,,True,True,137,True,True,130,0.274,10.674,9.79,42.1
StatTrak™ AWP | Worm God (Field-Tested),False,True,,True,True,139,True,True,133,0.0191,5.9688,5.86,6.68
StatTrak™ Zeus x27 | Olympus (Field-Tested),False,True,,True,True,139,True,True,135,0.1559,6.502,5.65,13.71
AWP | Green Energy (Factory New),False,True,,True,True,140,True,True,130,0.1994,106.5141,86.11,226.2
AWP | Chrome Cannon (Minimal Wear),False,True,,True,True,140,True,True,133,0.0801,41.6596,39.99,73.63
Galil AR | Blue Titanium (Factory New),False,True,,True,True,141,True,True,134,0.1158,17.8701,16.45,26.56
FAMAS | Rapid Eye Movement (Factory New),False,True,,True,True,141,True,True,139,0.1864,35.4348,27.89,50.33
AK-47 | The Empress (Minimal Wear),False,True,,True,True,142,True,True,133,0.3428,97.8185,91.13,492.56
AWP | Queen's Gambit (Field-Tested),False,True,,True,True,142,True,True,140,0.0118,74.2368,74.11,83.18
StatTrak™ M4A1-S | Black Lotus (Minimal Wear),False,True,,True,True,143,True,True,135,0.0722,24.5236,23.01,30.69
UMP-45 | K.O. Factory (Factory New),False,True,,True,True,144,True,True,143,0.2378,31.6466,23.15,46.21
★ Kukri Knife | Crimson Web (Field-Tested),False,True,,True,True,144,True,True,144,0.0606,96.3822,89.0,107.88
USP-S | Cortex (Well-Worn),False,True,,True,True,145,True,True,143,0.1362,3.5813,3.51,9.41
USP-S | Neo-Noir (Field-Tested),False,True,,True,True,145,True,True,144,0.031,99.0411,96.24,110.53
AWP | Printstream (Well-Worn),False,True,,True,True,146,True,True,138,0.0897,45.5013,44.47,93.72
StatTrak™ AK-47 | Uncharted (Minimal Wear),False,True,,True,True,146,True,True,140,0.0337,3.0345,2.94,3.89
MAC-10 | Neon Rider (Minimal Wear),False,True,,True,True,146,True,True,144,1.1845,127.6554,112.99,1942.11
★ Navaja Knife | Doppler (Factory New),False,True,,True,True,147,True,True,146,0.4667,184.9659,119.63,417.41
AWP | Green Energy (Minimal Wear),False,True,,True,True,148,True,True,145,0.0717,27.9753,26.33,35.97
★ Hand Wraps | Desert Shamagh (Field-Tested),False,True,,True,True,148,True,True,148,0.0628,48.7989,45.73,55.19
USP-S | Jawbreaker (Battle-Scarred),False,True,,True,True,150,True,True,145,0.1402,3.9108,3.59,5.59
SSG 08 | Turbo Peek (Field-Tested),False,True,,True,True,151,True,True,149,0.0766,18.1542,17.09,22.91
AUG | Momentum (Field-Tested),False,True,,True,True,151,True,True,151,0.1707,6.7709,5.64,8.7
SSG 08 | Fever Dream (Factory New),False,True,,True,True,151,True,True,151,0.1882,5.289,4.67,8.06
PP-Bizon | Brass (Factory New),False,True,,True,True,153,True,True,151,0.1789,8.5433,6.35,11.77
M4A4 | In Living Color (Minimal Wear),False,True,,True,True,153,True,True,153,0.0532,57.1263,54.66,65.27
Sawed-Off | Kiss♥Love (Minimal Wear),False,True,,True,True,153,True,True,153,0.1778,8.071,6.69,10.3
★ Broken Fang Gloves | Jade (Field-Tested),False,True,,True,True,153,True,True,153,0.0564,97.0799,90.81,107.8
AK-47 | Ice Coaled (Battle-Scarred),False,True,,True,True,154,True,True,139,0.1161,4.636,4.31,9.33
AK-47 | Rat Rod (Field-Tested),False,True,,True,True,154,True,True,148,0.0567,4.8597,4.69,6.92
MAG-7 | Navy Sheen (Factory New),False,True,,True,True,154,True,True,149,0.2456,1.8776,1.5,2.97
StatTrak™ Glock-18 | Shinobu (Battle-Scarred),False,True,,True,True,156,True,True,154,0.2126,9.4573,8.11,15.58
StatTrak™ SG 553 | Pulse (Field-Tested),False,True,,True,True,156,True,True,155,0.1767,4.8273,4.14,6.63
SG 553 | Dragon Tech (Factory New),False,True,,True,True,158,True,True,156,0.2385,3.7385,2.83,5.12
Zeus x27 | Dragon Snore (Minimal Wear),False,True,,True,True,159,True,True,159,0.1205,39.4847,34.25,47.94
AK-47 | Emerald Pinstripe (Well-Worn),False,True,,True,True,160,True,True,148,0.0316,2.5317,2.5,3.38
AK-47 | Baroque Purple (Minimal Wear),False,True,,True,True,160,True,True,155,0.055,14.5336,14.0,21.08
AWP | Elite Build (Field-Tested),False,True,,True,True,161,True,True,157,0.0407,14.4016,13.97,18.3
XM1014 | Entombed (Factory New),False,True,,True,True,161,True,True,158,0.2463,12.0669,8.45,15.94
★ Driver Gloves | Racing Green (Field-Tested),False,True,,True,True,161,True,True,161,0.0955,39.5024,35.83,46.96
M4A4 | Spider Lily (Field-Tested),False,True,,True,True,163,True,True,156,0.0715,9.1282,8.58,11.72
P250 | Epicenter (Field-Tested),False,True,,True,True,163,True,True,161,0.1411,6.524,5.43,8.01
USP-S | Jawbreaker (Well-Worn),False,True,,True,True,164,True,True,156,0.0488,3.614,3.55,5.48
AWP | Neo-Noir (Minimal Wear),False,True,,True,True,164,True,True,157,0.0633,46.5923,45.1,77.14
M4A1-S | Atomic Alloy (Field-Tested),False,True,,True,True,164,True,True,158,0.1015,33.5431,32.23,62.6
AWP | Black Nile (Field-Tested),False,True,,True,True,165,True,True,150,0.0707,3.5467,3.39,4.76
Desert Eagle | Kumicho Dragon (Field-Tested),False,True,,True,True,165,True,True,162,0.0322,20.7144,20.08,23.13
AK-47 | Aquamarine Revenge (Minimal Wear),False,True,,True,True,166,True,True,165,0.0473,72.9979,70.47,100.2
AK-47 | Neon Rider (Minimal Wear),False,True,,True,True,167,True,True,154,0.0447,78.3437,75.03,90.03
AWP | Duality (Battle-Scarred),False,True,,True,True,167,True,True,156,0.1602,3.6671,3.3,7.36
AK-47 | Redline (Battle-Scarred),False,True,,True,True,167,True,True,160,0.1202,30.1431,28.96,74.35
AWP | Sun in Leo (Field-Tested),False,True,,True,True,167,True,True,164,0.0938,22.6899,21.81,48.22
M4A4 | Polysoup (Field-Tested),False,True,,True,True,167,True,True,164,0.096,15.1051,13.98,18.97
★ Specialist Gloves | Buckshot (Field-Tested),False,True,,True,True,168,True,True,168,0.0921,60.116,53.76,71.34
AWP | Black Nile (Minimal Wear),False,True,,True,True,169,True,True,164,0.0764,6.0357,5.82,11.31
AK-47 | Baroque Purple (Field-Tested),False,True,,True,True,169,True,True,167,0.0251,6.3175,6.12,7.64
AWP | Ice Coaled (Battle-Scarred),False,True,,True,True,170,True,True,162,0.2038,5.6115,4.78,17.69
AK-47 | Crane Flight (Minimal Wear),False,True,,True,True,172,True,True,163,0.0811,42.2772,40.31,77.41
MP9 | Mount Fuji (Field-Tested),False,True,,True,True,172,True,True,169,0.0807,6.5147,5.86,7.75
MP7 | Prey (Factory New),False,True,,True,True,172,True,True,171,0.1355,3.9966,3.77,7.01
★ Moto Gloves | 3rd Commando Company (Field-Tested),False,True,,True,True,172,True,True,171,0.0886,49.6303,45.21,59.74
StatTrak™ AK-47 | Searing Rage (Field-Tested),False,True,,True,True,173,True,True,166,0.0714,10.139,9.54,13.25
AK-47 | Inheritance (Battle-Scarred),False,True,,True,True,174,True,True,163,0.0947,44.4124,42.56,87.56
Glock-18 | Coral Bloom (Factory New),False,True,,True,True,174,True,True,163,0.2179,5.4598,4.32,8.6
StatTrak™ AK-47 | Ice Coaled (Field-Tested),False,True,,True,True,174,True,True,164,0.081,11.1634,10.76,16.89
AK-47 | Legion of Anubis (Minimal Wear),False,True,,True,True,174,True,True,170,0.036,39.0429,37.96,50.67
P2000 | Wicked Sick (Minimal Wear),False,True,,True,True,174,True,True,173,0.201,8.1194,6.62,10.72
MP7 | Fade (Field-Tested),False,True,,True,True,175,True,True,146,0.1077,10.8282,9.44,14.04
AWP | Fever Dream (Minimal Wear),False,True,,True,True,176,True,True,171,0.0264,16.0649,15.69,17.78
StatTrak™ AK-47 | Inheritance (Field-Tested),False,True,,True,True,179,True,True,170,0.0859,90.1873,83.63,108.57
AK-47 | Emerald Pinstripe (Battle-Scarred),False,True,,True,True,180,True,True,166,1.1053,3.4161,2.55,53.15
P90 | Asiimov (Field-Tested),False,True,,True,True,180,True,True,179,0.0397,181.2289,173.8,200.23
AK-47 | The Oligarch (Minimal Wear),False,True,,True,True,181,True,True,169,0.0895,108.3499,102.57,214.13
Glock-18 | Mirror Mosaic (Field-Tested),False,True,,True,True,181,True,True,172,0.1387,7.8302,7.13,15.6
AWP | Hyper Beast (Minimal Wear),False,True,,True,True,181,True,True,177,0.0879,56.1144,53.9,113.62
P250 | Visions (Factory New),False,True,,True,True,183,True,True,176,0.2196,26.6796,21.01,40.28
AWP | Atheris (Well-Worn),False,True,,True,True,184,True,True,176,0.1021,3.7817,3.69,8.71
Glock-18 | Blue Fissure (Minimal Wear),False,True,,True,True,185,True,True,177,0.4575,10.9243,9.76,70.09
AK-47 | Crane Flight (Field-Tested),False,True,,True,True,186,True,True,183,0.0188,26.3732,26.31,31.54
M4A4 | 龍王 (Dragon King) (Minimal Wear),False,True,,True,True,186,True,True,183,0.0489,28.3181,27.26,33.29
M4A4 | Temukau (Factory New),False,True,,True,True,187,True,True,178,0.2239,137.1898,113.22,217.78
AWP | Fever Dream (Field-Tested),False,True,,True,True,188,True,True,184,0.0183,13.3046,12.97,14.52
Tec-9 | Groundwater (Factory New),False,True,,True,True,188,True,True,185,0.116,3.7751,3.46,5.59
M4A4 | 龍王 (Dragon King) (Field-Tested),False,True,,True,True,188,True,True,186,0.0659,15.7045,14.92,21.46
Desert Eagle | Mecha Industries (Factory New),False,True,,True,True,189,True,True,182,0.1966,19.3763,17.34,32.6
M4A4 | Magnesium (Factory New),False,True,,True,True,189,True,True,182,0.2007,8.4028,7.24,25.79
AWP | Chromatic Aberration (Field-Tested),False,True,,True,True,189,True,True,186,0.0471,38.5518,37.0,46.22
AWP | Fever Dream (Factory New),False,True,,True,True,189,True,True,187,0.1405,33.1996,30.34,47.95
MP7 | Bloodsport (Minimal Wear),False,True,,True,True,189,True,True,188,0.1479,52.6596,45.78,72.85
StatTrak™ M4A1-S | Black Lotus (Field-Tested),False,True,,True,True,190,True,True,181,0.0872,15.6575,15.03,25.93
M4A1-S | Golden Coil (Field-Tested),False,True,,True,True,191,True,True,185,0.0619,72.4588,68.64,93.12
AK-47 | Rat Rod (Minimal Wear),False,True,,True,True,191,True,True,189,0.0233,10.147,9.91,10.97
P250 | Muertos (Field-Tested),False,True,,True,True,191,True,True,189,0.0403,13.4751,12.74,14.68
AUG | Stymphalian (Field-Tested),False,True,,True,True,191,True,True,191,0.0888,4.0386,3.67,4.67
Five-SeveN | Urban Hazard (Factory New),False,True,,True,True,194,True,True,190,0.3683,6.3598,5.66,35.86
★ Hand Wraps | Duct Tape (Field-Tested),False,True,,True,True,194,True,True,194,0.0669,55.5445,52.08,63.88
★ Moto Gloves | Transport (Field-Tested),False,True,,True,True,194,True,True,194,0.1018,46.0599,40.63,56.21
UMP-45 | K.O. Factory (Minimal Wear),False,True,,True,True,195,True,True,193,0.205,8.9555,7.05,11.92
M4A4 | In Living Color (Field-Tested),False,True,,True,True,198,True,True,195,0.0638,40.0613,37.97,48.08
AWP | Neo-Noir (Factory New),False,True,,True,True,203,True,True,198,0.1111,60.4147,56.48,87.44
M4A1-S | Vaporwave (Minimal Wear),False,True,,True,True,204,True,True,198,0.0608,97.6363,91.44,117.95
AK-47 | Breakthrough (Field-Tested),False,True,,True,True,205,True,True,201,0.0257,3.8311,3.82,4.99
StatTrak™ M4A1-S | Night Terror (Factory New),False,True,,True,True,205,True,True,201,0.1858,6.8923,5.77,9.9
Zeus x27 | Charged Up (Factory New),False,True,,True,True,205,True,True,204,0.1651,35.6778,30.86,51.27
P250 | Muertos (Minimal Wear),False,True,,True,True,205,True,True,205,0.0454,13.3141,12.81,15.4
M4A1-S | Black Lotus (Battle-Scarred),False,True,,True,True,206,True,True,191,0.308,6.5608,5.55,29.9
FAMAS | 2A2F (Factory New),False,True,,True,True,206,True,True,203,0.1624,12.8625,10.32,17.56
AK-47 | Legion of Anubis (Factory New),False,True,,True,True,207,True,True,202,0.2168,72.0259,63.08,113.6
M4A1-S | Leaded Glass (Minimal Wear),False,True,,True,True,207,True,True,202,0.0441,10.6261,10.2,12.88
AK-47 | Safety Net (Field-Tested),False,True,,True,True,208,True,True,195,0.0613,3.0527,2.9,4.83
AWP | Chromatic Aberration (Factory New),False,True,,True,True,208,True,True,201,0.2207,98.716,82.13,183.86
MP7 | Abyssal Apparition (Minimal Wear),False,True,,True,True,208,True,True,207,0.117,9.8053,8.81,12.38
M4A4 | Tooth Fairy (Minimal Wear),False,True,,True,True,211,True,True,209,0.136,6.9521,6.05,8.76
AWP | Neo-Noir (Field-Tested),False,True,,True,True,212,True,True,207,0.0265,43.796,42.65,55.22
AK-47 | The Oligarch (Field-Tested),False,True,,True,True,214,True,True,208,0.0939,85.5716,78.73,105.85
M4A1-S | Blood Tiger (Factory New),False,True,,True,True,215,True,True,212,0.1038,32.8246,30.54,51.9
AWP | Black Nile (Battle-Scarred),False,True,,True,True,219,True,True,205,0.2208,4.3921,3.33,8.83
AWP | Atheris (Battle-Scarred),False,True,,True,True,219,True,True,211,0.4506,4.6979,3.93,28.17
AK-47 | Searing Rage (Battle-Scarred),False,True,,True,True,221,True,True,211,0.0987,4.6325,4.44,6.65
Dual Berettas | Melondrama (Minimal Wear),False,True,,True,True,221,True,True,220,0.1274,9.9824,8.92,14.07
★ Moto Gloves | Blood Pressure (Field-Tested),False,True,,True,True,221,True,True,221,0.1236,148.333,128.4,186.48
AWP | Crakow! (Minimal Wear),False,True,,True,True,224,True,True,212,0.0564,75.3093,72.18,106.78
M4A4 | Tooth Fairy (Factory New),False,True,,True,True,225,True,True,218,0.1856,25.4924,21.25,37.03
Glock-18 | Water Elemental (Factory New),False,True,,True,True,225,True,True,223,0.1149,40.1508,37.65,59.83
M4A1-S | Blood Tiger (Minimal Wear),False,True,,True,True,226,True,True,214,0.0751,5.4045,5.17,10.49
MP7 | Amberline (Factory New),False,True,,True,True,226,True,True,226,0.0024,8.509,8.5,8.66
StatTrak™ AWP | Duality (Field-Tested),False,True,,True,True,227,True,True,219,0.1358,6.5759,5.93,11.45
AK-47 | Point Disarray (Minimal Wear),False,True,,True,True,227,True,True,220,0.0362,24.5118,23.77,30.29
AK-47 | Neon Revolution (Field-Tested),False,True,,True,True,227,True,True,221,0.0382,102.176,97.85,126.21
Sawed-Off | Kiss♥Love (Field-Tested),False,True,,True,True,227,True,True,224,0.1546,3.9099,3.44,5.32
Galil AR | Control (Factory New),False,True,,True,True,227,True,True,225,0.2025,7.7856,6.24,10.67
Glock-18 | Block-18 (Factory New),False,True,,True,True,228,True,True,219,0.2539,3.8655,3.04,9.17
FAMAS | Rapid Eye Movement (Minimal Wear),False,True,,True,True,228,True,True,225,0.0945,9.5837,9.02,13.59
M4A1-S | Mecha Industries (Field-Tested),False,True,,True,True,228,True,True,225,0.0412,100.4827,97.11,128.69
StatTrak™ USP-S | Guardian (Factory New),False,True,,True,True,231,True,True,226,0.1235,12.3424,11.46,19.27
M4A1-S | Cyrex (Field-Tested),False,True,,True,True,234,True,True,232,0.0194,172.6095,168.78,187.36
AWP | Ice Coaled (Field-Tested),False,True,,True,True,237,True,True,234,0.1066,8.5013,7.63,13.29
Desert Eagle | Printstream (Factory New),False,True,,True,True,239,True,True,224,0.2292,100.0509,84.26,198.73
AK-47 | Phantom Disruptor (Minimal Wear),False,True,,True,True,239,True,True,236,0.0417,8.9982,8.72,10.55
AK-47 | Cartel (Minimal Wear),False,True,,True,True,244,True,True,237,0.131,23.0828,22.38,66.59
P250 | Visions (Minimal Wear),False,True,,True,True,244,True,True,242,0.1864,7.0155,5.52,9.04
★ Shadow Daggers | Gamma Doppler (Factory New),False,True,,True,True,245,True,True,245,0.3582,136.9781,107.94,272.12
Dual Berettas | Sweet Little Angels (Factory New),False,True,,True,True,246,True,True,237,0.2427,19.1553,15.04,44.39
AK-47 | The Outsiders (Field-Tested),False,True,,True,True,246,True,True,238,0.0712,8.801,8.35,11.53
M4A1-S | Bright Water (Minimal Wear),False,True,,True,True,247,True,True,242,0.0509,70.7129,68.88,91.17
StatTrak™ USP-S | Guardian (Field-Tested),False,True,,True,True,248,True,True,232,0.1031,5.1867,4.71,9.72
XM1014 | XOXO (Field-Tested),False,True,,True,True,249,True,True,247,0.1331,4.1349,3.83,9.25
AK-47 | Searing Rage (Well-Worn),False,True,,True,True,251,True,True,243,0.0325,4.3727,4.31,6.23
MP9 | Food Chain (Field-Tested),False,True,,True,True,253,True,True,250,0.1059,4.5253,4.2,6.3
M4A1-S | Hyper Beast (Field-Tested),False,True,,True,True,253,True,True,252,0.0706,112.6394,105.87,135.89
UMP-45 | Primal Saber (Field-Tested),False,True,,True,True,253,True,True,253,0.1192,14.2123,12.28,17.11
MAC-10 | Derailment (Factory New),False,True,,True,True,259,True,True,254,0.1665,35.6846,32.85,58.76
StatTrak™ AK-47 | Slate (Well-Worn),False,True,,True,True,262,True,True,250,0.0474,13.1831,12.75,18.09
Desert Eagle | Mecha Industries (Minimal Wear),False,True,,True,True,264,True,True,256,0.0668,8.7657,8.34,11.21
★ Moto Gloves | Smoke Out (Field-Tested),False,True,,True,True,264,True,True,264,0.1516,133.8694,114.32,176.7
★ Sport Gloves | Bronze Morph (Field-Tested),False,True,,True,True,265,True,True,265,0.067,115.6724,106.21,134.12
Glock-18 | Vogue (Factory New),False,True,,True,True,267,True,True,258,0.2244,17.5219,14.95,35.44
Desert Eagle | Crimson Web (Field-Tested),False,True,,True,True,269,True,True,266,0.1242,13.7436,12.83,35.45
XM1014 | Entombed (Minimal Wear),False,True,,True,True,269,True,True,268,0.2031,6.068,4.44,7.58
Tec-9 | Fuel Injector (Field-Tested),False,True,,True,True,270,True,True,266,0.0873,12.2222,11.43,22.77
USP-S | Jawbreaker (Minimal Wear),False,True,,True,True,273,True,True,262,0.0902,7.8251,7.46,10.81
M4A4 | Evil Daimyo (Field-Tested),False,True,,True,True,275,True,True,263,0.2554,3.6381,3.47,18.67
AK-47 | Bloodsport (Field-Tested),False,True,,True,True,275,True,True,268,0.0289,131.4582,127.5,166.19
AWP | Hyper Beast (Field-Tested),False,True,,True,True,276,True,True,270,0.0747,38.4565,35.99,47.19
★ Specialist Gloves | Marble Fade (Field-Tested),False,True,,True,True,276,True,True,276,0.2044,185.5174,144.97,262.23
AK-47 | Nouveau Rouge (Field-Tested),False,True,,True,True,277,True,True,269,0.1244,16.2647,14.45,21.62
Desert Eagle | Mulberry (Factory New),False,True,,True,True,278,True,True,266,0.3371,30.823,25.49,159.94
M4A1-S | Player Two (Field-Tested),False,True,,True,True,278,True,True,274,0.0883,63.2409,57.76,77.27
USP-S | The Traitor (Field-Tested),False,True,,True,True,279,True,True,276,0.0725,40.9052,38.97,55.07
★ Specialist Gloves | Field Agent (Field-Tested),False,True,,True,True,280,True,True,280,0.2217,171.0779,131.43,240.01
★ Driver Gloves | Overtake (Field-Tested),False,True,,True,True,282,True,True,281,0.117,66.8698,57.3,83.35
Glock-18 | Shinobu (Well-Worn),False,True,,True,True,283,True,True,276,0.0318,4.3671,4.32,5.79
StatTrak™ AK-47 | Slate (Battle-Scarred),False,True,,True,True,286,True,True,264,0.1281,12.9036,11.81,22.75
Zeus x27 | Charged Up (Minimal Wear),False,True,,True,True,287,True,True,246,0.1969,11.9107,9.52,18.98
AK-47 | Aquamarine Revenge (Field-Tested),False,True,,True,True,287,True,True,277,0.0876,45.065,42.01,63.81
Dual Berettas | Sweet Little Angels (Field-Tested),False,True,,True,True,287,True,True,285,0.156,4.1998,3.74,5.85
M4A1-S | Decimator (Minimal Wear),False,True,,True,True,292,True,True,277,0.1078,20.7397,19.83,45.04
AK-47 | Inheritance (Factory New),False,True,,True,True,294,True,True,277,1.0412,159.7097,130.64,2970.49
Glock-18 | Shinobu (Minimal Wear),False,True,,True,True,295,True,True,280,0.1221,10.0594,9.37,20.84
AK-47 | Head Shot (Minimal Wear),False,True,,True,True,297,True,True,291,0.116,65.3897,59.01,87.68
FAMAS | Yeti Camo (Factory New),False,True,,True,True,300,True,True,287,0.2081,5.1452,4.11,7.9
AK-47 | Crossfade (Minimal Wear),False,True,,True,True,300,True,True,292,0.0443,3.71,3.56,4.86
Galil AR | Chromatic Aberration (Field-Tested),False,True,,True,True,305,True,True,298,0.0695,4.4918,4.31,6.53
★ Specialist Gloves | Mogul (Field-Tested),False,True,,True,True,308,True,True,308,0.0931,123.5584,110.31,145.92
M4A1-S | Glitched Paint (Minimal Wear),False,True,,True,True,309,True,True,300,0.2281,5.355,4.6,23.3
AWP | Mortis (Minimal Wear),False,True,,True,True,309,True,True,306,0.0789,6.0949,5.82,7.68
M4A4 | Temukau (Minimal Wear),False,True,,True,True,311,True,True,301,0.144,77.2444,61.76,98.07
★ Paracord Knife | Doppler (Factory New),False,True,,True,True,315,True,True,315,0.4728,323.5178,197.19,733.64
Desert Eagle | Printstream (Minimal Wear),False,True,,True,True,317,True,True,303,0.0833,48.5124,45.3,75.38
Galil AR | Sky Mandala (Factory New),False,True,,True,True,319,True,True,318,0.1972,2.72,2.69,12.27
AK-47 | Cartel (Field-Tested),False,True,,True,True,321,True,True,314,0.0456,16.811,16.35,23.27
AK-47 | Emerald Pinstripe (Field-Tested),False,True,,True,True,322,True,True,296,0.4367,3.0315,2.78,25.74
USP-S | Cyrex (Minimal Wear),False,True,,True,True,322,True,True,314,0.0341,4.261,4.18,5.69
Five-SeveN | Fraise Crane (Factory New),False,True,,True,True,322,True,True,321,0.0115,5.1233,5.12,6.18
AK-47 | Point Disarray (Field-Tested),False,True,,True,True,325,True,True,315,0.0419,14.7068,14.33,20.03
★ Hand Wraps | Overprint (Field-Tested),False,True,,True,True,325,True,True,325,0.0589,118.4122,111.16,133.7
AWP | Printstream (Minimal Wear),False,True,,True,True,328,True,True,314,0.1049,90.3197,86.47,206.93
AK-47 | Legion of Anubis (Field-Tested),False,True,,True,True,328,True,True,326,0.0406,39.0168,37.3,44.81
Glock-18 | AXIA (Minimal Wear),False,True,,True,True,329,True,True,319,0.067,53.1852,50.3,85.34
AWP | Chromatic Aberration (Minimal Wear),False,True,,True,True,331,True,True,329,0.1805,64.5389,44.66,78.78
★ Gut Knife | Doppler (Factory New),False,True,,True,True,332,True,True,330,0.6011,190.1822,126.0,558.33
AWP | Atheris (Minimal Wear),False,True,,True,True,334,True,True,316,0.1783,8.6657,8.3,33.32
USP-S | Stainless (Minimal Wear),False,True,,True,True,334,True,True,327,0.2608,12.8422,12.21,70.8
★ Moto Gloves | Polygon (Field-Tested),False,True,,True,True,335,True,True,335,0.1208,140.2474,120.33,173.18
Tec-9 | Whiteout (Field-Tested),False,True,,True,True,337,True,True,326,0.221,8.5161,6.96,18.41
M4A1-S | Control Panel (Field-Tested),False,True,,True,True,338,True,True,336,0.141,15.3807,14.29,37.35
M4A4 | Neo-Noir (Field-Tested),False,True,,True,True,345,True,True,341,0.1199,39.5447,35.4,53.73
StatTrak™ AK-47 | Elite Build (Well-Worn),False,True,,True,True,347,True,True,337,0.1795,4.1525,4.02,17.93
MP9 | Starlight Protector (Field-Tested),False,True,,True,True,347,True,True,346,0.0742,73.2824,67.73,93.46
AWP | Wildfire (Field-Tested),False,True,,True,True,348,True,True,337,0.062,49.7881,47.38,59.96
USP-S | Cortex (Minimal Wear),False,True,,True,True,351,True,True,339,0.0615,7.9677,7.79,15.59
AK-47 | Neon Rider (Field-Tested),False,True,,True,True,353,True,True,332,0.0824,48.5702,45.44,63.25
AK-47 | Searing Rage (Minimal Wear),False,True,,True,True,355,True,True,347,0.1491,9.1317,7.85,15.04
Galil AR | Rainbow Spoon (Field-Tested),False,True,,True,True,358,True,True,351,0.0575,39.3659,38.08,71.65
MAC-10 | Disco Tech (Field-Tested),False,True,,True,True,363,True,True,350,0.0955,6.234,5.84,11.51
AWP | Chrome Cannon (Field-Tested),False,True,,True,True,364,True,True,353,0.0916,33.01,30.62,45.88
★ Kukri Knife | Fade (Factory New),False,True,,True,True,369,True,True,320,0.0955,201.6015,177.11,261.57
USP-S | Printstream (Minimal Wear),False,True,,True,True,369,True,True,357,0.1386,72.6273,63.79,178.08
M4A1-S | Nightmare (Field-Tested),False,True,,True,True,370,True,True,364,0.0998,9.7184,9.15,13.42
Zeus x27 | Dragon Snore (Field-Tested),False,True,,True,True,372,True,True,367,0.1776,22.9155,18.06,33.58
Zeus x27 | Charged Up (Field-Tested),False,True,,True,True,375,True,True,322,0.2356,4.6945,3.27,7.14
StatTrak™ AK-47 | Elite Build (Field-Tested),False,True,,True,True,375,True,True,365,0.0634,5.886,5.7,9.71
Glock-18 | Water Elemental (Minimal Wear),False,True,,True,True,377,True,True,368,0.0865,20.5858,19.77,45.89
UMP-45 | K.O. Factory (Field-Tested),False,True,,True,True,378,True,True,376,0.1524,5.9289,5.06,7.75
M4A4 | The Emperor (Field-Tested),False,True,,True,True,380,True,True,374,0.1272,68.4127,58.89,89.51
Desert Eagle | Mecha Industries (Field-Tested),False,True,,True,True,381,True,True,368,0.0452,6.0052,5.78,7.89
M4A1-S | Leaded Glass (Field-Tested),False,True,,True,True,382,True,True,376,0.044,10.3013,10.01,14.77
AK-47 | The Empress (Field-Tested),False,True,,True,True,385,True,True,377,0.0503,95.9752,92.57,118.2
AK-47 | Bloodsport (Factory New),False,True,,True,True,387,True,True,379,0.3092,183.4138,169.1,1206.61
Glock-18 | Shinobu (Battle-Scarred),False,True,,True,True,391,True,True,379,3.2115,6.5801,4.52,422.47
StatTrak™ AK-47 | Slate (Field-Tested),False,True,,True,True,394,True,True,359,0.0991,14.911,14.13,32.2
M4A1-S | Fade (Factory New),False,True,,True,True,400,True,True,347,0.0907,361.0857,317.42,495.67
AK-47 | Slate (Well-Worn),False,True,,True,True,400,True,True,360,0.4365,4.2942,4.06,39.41
Desert Eagle | Heat Treated (Minimal Wear),False,True,,True,True,400,True,True,363,0.5113,3.9314,3.51,29.58
AK-47 | Slate (Battle-Scarred),False,True,,True,True,400,True,True,366,0.1461,4.4753,4.02,7.08
AK-47 | Midnight Laminate (Minimal Wear),False,True,,True,True,400,True,True,368,0.182,14.1247,11.73,40.27
AK-47 | Slate (Field-Tested),False,True,,True,True,400,True,True,368,0.102,4.9843,4.65,9.99
AK-47 | Wintergreen (Minimal Wear),False,True,,True,True,400,True,True,369,0.1153,2.9564,2.7,7.57
AK-47 | Aphrodite (Minimal Wear),False,True,,True,True,400,True,True,373,0.1621,45.9359,44.99,165.03
AK-47 | Ice Coaled (Field-Tested),False,True,,True,True,400,True,True,375,0.1581,5.0839,4.72,18.68
M4A1-S | Black Lotus (Minimal Wear),False,True,,True,True,400,True,True,375,0.1113,9.4723,8.82,23.82
AK-47 | Wintergreen (Factory New),False,True,,True,True,400,True,True,376,0.3299,9.945,7.48,43.17
AK-47 | Blue Laminate (Field-Tested),False,True,,True,True,400,True,True,377,0.1285,17.7891,17.12,49.61
USP-S | Jawbreaker (Field-Tested),False,True,,True,True,400,True,True,377,0.1219,4.4624,4.15,8.14
AK-47 | B the Monster (Field-Tested),False,True,,True,True,400,True,True,378,0.1242,178.8313,156.98,328.28
AK-47 | Redline (Field-Tested),False,True,,True,True,400,True,True,378,0.334,43.5744,31.48,125.93
AK-47 | Slate (Factory New),False,True,,True,True,400,True,True,380,0.1972,22.1814,19.69,60.46
M4A1-S | Solitude (Factory New),False,True,,True,True,400,True,True,380,0.1327,34.2499,30.18,64.24
USP-S | Cortex (Field-Tested),False,True,,True,True,400,True,True,380,0.1551,4.0462,3.9,15.58
AK-47 | Ice Coaled (Factory New),False,True,,True,True,400,True,True,381,0.2124,24.0195,21.11,69.99
AK-47 | Midnight Laminate (Field-Tested),False,True,,True,True,400,True,True,381,0.2393,6.2808,4.56,12.71
AK-47 | Slate (Minimal Wear),False,True,,True,True,400,True,True,381,0.1659,7.6176,7.2,29.12
AWP | Atheris (Field-Tested),False,True,,True,True,400,True,True,381,0.11,5.1582,4.87,9.97
M4A1-S | Black Lotus (Factory New),False,True,,True,True,400,True,True,381,0.2567,22.9206,18.75,53.55
AWP | Redline (Field-Tested),False,True,,True,True,400,True,True,382,0.1595,41.5479,38.61,149.32
Glock-18 | Moonrise (Factory New),False,True,,True,True,400,True,True,382,4.1466,6.1475,4.38,514.21
AK-47 | Ice Coaled (Minimal Wear),False,True,,True,True,400,True,True,383,0.0716,8.6675,8.21,13.93
AWP | Asiimov (Field-Tested),False,True,,True,True,400,True,True,383,0.1979,126.2979,110.35,280.25
AWP | Asiimov (Battle-Scarred),False,True,,True,True,400,True,True,384,0.6937,179.5199,78.44,433.09
Galil AR | Rainbow Spoon (Factory New),False,True,,True,True,400,True,True,384,0.1728,91.3868,76.95,140.03
M4A1-S | Black Lotus (Field-Tested),False,True,,True,True,400,True,True,384,0.2711,5.9976,5.64,37.74
Desert Eagle | Printstream (Field-Tested),False,True,,True,True,400,True,True,385,0.0823,40.192,36.49,65.7
M4A1-S | Decimator (Field-Tested),False,True,,True,True,400,True,True,385,0.0474,14.3104,13.72,17.87
M4A1-S | Solitude (Minimal Wear),False,True,,True,True,400,True,True,385,0.4794,5.851,5.31,60.18
AWP | Mortis (Field-Tested),False,True,,True,True,400,True,True,386,0.0508,3.9137,3.8,6.77
AWP | Printstream (Field-Tested),False,True,,True,True,400,True,True,386,0.1686,55.502,48.25,160.84
Desert Eagle | Mulberry (Field-Tested),False,True,,True,True,400,True,True,386,0.242,4.7757,3.52,10.81
Desert Eagle | Serpent Strike (Factory New),False,True,,True,True,400,True,True,386,0.2547,4.2338,3.15,7.69
AK-47 | Phantom Disruptor (Field-Tested),False,True,,True,True,400,True,True,387,0.0273,6.1064,5.92,6.78
Galil AR | Rainbow Spoon (Minimal Wear),False,True,,True,True,400,True,True,387,0.0778,42.7336,39.89,73.63
Glock-18 | Shinobu (Field-Tested),False,True,,True,True,400,True,True,387,0.1114,5.6246,5.3,10.82
Glock-18 | Vogue (Field-Tested),False,True,,True,True,400,True,True,387,0.0955,4.2092,3.91,5.83
M4A1-S | Printstream (Field-Tested),False,True,,True,True,400,True,True,387,0.0803,193.488,177.25,240.97
AWP | Duality (Minimal Wear),False,True,,True,True,400,True,True,388,0.2136,8.0703,6.33,13.95
Tec-9 | Whiteout (Minimal Wear),False,True,,True,True,400,True,True,388,0.2956,37.8735,31.85,166.25
USP-S | Guardian (Minimal Wear),False,True,,True,True,400,True,True,388,0.1845,3.7653,3.54,14.39
M4A4 | Choppa (Factory New),False,True,,True,True,400,True,True,390,0.1592,2.7388,2.4,4.07
USP-S | Alpine Camo (Factory New),False,True,,True,True,400,True,True,390,0.2493,4.8737,3.98,11.16
USP-S | Printstream (Field-Tested),False,True,,True,True,400,True,True,390,0.1218,42.9025,37.86,54.72
USP-S | Royal Guard (Minimal Wear),False,True,,True,True,400,True,True,390,0.1155,4.8396,4.29,8.56
AWP | Crakow! (Field-Tested),False,True,,True,True,400,True,True,391,0.082,35.91,33.36,46.66
Desert Eagle | Conspiracy (Minimal Wear),False,True,,True,True,400,True,True,391,0.0375,19.4615,18.84,26.47
MAC-10 | Pipsqueak (Factory New),False,True,,True,True,400,True,True,391,0.1887,6.2633,4.87,9.59
Zeus x27 | Olympus (Minimal Wear),False,True,,True,True,400,True,True,391,0.2119,5.7743,4.32,10.57
AK-47 | Frontside Misty (Field-Tested),False,True,,True,True,400,True,True,392,0.1003,18.996,17.33,27.22
AK-47 | Inheritance (Minimal Wear),False,True,,True,True,400,True,True,392,0.0474,77.1028,72.96,90.59
AK-47 | Searing Rage (Field-Tested),False,True,,True,True,400,True,True,392,0.148,5.6884,5.23,13.05
Five-SeveN | Monkey Business (Field-Tested),False,True,,True,True,400,True,True,392,0.1719,14.7627,12.59,21.7
M4A1-S | Vaporwave (Field-Tested),False,True,,True,True,400,True,True,392,0.0697,60.8379,56.42,75.62
M4A4 | Evil Daimyo (Factory New),False,True,,True,True,400,True,True,392,0.1487,12.9867,11.88,19.28
AK-47 | Asiimov (Field-Tested),False,True,,True,True,400,True,True,393,0.0941,46.0501,41.65,59.41
AK-47 | Inheritance (Field-Tested),False,True,,True,True,400,True,True,393,0.0951,52.7715,48.19,64.54
M4A4 | Tooth Fairy (Field-Tested),False,True,,True,True,400,True,True,393,0.0942,4.1594,3.79,5.41
UMP-45 | Crimson Foil (Factory New),False,True,,True,True,400,True,True,393,0.2035,17.4316,15.12,27.31
Desert Eagle | Mulberry (Minimal Wear),False,True,,True,True,400,True,True,394,0.1011,13.1415,11.55,16.95
Five-SeveN | Heat Treated (Well-Worn),False,True,,True,True,400,True,True,394,0.0273,4.3757,4.04,6.2
AWP | Duality (Field-Tested),False,True,,True,True,400,True,True,395,0.2373,4.7477,3.69,6.47
Glock-18 | Glockingbird (Minimal Wear),False,True,,True,True,400,True,True,395,0.1124,3.1296,2.54,3.63
MP9 | Arctic Tri-Tone (Field-Tested),False,True,,True,True,400,True,True,395,0.0738,4.8813,4.57,5.78
AK-47 | Nightwish (Field-Tested),False,True,,True,True,400,True,True,396,0.0627,72.9768,68.7,91.77
Dual Berettas | Melondrama (Field-Tested),False,True,,True,True,400,True,True,396,0.094,7.253,6.52,9.49
Five-SeveN | Heat Treated (Battle-Scarred),False,True,,True,True,400,True,True,396,0.0997,4.5691,4.14,6.57
Five-SeveN | Heat Treated (Field-Tested),False,True,,True,True,400,True,True,396,0.0508,4.8306,4.55,6.48
M4A4 | Temukau (Field-Tested),False,True,,True,True,400,True,True,396,0.1275,42.348,37.23,54.54
P250 | Visions (Field-Tested),False,True,,True,True,400,True,True,396,0.1439,4.2694,3.5,5.33
Zeus x27 | Olympus (Field-Tested),False,True,,True,True,400,True,True,396,0.1391,3.5793,3.07,4.37
AK-47 | Head Shot (Field-Tested),False,True,,True,True,400,True,True,397,0.1476,42.7844,36.68,56.75
Glock-18 | Water Elemental (Field-Tested),False,True,,True,True,400,True,True,397,0.0424,19.6666,18.78,21.99
Nova | Yorkshire (Factory New),False,True,,True,True,400,True,True,397,0.1678,4.4986,3.81,6.18
P2000 | Wicked Sick (Field-Tested),False,True,,True,True,400,True,True,398,0.2434,4.7232,3.61,6.68
★ Specialist Gloves | Crimson Web (Field-Tested),False,True,,True,True,400,True,True,398,0.191,171.8204,137.11,233.39
FAMAS | Rapid Eye Movement (Field-Tested),False,True,,True,True,400,True,True,399,0.0908,7.1108,6.18,8.94
Glock-18 | AXIA (Field-Tested),False,True,,True,True,400,True,True,399,0.0343,39.8105,38.05,55.23
MP7 | Abyssal Apparition (Field-Tested),False,True,,True,True,400,True,True,399,0.0936,7.1173,6.36,8.88
P250 | Asiimov (Field-Tested),False,True,,True,True,400,True,True,399,0.1666,14.3947,12.54,21.45
UMP-45 | Wild Child (Field-Tested),False,True,,True,True,400,True,True,399,0.2076,4.8985,3.58,6.4
★ Driver Gloves | Imperial Plaid (Field-Tested),False,True,,True,True,400,True,True,399,0.2265,242.4119,187.03,330.74
★ Driver Gloves | King Snake (Field-Tested),False,True,,True,True,400,True,True,399,0.2809,205.654,145.94,286.67
★ Specialist Gloves | Fade (Field-Tested),False,True,,True,True,400,True,True,399,0.2429,251.0359,185.86,342.8
UMP-45 | Crimson Foil (Field-Tested),False,True,,True,True,400,True,True,400,0.0455,4.6172,4.41,5.25
XM1014 | Entombed (Field-Tested),False,True,,True,True,400,True,True,400,0.1019,4.184,3.54,4.75
