item,risk_pass,high_cv_pass,monitor_pass,pred_cv,pred_range_over_mean,cv_n_listings,cv_source,risk_rule_trend,risk_rule_price,risk_rule_liquidity,risk_rule_tail,risk_rule_listings,base_price,n_listings,avg_discount,median_discount,steam_sales_7d_n,steam_sales_7d_iqr_risk%,steam_sales_7d_downside_risk%,steam_sales_7d_tail_ratio,steam_turnover_proxy,steam_daily_ret_7d,steam_daily_slope_7d,steam_daily_ema_gap_3_14,steam_daily_range_14d_pct,steam_daily_downside_14d_pct,steam_discount_risk_score,risk_collected_at_utc,status,error,sort_by,collected_at_utc,currency,cap_hit,discount_sample_n,avg_ask,avg_predicted,key_trace,steam_sales_7d_mean,steam_sales_7d_median,steam_sales_7d_p10,steam_sales_7d_p25,steam_sales_7d_p75,steam_sales_7d_p90,steam_sales_7d_min,steam_sales_7d_max,steam_sales_7d_band_risk%,steam_daily_ret_3d,trade_days,steam_trade_currency,model_ready,has_summary,summary_ready,has_fit,fit_ready,monitor_pass_before_model_ready
P90 | Ancient Earth (Factory New),True,True,True,0.2284,0.6113828368163629,104.0,summary,True,True,True,True,True,6.25,50,0.294173782215557,0.3006427965004036,157,3.750909735570205,2.556590217776692,0.974582560296846,3.14,0.0357631424662887,0.0033397508816412,-0.0719631180723738,0.4020754716981132,0.060566037735849,0.280947886860208,2026-04-29T06:08:42.468746+00:00,ok,,best_deal,2026-04-18T14:34:34.614115+00:00,,True,8,7.26125,10.28125,1/1,5.3587,5.39,5.253,5.287,5.488,5.496,4.735,6.006,4.534681919122181,0.002458861358048,7,3,True,True,True,True,True,True
Desert Eagle | Calligraffiti (Factory New),True,True,True,0.1351,0.4621188305564288,130.0,summary,True,True,True,True,True,16.21,50,0.2057365307499747,0.1978374604669941,133,5.766089162116832,4.297966553458566,0.956366612111293,2.66,-0.0173398125282137,0.00371890370294,-0.0084943451020479,0.1112792520131871,0.0424255526130897,0.1740264869232772,2026-04-29T06:10:24.146079+00:00,ok,,best_deal,2026-04-17T06:51:29.866760+00:00,,True,8,16.825,21.19375,1/1,18.6088,18.33,17.5302,17.827,18.9,19.252,14.998,32.926,9.252611667598115,-0.0338868003341688,7,3,True,True,True,True,True,True
Galil AR | Black Sand (Factory New),True,True,True,0.1588,0.47490903725104167,64.0,summary,True,True,True,True,True,22.76,50,0.1865558890703098,0.182921654914605,94,8.273362075697365,6.25043668391483,0.9377155260679034,1.88,0.0751310797561704,0.0161912598934055,0.0103354222403058,0.1433300953551534,0.0899034553852863,0.1332393719863461,2026-04-29T06:11:41.180091+00:00,ok,,best_deal,2026-04-17T16:22:22.911173+00:00,,True,8,26.32875,32.3325,1/1,24.3311,24.417,22.8962,23.183,25.196,25.648,21.021,31.416,11.309805146499745,0.0059828889376383,7,3,True,True,True,True,True,True
MP7 | Astrolabe (Factory New),True,True,True,0.1841,0.6689615765194488,152.0,summary,True,True,True,True,True,12.47,50,0.1675956386330047,0.1577741403400808,224,8.613985319932144,7.384474087680444,0.9258460394198588,4.48,0.0213249303825295,0.0103475754608073,-0.0535874543883743,0.3312047068953147,0.0746215110855994,0.1085265089258876,2026-04-29T06:13:37.637401+00:00,ok,,best_deal,2026-04-18T05:26:35.649846+00:00,,True,8,15.00375,18.04625,1/1,13.5013,13.445,12.448,12.867,14.03,14.929,10.771,15.199,18.37600823624392,-0.0643168848606915,7,3,True,True,True,True,True,True
Tec-9 | Safety Net (Factory New),True,True,True,0.1834,0.5864945863247703,124.0,summary,True,True,True,True,True,27.73,50,0.1466778986752098,0.1439829170411035,51,6.976459775567383,5.547814227901392,0.9448720309335298,1.02,0.0394247281053234,0.0138701355935578,-0.0308169055713504,0.259138156536105,0.1018792593102498,0.0973067837851283,2026-04-29T06:17:11.189128+00:00,ok,,best_deal,2026-04-18T20:29:42.828492+00:00,,True,8,34.6575,40.585,1/1,26.9836,27.155,25.658,26.1795,28.062,28.78,22.98,29.1,11.569990660994083,0.0131817547775143,7,3,True,True,True,True,True,True
XM1014 | Solitude (Minimal Wear),True,True,True,0.2415,4.5676826810158975,400.0,summary,True,True,True,True,True,4.58,50,0.1176704544301353,0.1161270161774957,83,10.506995299009231,5.229149888562161,0.9434245187436678,1.66,0.0573487316158325,0.011741922290157,,0.1340552651232263,0.1038088125466766,0.073876588277135,2026-04-29T06:23:14.887756+00:00,ok,,best_deal,2026-04-19T09:55:10.831535+00:00,,True,8,5.0975,5.7775,1/2,5.3393,4.935,4.6558,4.795,5.356,5.9008,3.499,15.136,23.317663364111404,0.1158333333333334,7,3,True,True,True,True,True,True
UMP-45 | Wild Child (Field-Tested),True,True,True,0.2076,0.5756864346228437,400.0,summary,True,True,True,True,True,3.89,50,0.1125730021204895,0.1090333804336265,1967,3.767266638760993,2.6436958868497986,0.9731843575418996,39.34,0.0054812541109405,0.0007760985080538,-0.0118303660838712,0.0925643262102049,0.0364151766245095,0.1182507611295264,2026-04-29T06:24:38.066760+00:00,ok,,best_deal,2026-04-18T22:23:51.480676+00:00,,True,8,5.59625,6.305,1/1,4.5391,4.475,4.355,4.415,4.586,4.877,4.215,5.09,11.500077107796685,0.0377913555102966,7,3,True,True,True,True,True,True
Glock-18 | Ironwork (Factory New),True,True,True,0.1456,0.4848831547369747,112.0,summary,True,True,True,True,True,23.71,50,0.1051289549907989,0.1069110830172777,73,4.712590179194785,7.359058645566666,0.926708434433057,1.46,0.0142660334263859,0.0075585129329483,0.0015703177264609,0.1259092452594142,0.0416778367558487,0.0393570706771998,2026-04-29T06:27:51.637849+00:00,ok,,best_deal,2026-04-17T19:11:22.208414+00:00,,True,8,27.56625,30.81625,1/1,27.5008,27.613,25.5892,27.014,28.31,29.309,22.757,29.476,13.526151966488245,-0.023201005551482,7,3,True,True,True,True,True,True
AK-47 | Head Shot (Field-Tested),True,True,True,0.1476,0.46909621263825135,400.0,summary,True,True,True,True,True,38.2,50,0.1045992493315871,0.1054232105248981,711,7.2589023329484705,5.948607060467123,0.9404600209302844,14.22,0.0498473383778044,0.0062940419090913,0.0076067917821078,0.0683231122631767,0.0669743524899369,0.0687614717756069,2026-04-29T06:28:08.545223+00:00,ok,,best_deal,2026-04-17T00:43:04.173804+00:00,,True,8,44.43,49.61375,1/1,44.9517,44.911,42.237,43.279,46.542,47.97,40.927,50.283,12.753688959483172,0.0456829300542112,7,3,True,True,True,True,True,True
AK-47 | Midnight Laminate (Field-Tested),True,True,True,0.2393,1.297605400585913,400.0,summary,True,True,True,True,True,5.02,50,0.0932705741501139,0.0954106280193235,3103,6.434531988337401,6.099400113944835,0.9391711229946524,62.06,0.0050847457627116,-0.0045322459176109,-0.0212307782198307,0.1045531197301855,0.0347386172006744,0.0682716523389032,2026-04-29T06:31:31.110609+00:00,ok,,best_deal,2026-04-17T00:48:38.092301+00:00,,True,8,7.69375,8.48375,1/1,5.9678,5.984,5.62,5.767,6.151,6.339,5.321,6.699,12.04799088441302,-0.0278688524590163,7,3,True,True,True,True,True,True
Glock-18 | Night (Minimal Wear),True,True,True,0.1523,0.4516230713629668,154.0,summary,True,True,True,True,True,38.2,50,0.1005631335767443,0.0934995538528286,56,1.9698034173305643,2.5053354365778984,0.9754213483146068,1.12,-0.0068538524256012,0.0005991494523221,-0.0279315951988404,0.1810718592062392,0.0375330306062238,0.0820364964295403,2026-04-29T06:29:34.260637+00:00,ok,,best_deal,2026-04-17T19:13:45.273141+00:00,,True,8,44.24125,49.2375,1/1,37.7195,38.448,37.503,37.936,38.679,39.1435,22.081,39.475,4.349209294927035,0.038996694743576,7,3,True,True,True,True,True,True
AWP | Duality (Field-Tested),True,True,True,0.2373,0.5855466857636329,400.0,summary,True,True,True,True,True,3.87,50,0.0846693585245387,0.0801708391126067,4250,3.959738966928443,3.1301847140803147,0.9684609383706674,85.0,0.0,-0.003307758979548,-0.0232278062665075,0.090013434841021,0.009628302731751,0.0920574804086069,2026-04-29T06:35:39.165913+00:00,ok,,best_deal,2026-04-17T03:56:39.805910+00:00,,True,8,5.7125,6.23875,1/1,4.5205,4.4865,4.345,4.407,4.586,4.78,4.226,5.133,9.622829333038393,-0.0086570477247501,7,3,True,True,True,True,True,True
AWP | Black Nile (Factory New),True,True,True,0.202,0.5892615714967393,175.0,summary,True,True,True,True,True,41.5,50,0.0729867734597907,0.0798622254113746,181,3.650235465893438,4.483106093322657,0.9553850089536964,3.62,-0.0176078188023581,-0.0030537161098485,-0.0703226614976056,0.2820765890248717,0.0,0.0414485520376866,2026-04-29T06:39:42.848027+00:00,ok,,best_deal,2026-04-17T03:51:15.829466+00:00,,True,8,48.39625,52.25,1/1,38.9016,39.09,37.346,38.174,39.594,39.975,33.366,43.59,6.75807678861539,-0.0416435453765828,7,3,True,True,True,True,True,True
P2000 | Wicked Sick (Field-Tested),True,True,True,0.2434,0.6499830623306232,400.0,summary,True,True,True,True,True,3.88,50,0.0732800275650087,0.0687768752986144,2062,4.7898880141922655,4.03592416010645,0.9593205185516316,41.24,0.0262180467555166,0.0016599622238592,-0.0037446527040058,0.098254204811582,0.0782414307004472,0.0654352641544593,2026-04-29T06:39:07.066863+00:00,ok,,best_deal,2026-04-18T12:27:43.443711+00:00,,True,8,6.04,6.5175,1/1,4.5095,4.474,4.292,4.374,4.59,4.875,3.744,5.031,12.928262556824484,0.0713959854014598,7,3,True,True,True,True,True,True
AWP | POP AWP (Factory New),True,True,True,0.1456,0.7147696114338669,182.0,summary,True,True,True,True,True,65.15,50,0.0663371649136458,0.068500593384867,59,4.562673824033032,5.918372454936424,0.9409356725146198,1.18,0.078026273921542,0.0160468155196212,0.0057899524476465,0.1453901456853114,0.0854926103181465,0.0139225702363736,2026-04-29T06:43:25.396633+00:00,ok,,best_deal,2026-04-17T04:50:53.367391+00:00,,True,8,80.41624999999999,86.16,1/1,67.9207,68.058,64.0382,66.003,69.102,72.279,57.689,75.929,12.132972716712274,0.0655937813590548,7,3,True,True,True,True,True,True
AK-47 | Steel Delta (Factory New),True,True,True,0.153,0.5330578661128529,156.0,summary,True,True,True,True,True,27.09,50,0.0779898926252908,0.0678029585104558,168,5.580949408013554,5.656016113328436,0.9435334273206204,3.36,-0.0206736184282236,-0.0006787119162138,-0.0512456991575903,0.2008978259256512,0.0160273057802182,0.0342194612773781,2026-04-29T06:37:21.123617+00:00,ok,,best_deal,2026-04-17T01:43:22.921881+00:00,,True,8,33.1725,36.03375,1/1,26.9094,26.954,25.432,26.235,27.7368,28.2267,22.311,28.632,10.385590165518376,-0.0453015974214571,7,3,True,True,True,True,True,True
AK-47 | Safety Net (Factory New),True,True,True,0.1324,0.4099973013658991,145.0,summary,True,True,True,True,True,27.02,50,0.0674804936082699,0.0590158930322864,158,4.559679656057475,4.289109730006477,0.9571404370658988,3.16,0.0123580607873801,0.0060851873462558,-0.0148187370667411,0.1337587104357317,0.0511627906976743,0.0369712629207399,2026-04-29T06:42:38.728120+00:00,ok,,best_deal,2026-04-17T01:42:05.896681+00:00,,True,8,30.74375,32.965,1/1,29.4933,29.515,28.25,28.8027,30.1475,30.9304,25.658,31.724,9.088165786805812,-0.0258125725876366,7,3,True,True,True,True,True,True
AWP | Hyper Beast (Battle-Scarred),True,True,True,0.2017,0.6485103634986278,109.0,summary,True,True,True,True,True,35.25,50,0.0624057388052759,0.0574476154356689,60,4.5810426044435335,4.960927866639104,0.9509555238142146,1.2,-0.0048192181613582,-0.0008536736592106,-0.0034449833315782,0.0554558639168162,0.0321034389518447,0.0196449137553289,2026-04-29T06:45:01.699959+00:00,ok,,best_deal,2026-04-17T04:41:19.405651+00:00,,True,8,46.3675,49.47625,1/1,40.1437,40.606,38.6145,39.415,41.254,41.9141,32.34,42.641,8.219471548462144,0.0005164781111657,7,3,True,True,True,True,True,True
USP-S | Royal Guard (Minimal Wear),True,True,True,0.1155,0.8823043226712952,400.0,summary,True,True,True,True,True,4.27,50,0.054579911829387,0.0535331905781584,1238,6.4662741452329255,5.846503460386332,0.9413228281152808,24.76,0.0069818471972871,0.0118265617896673,-0.0173014188994918,0.1988906497622821,0.0919175911251981,0.0243337943992791,2026-04-29T06:49:35.538156+00:00,ok,,best_deal,2026-04-19T07:56:21.261807+00:00,,True,8,4.635,4.905,2/2,4.8405,4.823,4.54,4.705,5.018,5.135,4.34,5.832,12.29211858279103,0.0266422615415904,7,3,True,True,True,True,True,True
P250 | Visions (Minimal Wear),True,True,True,0.1864,0.5017461335613996,244.0,summary,True,True,True,True,True,5.63,50,0.0507297160330926,0.0495837412707886,558,5.747552654998519,4.761198457431026,0.9521395556880872,11.16,0.0001450326323422,-0.001914715029725,-0.0224523501497964,0.1463167053364268,0.0558294663573085,0.0248164029575166,2026-04-29T06:54:57.806168+00:00,ok,,best_deal,2026-04-18T14:31:29.700950+00:00,,True,8,8.1375,8.57375,1/1,6.742,6.707,6.386,6.5165,6.904,7.1532,5.946,9.343,11.379412637199644,0.0087770626097132,7,3,True,True,True,True,True,True
M4A4 | Temukau (Field-Tested),True,True,True,0.1275,0.4087560215358459,400.0,summary,True,True,True,True,True,38.51,50,0.0502193790367002,0.0463390184181597,948,6.987037980415462,4.895001981094695,0.950856935036596,18.96,0.0721288194603508,0.0003692608421211,0.0029553236720094,0.0926998098574999,0.0891960604183135,0.0272725699647802,2026-04-29T06:55:26.278466+00:00,ok,,best_deal,2026-04-18T00:14:43.296484+00:00,,True,8,48.715,51.295,1/1,44.1675,43.994,41.832,42.457,45.543,47.055,40.689,52.872,11.82543725590083,0.0861604863786142,7,3,True,True,True,True,True,True
P250 | Asiimov (Field-Tested),True,True,True,0.1666,0.6189778182247633,400.0,summary,True,True,True,True,True,12.7,50,0.0461533322196473,0.0456217807211184,337,5.212156310816915,2.5266163408507887,0.974127706523238,6.74,-0.0158824500577844,-0.0076801012455457,-0.019955790563537,0.0926721245470406,0.045161723258623,0.0386619880247972,2026-04-29T07:00:00.076422+00:00,ok,,best_deal,2026-04-18T12:30:20.439346+00:00,,True,8,14.5075,15.20875,1/1,14.8499,14.502,14.1268,14.241,15.015,15.736,10.055,36.65,10.836436609000742,0.0324949767893023,7,3,True,True,True,True,True,True
M4A4 | Converter (Factory New),True,True,True,2.2587,45.03222083293257,400.0,summary,True,True,True,True,True,3.0,50,0.0480120006405759,0.0441424494032174,1113,2.495340027659183,3.3672058204557644,0.966265060240964,22.26,0.0011702750146285,-0.0008744826254371,-0.0159101716152593,0.1101694915254236,0.0625365283459964,0.0416721366438668,2026-04-29T06:57:29.524905+00:00,ok,,best_deal,2026-04-17T22:22:07.485944+00:00,,True,8,3.1025,3.25875,1/1,3.3262,3.32,3.208,3.277,3.36,3.4112,3.012,5.939,6.109073417112616,0.0267026702670267,7,3,True,True,True,True,True,True
UMP-45 | Full Stop (Factory New),True,True,True,0.2206,0.5595523581135093,53.0,summary,True,True,True,True,True,9.56,39,0.0463091959816003,0.0438683948155533,88,8.623780316463657,6.89321046868792,0.9310992736077482,2.2564102564102564,0.097405926381626,0.0229187465335406,0.0066003001993641,0.2672147995889002,0.1016537419415116,-0.0123681264266897,2026-04-29T06:59:03.238398+00:00,ok,,best_deal,2026-04-18T21:30:09.766361+00:00,,False,8,10.29125,10.82875,1/1->1/1,10.3203,10.325,9.6136,9.813,10.703,10.9081,9.107,14.556,12.543240022092377,-0.0118179300156957,7,3,True,True,True,True,True,True
Glock-18 | Mirror Mosaic (Battle-Scarred),True,True,True,0.1284,0.4185599276004449,62.0,summary,True,True,True,True,True,5.08,50,0.0466219057581521,0.0433643825851936,374,3.591710857873553,2.7078867200722128,0.9728762478809568,7.48,0.0168381665107575,0.0069051192441853,0.0001022297074462,0.0822447102115917,0.0445262189512419,0.0381109556025642,2026-04-29T06:58:33.420267+00:00,ok,,best_deal,2026-04-17T19:11:50.855473+00:00,,True,8,5.265,5.5175,1/1,5.3178,5.309,5.165,5.216,5.407,5.485,4.791,7.005,6.017526044604917,0.021424544258598,7,3,True,True,True,True,True,True
AWP | Asiimov (Battle-Scarred),True,True,True,0.6937,1.9755470006389262,400.0,summary,True,True,True,True,True,79.68,50,0.0448032045710894,0.0428172446346376,92,6.062019231701473,3.494205087733245,0.961828907929716,1.84,0.0299990526614948,-0.0039744449477795,0.0048693216178703,0.085183898296424,0.0710862211684873,0.0189275204946976,2026-04-29T07:01:20.076991+00:00,ok,,best_deal,2026-04-17T03:50:18.564730+00:00,,True,8,144.6575,149.8025,1/1,103.1422,94.417,90.813,91.278,97.5305,100.47,78.71,530.95,9.362802034472791,0.0317910542187731,7,3,True,True,True,True,True,True
P2000 | Turf (Factory New),True,True,True,0.2011,0.5761493898246517,42.0,summary,True,True,True,True,True,21.24,33,0.0521816768145743,0.042317103364051,55,6.364978069719579,5.732221921965626,0.9425858838226108,1.6666666666666667,0.0148326572008112,0.005762181265183,-0.0238103746179483,0.1980845305017697,0.0466791588590465,0.0033788322403636,2026-04-29T06:52:44.545952+00:00,ok,,best_deal,2026-04-18T12:25:40.607203+00:00,,False,8,27.46,28.8825,1/1->1/1,24.0535,24.015,22.6362,23.228,24.759,25.7862,19.677,26.908,13.095807262976292,-0.0778712129938946,7,3,True,True,True,True,True,True
P250 | Visions (Field-Tested),True,True,True,0.1439,0.42863165784419355,400.0,summary,True,True,True,True,True,3.71,50,0.0432374695836973,0.0414470554657026,1772,5.816544838652169,3.365127473702993,0.9658061594202896,35.44,-0.0063148398737032,-0.0067598732470267,-0.0192118040511679,0.0764866091693145,0.0154334997730366,0.0408177622126865,2026-04-29T07:02:22.657714+00:00,ok,,best_deal,2026-04-18T14:31:24.022776+00:00,,True,8,4.5575,4.76375,1/1,4.4872,4.416,4.265,4.342,4.603,4.894,4.004,5.031,14.017650205027646,0.0107822895159439,7,3,True,True,True,True,True,True
Nova | Wurst Hölle (Factory New),True,True,True,0.1689,0.5818727857159617,400.0,summary,True,True,True,True,True,4.68,50,0.0401379176022584,0.0374598426941396,311,9.435261707988971,5.601469237832889,0.9432426145615258,6.22,-0.0059223513928493,0.0117585412385386,-0.0628843998385579,0.3759929390997349,0.0977493380406001,0.0012939691753222,2026-04-29T07:03:40.832156+00:00,ok,,best_deal,2026-04-18T10:46:27.001643+00:00,,True,8,5.545,5.77625,1/1,4.356,4.299,4.055,4.089,4.5,4.74,3.833,6.646,15.725436179981648,-0.0092906328560499,7,3,True,True,True,True,True,True
P2000 | Amber Fade (Factory New),True,True,True,0.2172,1.935260665556685,321.0,summary,True,True,True,True,True,3.7,50,0.0394602984228388,0.0371691599539701,369,6.894790602655775,4.666171417958948,0.95110678666991,7.38,0.0019319005071238,0.0139036270507983,-0.0034610698588608,0.1737768136900458,0.0339840925524222,0.0112634646158548,2026-04-29T07:04:48.725568+00:00,ok,,best_deal,2026-04-18T11:47:35.930969+00:00,,True,8,3.875,4.035,1/1,4.3076,4.111,3.91,3.991,4.288,4.603,3.593,8.715,16.087844739530123,-0.0157751156446448,7,3,True,True,True,True,True,True
Desert Eagle | Urban DDPAT (Minimal Wear),True,True,True,0.1686,0.5352451303028161,51.0,summary,True,True,True,True,True,18.9,50,0.0342147397864582,0.0324634769361932,73,9.188873503452308,5.502020516008698,0.9449403779987746,1.46,0.100588788283608,0.0182871575107971,0.0296862739585157,0.1040730084517173,0.0913954324761734,-0.0129867632315612,2026-04-29T07:10:42.399925+00:00,ok,,best_deal,2026-04-17T07:58:13.762982+00:00,,True,8,20.5975,21.37375,1/1,21.2322,21.217,20.0488,20.293,22.244,22.8,18.803,24.049,12.957677489850324,-0.0125188670869217,7,3,True,True,True,True,True,True
Glock-18 | Gold Toof (Field-Tested),True,True,True,0.1082,0.8883395983042753,197.0,summary,True,True,True,True,True,32.7,50,0.0346029714497254,0.0316534436619336,170,8.080288214101913,7.552248897500322,0.9251568867665076,3.4,-0.0194300847997147,-0.0078173994912571,-0.0209852558692497,0.0576014127668414,0.0,-0.028050463995554,2026-04-29T07:10:23.445093+00:00,ok,,best_deal,2026-04-17T18:28:44.138406+00:00,,True,8,39.20625,40.60375,1/1,39.6372,39.997,37.0035,37.8242,41.027,42.0374,29.516,44.437,12.699938441665898,-0.0145112993627313,7,3,True,True,True,True,True,True
M4A4 | Temukau (Minimal Wear),True,True,True,0.144,0.47006643847320967,311.0,summary,True,True,True,True,True,61.67,50,0.0317940070708653,0.03109333067008,347,6.092546293054565,3.6520953553859625,0.9627247376017712,6.94,-0.018620735519053,0.0060465092822988,-0.0201861073573282,0.1662397506268212,0.0531137765128413,0.0132694635655475,2026-04-29T07:13:52.465187+00:00,ok,,best_deal,2026-04-18T00:14:47.551249+00:00,,True,8,82.28875,84.99625,1/1,72.8349,71.361,68.701,69.7465,74.184,76.8006,54.113,115.126,11.120493060332352,0.0349398266333773,7,3,True,True,True,True,True,True
Sawed-Off | Devourer (Field-Tested),True,True,True,0.1458,0.39346068344120716,65.0,summary,True,True,True,True,True,4.6,50,0.0377475352505868,0.0310774959550775,230,5.447376612596401,8.058658734825167,0.9197796522637288,4.6,0.0185385169186464,-0.0049282441638743,-0.0098985348566986,0.1173352182364376,0.0452376745007952,-0.0278752915575408,2026-04-29T07:06:54.854575+00:00,ok,,best_deal,2026-04-19T06:50:19.807215+00:00,,True,8,5.7125,5.938750000000001,1/2,5.7826,5.809,5.343,5.655,5.97,6.036,3.935,6.91,11.984228547712094,-0.0372575706022456,7,3,True,True,True,True,True,True
AK-47 | Asiimov (Field-Tested),True,True,True,0.0941,0.38566691494698163,400.0,summary,True,True,True,True,True,43.59,50,0.0292555578484883,0.0291526480507544,537,5.801723940828135,6.152304303755019,0.9390121824534896,10.74,0.0157900201032532,0.0004284837041619,-0.0011910725236939,0.0664337613587793,0.0511028933529072,-0.0108741232508299,2026-04-29T07:17:28.380415+00:00,ok,,best_deal,2026-04-17T00:33:32.182464+00:00,,True,8,49.83,51.3325,1/1,52.4844,52.945,49.716,51.059,54.104,54.77,44.274,59.479,9.629528012133132,0.0151672357524195,7,3,True,True,True,True,True,True
MP7 | Prey (Factory New),True,True,True,0.1355,0.8106890857228644,172.0,summary,True,True,True,True,True,4.54,50,0.0271161555462975,0.0282121050654693,254,3.2009925558312764,5.73200992555832,0.9433962264150942,5.08,0.0613481444079777,0.0173779327211691,-0.0724568136644504,0.4443387250237869,0.0960989533777354,-0.014525872123831,2026-04-29T07:18:58.106728+00:00,ok,,best_deal,2026-04-18T06:23:19.263570+00:00,,True,8,4.6625000000000005,4.7925,1/1,4.03,4.081,3.85,4.012,4.141,4.175,2.974,4.316,8.064516129032251,0.0110630110630109,7,3,True,True,True,True,True,True
AK-47 | Emerald Pinstripe (Minimal Wear),True,True,True,0.3678,5.288734105450716,216.0,summary,True,True,True,True,True,4.77,50,0.0290824412696262,0.0268986935653601,341,2.3793523076084826,2.815264180758112,0.9716221164408644,6.82,-0.0207020702070205,-0.003715304428796,-0.0227233371836157,0.0770220588235293,0.0025735294117647,0.018793934523242,2026-04-29T07:17:46.610590+00:00,ok,,best_deal,2026-04-17T00:39:24.963692+00:00,,True,8,5.18625,5.34,1/1,5.5057,5.462,5.307,5.426,5.557,5.715,4.529,9.161,7.410501843543954,-0.0065741417092767,7,3,True,True,True,True,True,True
AWP | Mortis (Minimal Wear),True,True,True,0.0789,0.3051731775746935,309.0,summary,True,True,True,True,True,5.89,50,0.0205811872821171,0.026109738434012,707,5.469410769664504,4.871722582464056,0.9510966463846044,14.14,0.0915229885057471,0.009719108016906,0.0214678420740328,0.0855600895090167,0.0855600895090167,-0.0045335210392423,2026-04-29T07:30:54.880076+00:00,ok,,best_deal,2026-04-17T04:49:02.964296+00:00,,True,8,5.90125,6.025,1/1,7.094,7.067,6.7214,6.882,7.27,7.398,6.262,9.839,9.537637440090212,0.057488864142539,7,3,True,True,True,True,True,True
MP7 | Fade (Factory New),True,True,True,0.145,1.2306705970076448,400.0,summary,True,True,True,True,True,34.76,50,0.0271888618649351,0.0218028424117163,436,6.753998410539714,5.401266253922312,0.946231904968018,8.72,0.0341743692230827,0.0011156271133789,-0.0110390113574061,0.1374462534421952,0.0596888738586406,-0.0070704753757625,2026-04-29T07:18:43.328901+00:00,ok,,best_deal,2026-04-18T05:29:25.189965+00:00,,True,8,40.98,42.12625,1/1,41.3977,41.586,39.35,40.101,42.897,43.256,24.597,57.79,9.43530679240634,-0.0360901555369282,7,3,True,True,True,True,True,True
UMP-45 | Wild Child (Battle-Scarred),True,True,True,0.1382,0.5190839694656489,54.0,summary,True,True,True,True,True,3.5,50,0.0267173361192554,0.0217817680725692,905,7.97064777327935,7.135627530364373,0.9283354510800508,18.1,0.0080511182108626,-0.0039357442807839,-0.0104916195317593,0.0867139959432048,0.0230730223123731,-0.0190182718394337,2026-04-29T07:19:23.053402+00:00,ok,,best_deal,2026-04-18T22:23:47.085849+00:00,,True,8,3.37625,3.46875,1/1,3.952,3.935,3.653,3.804,4.119,4.251,3.148,4.483,15.131578947368428,0.0048407643312102,7,3,True,True,True,True,True,True
AUG | Momentum (Field-Tested),True,True,True,0.1707,0.4519340117266537,151.0,summary,True,True,True,True,True,5.91,50,0.0164620241111596,0.0204230689305315,353,3.7582394996843695,4.703671623823719,0.9530755711775044,7.06,0.05056505360765,0.0096132986601823,0.0200489683520186,0.0747483105778514,0.0747483105778514,-0.0124479912909757,2026-04-29T07:42:44.659543+00:00,ok,,best_deal,2026-04-17T02:50:16.458401+00:00,,True,8,7.703749999999999,7.83875,1/1,6.8117,6.828,6.5076,6.665,6.921,7.251,4.762,9.717,10.91357517213031,0.072791833111407,7,3,True,True,True,True,True,True
AWP | Duality (Minimal Wear),True,True,True,0.2136,0.9442028177391174,400.0,summary,True,True,True,True,True,6.25,50,0.0300656432779882,0.0203741144693924,1358,5.816300782235673,6.497602826141819,0.9352038248616004,27.16,0.0532718657958763,0.0064862323774555,0.0078959547382861,0.0651671732522796,0.0571428571428571,-0.0059177319740284,2026-04-29T07:16:43.298394+00:00,ok,,best_deal,2026-04-17T03:56:45.245352+00:00,,True,8,9.19625,9.4725,1/1,7.926,7.948,7.433,7.678,8.139,8.492,6.481,9.017,13.361090083270264,0.025049850448654,7,3,True,True,True,True,True,True
Desert Eagle | Mulberry (Minimal Wear),True,True,True,0.1011,0.4109119963474488,400.0,summary,True,True,True,True,True,11.32,50,0.020706506456555,0.0202176008208125,732,4.466633580491995,5.073295753364795,0.9493342210386152,14.64,0.0120129138824234,0.0044902143051403,-0.0006673077250258,0.0778989539283328,0.0149120854662807,-0.0061417161026163,2026-04-29T07:30:28.045450+00:00,ok,,best_deal,2026-04-17T07:47:48.625254+00:00,,True,8,13.5275,13.81375,1/1,13.5001,13.518,12.8331,13.182,13.785,14.16,12.08,17.116,9.828816082843831,-0.0151249451994739,7,3,True,True,True,True,True,True
M4A1-S | Glitched Paint (Minimal Wear),True,True,True,0.2281,3.4920634920634925,309.0,summary,True,True,True,True,True,5.13,50,0.019092635704173,0.0190839694656489,833,5.355583909744154,4.213954737761054,0.95770850884583,16.66,0.0065645514223195,-0.0036672472626099,-0.0327463241284008,0.1464882943143813,0.0190635451505018,0.0018929023113934,2026-04-29T07:35:38.176610+00:00,ok,,best_deal,2026-04-17T21:24:30.672082+00:00,,True,8,5.1375,5.237500000000001,1/1,5.9564,5.935,5.684,5.802,6.121,6.2774,5.325,6.732,9.962393391981731,0.0157975199592323,7,3,True,True,True,True,True,True
AWP | Ice Coaled (Field-Tested),True,True,True,0.1066,0.6657805276840011,237.0,summary,True,True,True,True,True,8.68,50,0.0149482847169512,0.0167350363602462,978,5.622608183691495,5.151604356785402,0.9485243651338366,19.56,-0.0044882427553908,-0.0014075609429253,-0.0166950940290088,0.1104577085171028,0.0430265608154464,-0.010307296644438,2026-04-29T07:46:37.010392+00:00,ok,,best_deal,2026-04-17T04:41:48.759675+00:00,,True,8,8.485,8.61375,1/1,10.191,10.199,9.674,9.899,10.472,10.7378,9.235,11.708,10.438622313806304,0.0449610815239656,7,3,True,True,True,True,True,True
MAC-10 | Disco Tech (Field-Tested),True,True,True,0.0955,0.9095283926852743,363.0,summary,True,True,True,True,True,5.81,50,0.0161585543605337,0.0150648301173142,590,5.864959564748149,5.425863776815151,0.9459021226415094,11.8,0.0067942723553475,-0.0008715798892841,-0.0110671857464056,0.1004281256802844,0.0450620419418038,-0.0159558840146604,2026-04-29T07:44:03.725394+00:00,ok,,best_deal,2026-04-18T01:54:10.555879+00:00,,True,8,5.975,6.07375,1/1,6.7639,6.784,6.417,6.522,6.9187,7.272,2.568,7.647,12.64063631928326,0.0471884498480241,7,3,True,True,True,True,True,True
AWP | Chrome Cannon (Field-Tested),True,True,True,0.0916,0.46228415631626785,364.0,summary,True,True,True,True,True,30.97,50,0.0175037828033718,0.0149339399666162,777,7.354638790990842,4.51180942473039,0.9547369889772568,15.54,-0.0223338916806252,-0.0017744783465899,-0.0116076504367801,0.1014930243942236,0.0495499170542003,-0.0032436013396015,2026-04-29T07:39:36.299184+00:00,ok,,best_deal,2026-04-17T03:53:35.341114+00:00,,True,8,35.855,36.48875,1/1,35.9501,35.835,34.213,34.496,37.14,37.978,33.159,40.339,10.472849866898844,0.0482937537417682,7,3,True,True,True,True,True,True
M4A1-S | Black Lotus (Field-Tested),True,True,True,0.2711,5.352140856342537,400.0,summary,True,True,True,True,True,5.89,50,0.0146791149565391,0.0148148248504291,5898,5.124550843731523,3.502281789650831,0.9648455334043524,117.96,0.0364335126825519,-0.0012714349642473,-0.0079474470014139,0.0792049836843666,0.0492435479086324,0.0211643161703087,2026-04-29T07:47:03.289948+00:00,ok,,best_deal,2026-04-17T21:17:13.884363+00:00,,True,8,6.2775,6.37,1/1,6.5957,6.571,6.34,6.42,6.758,6.865,6.161,7.192,7.9597313401155345,0.0342077005675716,7,3,True,True,True,True,True,True
MP7 | Bloodsport (Minimal Wear),True,True,True,0.1479,0.5140563164171394,189.0,summary,True,True,True,True,True,49.78,50,0.0146763126417692,0.0144130492077789,202,3.706608069198659,6.621195667924194,0.9341773009981866,4.04,-0.008003137830891,-0.0025442965563838,-0.023895647577966,0.1525376675163415,0.036451892419386,-0.0374870333085622,2026-04-29T07:47:17.128537+00:00,ok,,best_deal,2026-04-18T05:27:33.699713+00:00,,True,8,56.11375,56.94875,1/1,58.6601,59.007,55.123,57.689,59.8633,60.729,50.905,72.064,9.556751522755674,0.037830900328281,7,3,True,True,True,True,True,True
MP7 | Cirrus (Factory New),True,True,True,0.1746,0.5123033339986622,70.0,summary,True,True,True,True,True,21.74,48,0.0218367176893063,0.0140234696165633,307,4.145699681222323,4.805513820323863,0.9520485463848016,6.395833333333333,0.0531630779502587,0.0005804118490106,-0.0230312846531856,0.200332831444647,0.0504794357714557,-0.0088386782003422,2026-04-29T07:27:19.822512+00:00,ok,,best_deal,2026-04-18T05:28:17.872835+00:00,,False,8,29.785,30.40625,1/1->1/1,25.1586,25.213,24.004,24.747,25.79,26.522,19.677,27.698,10.00850603769684,-0.0173266362963828,7,3,True,True,True,True,True,True
M4A4 | Tooth Fairy (Minimal Wear),True,True,True,0.136,0.3898102731548741,211.0,summary,True,True,True,True,True,6.34,50,0.0171040299089061,0.0139731032338307,1027,6.570713391739669,8.135168961201497,0.9193381592554292,20.54,0.0005176653293645,0.0023963439922958,-0.0159416529983429,0.0922261027034019,0.0250937782951752,-0.0375827457238696,2026-04-29T07:40:15.879642+00:00,ok,,best_deal,2026-04-18T00:17:53.468482+00:00,,True,8,8.13,8.272499999999999,1/1,7.6704,7.736,7.112,7.415,7.919,8.063,6.354,8.515,12.398310387984989,-0.0177868123491298,7,3,True,True,True,True,True,True
AWP | Exoskeleton (Battle-Scarred),True,True,True,0.1654,0.6960515540997615,105.0,summary,True,True,True,True,True,4.75,50,0.0048204787155676,0.0137040708880089,349,3.203240058910153,4.142120765832099,0.9585864163445612,6.98,-0.0110724743777453,-0.0027029932851414,-0.0189575234671776,0.1865457573794763,0.0080503377440545,-0.0185606711157388,2026-04-29T08:17:36.839156+00:00,ok,,best_deal,2026-04-17T03:57:51.697568+00:00,,True,8,5.52375,5.55375,1/1,5.432,5.433,5.208,5.347,5.521,5.656,4.578,6.268,8.247422680412361,-0.0255184851217313,7,3,True,True,True,True,True,True
Desert Eagle | Heat Treated (Minimal Wear),True,True,True,0.5113,6.631225517627309,400.0,summary,True,True,True,True,True,3.35,50,0.0101847221956384,0.0125817658289255,882,6.1089267511285765,5.324984224066789,0.946146293568974,17.64,0.0235917188252285,0.0101905103055183,0.0035180260059957,0.0999529633113829,0.0602069614299152,-0.0176562018846702,2026-04-29T08:00:52.601884+00:00,ok,,best_deal,2026-04-17T06:57:49.528463+00:00,,True,8,3.52125,3.5575,1/1,4.1202,4.074,3.8546,3.9573,4.209,4.259,2.567,19.045,9.815057521479549,0.0408812729498162,7,3,True,True,True,True,True,True
Dual Berettas | Royal Consorts (Field-Tested),True,True,True,0.1257,0.39819667254044905,72.0,summary,True,True,True,True,True,3.89,50,0.006722005722136,0.0122397792826686,233,5.040931530818423,7.06147020226216,0.9296388542963886,4.66,0.0170130289652203,0.0029032380861109,-0.0029124928071992,0.0710428798305983,0.0167284277395448,-0.0488363676767201,2026-04-29T08:12:09.612567+00:00,ok,,best_deal,2026-04-17T09:05:55.145544+00:00,,True,8,4.75375,4.8,1/1,4.8007,4.818,4.479,4.716,4.958,5.03,2.602,5.314,11.477492865623766,-0.0364211385431544,7,3,True,True,True,True,True,True
Five-SeveN | Boost Protocol (Factory New),True,True,True,0.16,0.6077838245670415,75.0,summary,True,True,True,True,True,13.68,50,0.018978039712436,0.0115563659429148,106,8.85470347363436,4.446502688097152,0.9553058938821224,2.12,-0.014211257817929,0.0079483704869288,-0.0237948012126499,0.1553699199887209,0.0350005287088929,-0.0156038952881666,2026-04-29T07:36:27.356930+00:00,ok,,best_deal,2026-04-17T11:50:43.609058+00:00,,True,8,13.88125,14.1525,1/1,14.3596,14.286,13.6475,13.7245,14.996,15.204,11.806,18.189,10.839438424468646,-0.0552447552447552,7,3,True,True,True,True,True,True
Glock-18 | Shinobu (Field-Tested),True,True,True,0.1114,0.9814031219997867,400.0,summary,True,True,True,True,True,5.49,50,0.0111816385859219,0.010948905109489,3241,5.017646156206842,3.0075187969924904,0.9696875966594494,64.82,-0.0276005342038878,-0.0009813249201827,-0.0158910515908446,0.0860674500228902,0.0408972989470471,0.017473608175164,2026-04-29T07:57:38.144621+00:00,ok,,best_deal,2026-04-17T19:22:40.951323+00:00,,True,8,5.415,5.47625,1/1,6.517,6.466,6.27,6.368,6.695,6.844,5.98,7.341,8.807733619763706,0.0122026567809701,7,3,True,True,True,True,True,True
USP-S | Cortex (Battle-Scarred),True,True,True,0.1262,0.4636825199461195,95.0,summary,True,True,True,True,True,3.72,50,0.0107655728335412,0.0107384291624025,642,5.314351185977903,3.729796933278077,0.9623059866962306,12.84,-0.0059396531242573,-0.005276986502519,-0.0171563610588217,0.1168738049713193,0.0552103250478012,-0.0037096746968247,2026-04-29T07:58:57.815778+00:00,ok,,best_deal,2026-04-18T22:26:40.363866+00:00,,True,8,3.68375,3.72375,1/1,4.1021,4.059,3.906,3.983,4.201,4.4076,2.597,4.919,12.227883279295977,0.046261565391348,7,3,True,True,True,True,True,True
AWP | Black Nile (Battle-Scarred),True,True,True,0.2208,1.2522483550010246,219.0,summary,True,True,True,True,True,3.59,50,0.0136358951514929,0.0103149865633099,239,7.709129464778782,7.642861876256325,0.9226642825212338,4.78,-0.0199888950583009,-0.0059214754063804,-0.0108328160559428,0.0790934844192635,0.0350141643059489,-0.0475541668426597,2026-04-29T07:49:36.022355+00:00,ok,,best_deal,2026-04-17T03:51:11.385194+00:00,,True,8,4.3375,4.3975,1/1,4.5271,4.474,4.128,4.258,4.607,4.6534,0.263,9.907,11.60566366989906,0.0314399251986909,7,3,True,True,True,True,True,True
AK-47 | Emerald Pinstripe (Field-Tested),True,True,True,0.4367,7.573808345703447,322.0,summary,True,True,True,True,True,3.08,50,0.0096706573248716,0.008851170176763,856,7.8208518539357454,3.854160805716536,0.960946408209806,17.12,0.0256480218281036,0.0022941026426498,-0.009937150960777,0.140462889066241,0.0923117850492152,-0.0037077868654778,2026-04-29T08:02:44.830549+00:00,ok,,best_deal,2026-04-17T00:39:19.796292+00:00,,True,8,3.4825,3.515,1/1,3.5546,3.508,3.371,3.409,3.687,3.828,3.277,6.164,12.856580205930335,0.0195280716029291,7,3,True,True,True,True,True,True
G3SG1 | Dream Glade (Factory New),True,True,True,0.1919,0.5793865943762293,159.0,summary,True,True,True,True,True,6.2,50,0.0112104275205162,0.0087163232963549,392,1.1688625188987236,1.0494352615329916,0.9894736842105264,7.84,-0.0157173393687916,0.0009209041190798,-0.0048462225068074,0.0431144609095554,0.0038323965252938,0.0196451202054477,2026-04-29T07:57:20.907583+00:00,ok,,best_deal,2026-04-17T13:01:54.946101+00:00,,True,8,6.315,6.38625,1/1,7.8709,7.847,7.7644,7.798,7.89,8.0089,7.045,10.148,3.106379194247169,-0.0065989847715735,7,3,True,True,True,True,True,True
AK-47 | Inheritance (Field-Tested),True,True,True,0.0951,0.3098263267104404,400.0,summary,True,True,True,True,True,50.33,50,0.0096589429144261,0.0083638601370869,1141,3.5442083434327176,3.1312560035190717,0.9686432449926284,22.82,-0.0006838468183126,0.0002825784939501,-0.0104975938899967,0.05895912119575,0.0132360886007563,0.0058852180221705,2026-04-29T08:02:55.451357+00:00,ok,,best_deal,2026-04-17T00:44:49.931467+00:00,,True,8,50.2475,50.7375,1/1,55.6965,55.618,53.874,54.723,56.697,57.561,51.161,59.168,6.619805553311245,0.0076211213935766,7,3,True,True,True,True,True,True
Galil AR | Sky Mandala (Factory New),True,True,True,0.1972,3.5220588235294117,319.0,summary,True,True,True,True,True,3.04,50,0.0176809210526315,0.0082236842105263,666,4.135893648449036,3.28245527654686,0.9665775401069518,13.32,0.0551607445008459,0.0092976233708001,-0.0176109334660363,0.1430404105195638,0.0593329057087877,0.0079752286465996,2026-04-29T07:39:04.813720+00:00,ok,,best_deal,2026-04-17T17:39:49.553011+00:00,,True,8,2.98625,3.04,1/1,3.0465,2.992,2.892,2.954,3.08,3.233,2.815,5.022,11.19317249302479,0.0116807268007788,7,3,True,True,True,True,True,True
Tec-9 | Fuel Injector (Battle-Scarred),True,True,True,0.101,0.4914875055065605,42.0,summary,True,True,True,True,True,11.1,41,0.007409310151552,0.0080112336159942,77,6.387935162863945,5.443137636869833,0.9460889138998312,1.8780487804878048,-0.0229070533948582,-0.0131571760827648,,0.0950413223140494,0.0,-0.0378401032054185,2026-04-29T08:10:04.260675+00:00,ok,,best_deal,2026-04-18T19:40:21.495549+00:00,,False,8,11.27625,11.3625,1/1->1/1,12.3201,12.439,11.7684,11.866,12.653,13.003,11.071,13.068,10.021022556635096,-0.0596724951429363,7,3,True,True,True,True,True,True
AK-47 | Midnight Laminate (Minimal Wear),True,True,True,0.182,2.020573888294973,400.0,summary,True,True,True,True,True,12.32,50,0.0099097389718679,0.0079233524547849,1528,3.119110190863002,3.650022563775853,0.9635326879724174,30.56,0.0181456953642384,0.0011596153677355,-0.0039613893446468,0.0832899700793546,0.0255626382203721,0.003392253224857,2026-04-29T08:01:36.978909+00:00,ok,,best_deal,2026-04-17T00:48:42.761738+00:00,,True,8,16.48375,16.64375,1/1,15.0684,15.082,14.532,14.885,15.355,15.562,12.525,16.065,6.835496801252949,0.0123798235216647,7,3,True,True,True,True,True,True
AK-47 | Slate (Field-Tested),True,True,True,0.102,1.071364083221315,400.0,summary,True,True,True,True,True,5.14,50,0.0100666001755799,0.0077881208018194,5060,4.987937667079597,3.325291778053069,0.9665792922673656,101.2,0.0008180628272251,-0.0033979037693361,-0.0090817311046313,0.0701324178518882,0.0300801046264509,0.017002700311023,2026-04-29T08:01:25.333389+00:00,ok,,best_deal,2026-04-17T01:43:03.926132+00:00,,True,8,5.16,5.2125,1/1,6.1348,6.104,5.9,5.98,6.286,6.438,5.706,6.705,8.769642042120351,0.017973040439341,7,3,True,True,True,True,True,True
USP-S | Printstream (Field-Tested),True,True,True,0.1218,0.39298409183614,400.0,summary,True,True,True,True,True,38.93,50,0.0080978811703721,0.0075432839952503,762,5.311373896972303,4.322508350300212,0.9566657286954264,15.24,0.0379934954446572,0.0081983750096233,0.0052481233365577,0.0806133670865063,0.0587844707737637,-0.0109154818345268,2026-04-29T08:06:41.691680+00:00,ok,,best_deal,2026-04-19T07:55:04.892710+00:00,,True,8,48.91,49.305,2/2,46.3157,46.199,44.197,45.138,47.598,48.5004,24.188,59.777,9.291449767573406,0.0267155244040135,7,3,True,True,True,True,True,True
Desert Eagle | Crimson Web (Field-Tested),True,True,True,0.1242,1.645856980703746,269.0,summary,True,True,True,True,True,13.85,50,0.011118842783954,0.0073929056711721,275,8.287629103769957,5.29229349803942,0.9463880054520672,5.5,0.0422590578523225,0.0113548957975345,0.0051978481504708,0.1038156902187578,0.0744908222278098,-0.025545825063583,2026-04-29T07:57:58.362669+00:00,ok,,best_deal,2026-04-17T06:53:39.763538+00:00,,True,8,14.66125,14.82375,1/1,15.6076,15.407,14.581,14.888,16.1815,16.6142,13.89,22.178,13.026986852559014,0.019090326713645,7,3,True,True,True,True,True,True
AWP | Printstream (Well-Worn),True,True,True,0.0897,1.0823866570845229,146.0,summary,True,True,True,True,True,46.76,50,0.0064690661164201,0.0065040669513493,419,7.477575413355811,7.427652558636745,0.9261491978994316,8.38,-0.0161523038581894,-0.0075885600899666,-0.026508899286388,0.1099323873916769,0.0,-0.048363402702366,2026-04-29T08:13:15.898856+00:00,ok,,best_deal,2026-04-17T04:53:02.558106+00:00,,True,8,45.9725,46.27125,1/1,55.2853,55.604,51.4976,53.347,57.481,59.011,44.238,60.285,13.59023103790701,-0.0558352814242042,7,3,True,True,True,True,True,True
M4A4 | Tooth Fairy (Field-Tested),True,True,True,0.0942,0.3894792518151657,400.0,summary,True,True,True,True,True,4.09,50,0.0087034888573396,0.0060835936337944,2960,5.617630717945564,5.411856698973185,0.9461396682367398,59.2,0.0293749999999999,-0.0041186930262119,-0.0084110142376373,0.0760979558793765,0.0647642177696821,-0.0098231483072357,2026-04-29T08:05:26.281445+00:00,ok,,best_deal,2026-04-18T00:17:48.200929+00:00,,True,8,4.65375,4.695,1/1,4.8597,4.883,4.62,4.717,4.99,5.089,4.472,5.313,9.650801489803904,0.0114636642784033,7,3,True,True,True,True,True,True
AK-47 | Wintergreen (Factory New),True,True,True,0.3299,3.5887380593262943,400.0,summary,True,True,True,True,True,8.44,50,0.0096515651515931,0.0060026040486612,760,6.996192769516119,5.18477541678869,0.9479642934900936,15.2,-0.0024501970810695,0.0058924666068695,-0.0210799301741017,0.1531396838957709,0.057667663391713,-0.0180058887254411,2026-04-29T08:03:08.474086+00:00,ok,,best_deal,2026-04-17T01:47:46.079910+00:00,,True,8,10.7725,10.885,1/1,9.2193,9.186,8.708,8.855,9.5,9.77,8.047,14.824,11.519312746087005,0.0004273504273506,7,3,True,True,True,True,True,True
Desert Eagle | Printstream (Field-Tested),True,True,True,0.0823,0.7267615445859873,400.0,summary,True,True,True,True,True,38.1,50,0.0063930413734968,0.0050968388341197,1011,5.720529910883374,5.718353149121231,0.942859007264976,20.22,0.0072170525860202,0.004601656060158,-0.0013367137696086,0.0559906324191346,0.0330550989934145,-0.024255582526409,2026-04-29T08:13:29.976886+00:00,ok,,best_deal,2026-04-17T07:52:31.522264+00:00,,True,8,44.03875,44.32,1/1,45.9398,45.974,43.347,44.58,47.208,48.774,39.757,49.912,11.81328608309135,0.0059326979186928,7,3,True,True,True,True,True,True
USP-S | Jawbreaker (Field-Tested),True,True,True,0.1219,0.8941376837576194,400.0,summary,True,True,True,True,True,4.3,50,0.0057896292558697,0.0041736227045074,3716,5.141628493970279,3.384126390576798,0.9658748114630468,74.32,0.008076634109692,0.0005987269411445,-0.0125506940142958,0.0739705608347308,0.0262716601453325,0.0094865715769942,2026-04-29T08:14:52.241542+00:00,ok,,best_deal,2026-04-19T07:50:35.357484+00:00,,True,8,4.54625,4.57375,2/2,5.3485,5.304,5.123,5.185,5.46,5.715,5.039,5.836,11.068523885201452,-0.0042671614100184,7,3,True,True,True,True,True,True
AK-47 | Slate (Minimal Wear),True,True,True,0.1659,2.8775467338794374,400.0,summary,True,True,True,True,True,7.37,50,0.007407549268396,0.0040650406504065,2185,4.452254155796558,4.840344106422887,0.9514489619377164,43.7,0.0160364069780043,0.0040756321938333,-0.0066310978567615,0.0740108776794284,0.022075290604671,-0.0079897413331941,2026-04-29T08:10:20.505458+00:00,ok,,best_deal,2026-04-17T01:43:08.326492+00:00,,True,8,8.20625,8.28625,1/1,9.2762,9.248,8.799,9.086,9.499,9.799,8.539,10.076,10.780276406287058,0.0091476538958243,7,3,True,True,True,True,True,True
AWP | Ice Coaled (Battle-Scarred),True,True,True,0.2038,2.300632629421723,170.0,summary,True,True,True,True,True,5.26,50,0.0105615826534065,0.0037832511598819,816,2.398331595411886,1.459854014598534,0.9853684027172968,16.32,-0.0060044604563388,-0.001086072955067,-0.0078070005319509,0.0479806696582672,0.0210562651018296,0.0207340002610477,2026-04-29T07:59:27.978195+00:00,ok,,best_deal,2026-04-17T04:41:41.013982+00:00,,True,8,5.24625,5.3025,1/1,5.754,5.741,5.657,5.691,5.829,5.877,4.905,7.595,3.823427181091411,-0.0041251289102782,7,3,True,True,True,True,True,True
AK-47 | Ice Coaled (Battle-Scarred),True,True,True,0.1161,1.0828300258843833,154.0,summary,True,True,True,True,True,4.41,50,0.0141060214206922,0.0033860045146726,1430,3.540240736370068,2.4978365195500096,0.97483154974237,28.6,-0.0240657405595772,-0.0035029423894424,-0.020374754613203,0.0693664795509222,0.0090216519647154,0.0185534904463708,2026-04-29T07:48:45.403055+00:00,ok,,best_deal,2026-04-17T00:44:09.512204+00:00,,True,8,4.48,4.5425,1/1,5.0844,5.046,4.919,4.971,5.151,5.285,4.659,5.749,7.198489497285827,-0.0120816003168944,7,3,True,True,True,True,True,True
AWP | Duality (Battle-Scarred),True,True,True,0.1602,1.1071418832319817,167.0,summary,True,True,True,True,True,3.42,50,0.0093002915451895,0.0029154518950437,1422,5.784399649430332,2.328784274445974,0.9764556962025316,28.44,-0.0097548774387193,-0.0039245219025531,-0.0204897607271223,0.0858802727961606,0.0179338216721394,0.0153912049140389,2026-04-29T08:04:10.206574+00:00,ok,,best_deal,2026-04-17T03:56:30.469660+00:00,,True,8,3.4325,3.465,1/1,3.9935,3.95,3.857,3.884,4.115,4.219,3.713,4.383,9.06473018655315,-0.0095071303477607,7,3,True,True,True,True,True,True
AK-47 | Redline (Field-Tested),True,True,True,0.334,2.1675570977454655,400.0,summary,True,True,True,True,True,32.94,50,0.0048669361101827,0.0029011830428964,564,4.161724050645476,2.7819276450647514,0.9714103545014028,11.28,0.0058514203227304,-0.0014214270754642,-0.0076298753489145,0.0514850977678687,0.0129930037672024,-0.0011683730043618,2026-04-29T08:17:05.351459+00:00,ok,,best_deal,2026-04-17T01:41:17.496518+00:00,,True,8,32.6075,32.7675,1/1,40.2958,39.21,38.089,38.542,40.219,41.853,36.044,145.502,9.340923867996176,0.0028527370855822,7,3,True,True,True,True,True,True
AWP | Green Energy (Factory New),True,True,True,0.1994,1.315224932661497,140.0,summary,True,True,True,True,True,93.78,50,0.0002558952141678,0.002864698104892,81,4.422933746499638,3.6600988883944496,0.963841699663644,1.62,-0.0134379192899164,0.0089362131606529,-0.0177626110857498,0.1453529731765494,0.0443570322634639,-0.0279790678433817,2026-04-29T08:36:46.142732+00:00,ok,,best_deal,2026-04-17T03:59:54.860258+00:00,,True,8,116.27375,116.38375,1/1,92.8117,93.948,90.551,91.341,95.446,97.67,0.197,105.76,7.6703691452694,-0.0111824886985486,7,3,True,True,True,True,True,True
AWP | Chrome Cannon (Battle-Scarred),True,True,True,0.1027,0.36090974145172827,93.0,summary,True,True,True,True,True,27.92,50,0.0034547283656884,0.0027051894634714,401,8.507839322323541,6.291743891906193,0.9371719713943708,8.02,0.0025590429795894,-0.0080655930393064,-0.0199377018752273,0.1184303595042592,0.0449610972721961,-0.0403585798025347,2026-04-29T08:24:20.762614+00:00,ok,,best_deal,2026-04-17T03:53:25.820185+00:00,,True,8,27.73875,27.835,1/1,32.5347,32.581,30.534,31.227,33.995,34.39,29.067,36.531,11.851961136878476,-0.0019643350418956,7,3,True,True,True,True,True,True
AK-47 | Slate (Battle-Scarred),True,True,True,0.1461,0.6837530444886377,400.0,summary,True,True,True,True,True,4.16,50,0.0029289446603713,0.0024009638443091,2117,4.448184659773975,4.528332131121263,0.9548451548451548,42.34,0.0176600441501104,-0.0024519706417059,-0.0102022430072474,0.0895286925655688,0.0631039242752907,-0.0096165985111653,2026-04-29T08:27:17.750971+00:00,ok,,best_deal,2026-04-17T01:42:54.010609+00:00,,True,8,4.3375,4.35,1/1,4.9908,5.005,4.779,4.868,5.09,5.184,4.627,5.535,8.114931473912003,0.0115699182126471,7,3,True,True,True,True,True,True
USP-S | Cortex (Well-Worn),True,True,True,0.1362,1.6474464579901154,145.0,summary,True,True,True,True,True,3.77,50,0.0029992031746486,0.0013227513227512,870,4.953764861294583,4.599924514059263,0.9538898084653582,17.4,-0.0032467532467532,-0.0027128168871827,-0.0175421278925649,0.1074918566775243,0.0525825965565379,-0.0177036855057533,2026-04-29T08:26:41.993125+00:00,ok,,best_deal,2026-04-18T22:26:49.389629+00:00,,True,8,3.73375,3.745,1/1,4.2392,4.229,4.034,4.119,4.329,4.514,3.434,4.711,11.322891111530486,0.0287218764959311,7,3,True,True,True,True,True,True
AK-47 | Slate (Factory New),True,True,True,0.1972,1.8380264545970948,400.0,summary,True,True,True,True,True,19.8,50,0.0031166851361502,0.0009722377284061,373,5.389130764398812,3.4882058613295177,0.9644754257478162,7.46,0.0876807453962116,0.0088435843652957,0.0085037147536857,0.1109584612898012,0.0990787134313884,-0.0132179662163645,2026-04-29T08:25:55.444761+00:00,ok,,best_deal,2026-04-17T01:42:58.587749+00:00,,True,8,21.69,21.76125,1/1,23.0835,22.666,21.8608,22.189,23.433,24.7242,20.965,38.006,12.40453137522472,0.1024099069000845,7,3,True,True,True,True,True,True
AK-47 | Head Shot (Minimal Wear),True,True,True,0.116,0.43844825714141533,297.0,summary,True,True,True,True,True,61.5,50,0.0009317828764237,0.0006405124099279,361,9.091727677612852,4.877643326660803,0.9502957410465986,7.22,-0.0110521168087186,-0.0099560140706968,-0.0401682993346981,0.1641588606790149,0.0419898557481738,-0.0295472140393833,2026-04-29T08:33:30.338135+00:00,ok,,best_deal,2026-04-17T00:43:08.161862+00:00,,True,8,62.58875,62.6475,1/1,72.1865,70.839,67.318,68.435,74.998,77.91,62.436,99.814,14.673103696674586,-0.0448564835431763,7,3,True,True,True,True,True,True
AK-47 | Slate (Well-Worn),True,True,True,0.4365,8.232033906199058,400.0,summary,True,True,True,True,True,4.2,50,0.0017786583512512,0.0,3158,5.10388008727825,4.022388767669097,0.9595805529075312,63.16,-0.0230639414963436,-0.004489713832631,-0.0165861439393847,0.0595009596928983,0.0067178502879078,-0.0022999422199176,2026-04-29T08:30:55.842543+00:00,ok,,best_deal,2026-04-17T01:43:13.806924+00:00,,True,8,4.23125,4.23875,1/1,5.2705,5.245,5.033,5.135,5.404,5.518,4.951,5.676,9.202162982639209,-0.0068623713305376,7,3,True,True,True,True,True,True
Glock-18 | Shinobu (Minimal Wear),True,True,True,0.1221,1.1402270513151878,295.0,summary,True,True,True,True,True,10.05,50,-0.0003760192166274,0.0,1196,5.199714320553238,3.2748619506331926,0.9670781893004116,23.92,-0.0083744710860366,0.0020986967563615,-0.0173399476217641,0.0879189261267668,0.0053338074495511,-0.0051936779632166,2026-04-29T08:41:10.175629+00:00,ok,,best_deal,2026-04-17T19:22:46.867779+00:00,,True,8,10.09875,10.095,1/1,11.4814,11.421,11.045,11.131,11.728,12.102,10.267,13.836,9.206194366540668,-0.0008881783462119,7,3,True,True,True,True,True,True
M4A1-S | Black Lotus (Factory New),True,True,True,0.2567,1.5182848616528362,400.0,summary,True,True,True,True,True,20.15,50,-0.0017890674535433,0.0,696,2.2468033542165387,1.2580415784845418,0.9871558056617552,13.92,0.0079868154158215,0.0015808707133338,-0.002812434991547,0.0489665870121158,0.0309814279126315,0.0091058932243442,2026-04-29T08:48:33.453589+00:00,ok,,best_deal,2026-04-17T21:17:08.343024+00:00,,True,8,20.4475,20.41125,1/1,23.7671,23.279,22.98,23.1,23.634,24.0095,22.25,38.029,4.331618077089754,0.0307233601244492,7,3,True,True,True,True,True,True
Sawed-Off | Kiss♥Love (Battle-Scarred),True,True,True,0.1431,0.5939274539344073,50.0,summary,True,True,True,True,True,3.55,48,1.0379680819655455e-05,0.0,640,10.126142232816855,7.439411998410793,0.9252028460866312,13.333333333333334,0.0024588148512416,0.0002651900941672,-0.008809268807058,0.0907530046602893,0.039980377728722,-0.0512567962860897,2026-04-29T08:38:51.146949+00:00,ok,,best_deal,2026-04-19T06:56:18.200162+00:00,,False,8,3.4975,3.4975,1/2->2/2,4.0272,4.0055,3.7059,3.836,4.2438,4.428,1.969,4.466,17.930572109654346,0.0269521410579345,7,3,True,True,True,True,True,True
USP-S | Black Lotus (Minimal Wear),True,True,True,0.0838,1.1632825719120135,223.0,summary,True,True,True,True,True,3.08,50,0.0003845401430184,0.0,455,9.429334496102909,7.385403608219325,0.9259158009841444,9.1,0.0642996924797316,-3.5872560934695806e-05,-0.0010814313837319,0.180194378775939,0.100341476228001,-0.0533830684635219,2026-04-29T08:36:16.628826+00:00,ok,,best_deal,2026-04-18T22:24:55.329956+00:00,,True,8,3.1925,3.19375,1/1,3.6694,3.658,3.387,3.495,3.841,3.995,2.994,4.38,16.569466397776207,0.0138482023968042,7,3,True,True,True,True,True,True
Galil AR | Tuxedo (Factory New),True,True,True,0.4232,5.647840531561462,286.0,summary,True,True,True,True,True,3.97,50,0.0005979927829125,0.0,388,8.416916554647917,4.713059662909731,0.951736552308344,7.76,-0.026834722504574,-0.0026143695845037,-0.0151558709146183,0.1733862544391059,0.0438688113641111,-0.0276825217228232,2026-04-29T08:35:22.134165+00:00,ok,,best_deal,2026-04-17T18:13:39.172683+00:00,,True,8,4.245,4.2475000000000005,1/1,4.8355,4.722,4.4941,4.569,4.976,5.22,3.939,10.508,15.011891221176702,0.0356988316745996,7,3,True,True,True,True,True,True
M4A1-S | Basilisk (Minimal Wear),True,True,True,1.1488,17.36496718828874,228.0,summary,True,True,True,True,True,10.63,50,-0.0011852294913855,0.0,284,10.75335365381938,7.976048645386894,0.9201641629239584,5.68,0.0272211867039453,0.0003646294779971,-0.0021057908097509,0.1165841303443845,0.0776093448758175,-0.0644501866957435,2026-04-29T08:46:07.715765+00:00,ok,,best_deal,2026-04-17T21:16:48.743822+00:00,,True,8,11.02,11.00625,1/1,12.9262,12.914,11.883,12.2508,13.6408,14.065,9.527,15.234,16.880444368801353,-0.0034282700421941,7,3,True,True,True,True,True,True
AK-47 | Aquamarine Revenge (Field-Tested),True,True,True,0.0876,0.48374570065461014,287.0,summary,True,True,True,True,True,42.43,50,0.0006209828401829,0.0,172,7.232346472129842,5.788307537761728,0.9420648273904846,3.44,-0.0001719499120022,-0.0029492810859631,-0.0103596755963549,0.0935062570182803,0.0297726835880988,-0.0443144331351419,2026-04-29T08:35:10.060550+00:00,ok,,best_deal,2026-04-17T00:32:52.674079+00:00,,True,8,43.3375,43.36125,1/1,49.3754,49.331,46.473,47.585,51.156,51.6829,39.492,59.107,10.55161072112833,0.0245224547329578,7,3,True,True,True,True,True,True
SG 553 | Integrale (Field-Tested),True,True,True,0.1958,0.605766900896535,129.0,summary,True,True,True,True,True,8.52,50,0.0042877155648406,0.0,108,4.44673091420304,3.1987938306065486,0.9674914587431412,2.16,0.0037492189127263,0.0052813451245722,-0.0202156090395518,0.1258559867192362,0.0140070554056858,-0.0177064810888568,2026-04-29T08:19:46.479868+00:00,ok,,best_deal,2026-04-18T17:43:35.578286+00:00,,True,8,11.37,11.4225,1/1,9.8162,9.659,9.345,9.46,9.8965,10.3527,8.855,12.6,10.265683258287318,-0.0021741381095352,7,3,True,True,True,True,True,True
M4A4 | Polysoup (Field-Tested),True,True,True,0.096,0.33035200031777334,167.0,summary,True,True,True,True,True,14.35,50,-0.0008874903378462,0.0,82,11.999526712568032,6.7933649609537685,0.9304390469047484,1.64,0.0417871222076213,-0.0072591422050333,0.0119494264519206,0.1582856822513736,0.0805303285121651,-0.0603890614099872,2026-04-29T08:44:50.133946+00:00,ok,,best_deal,2026-04-17T23:19:30.989744+00:00,,True,8,16.53375,16.52125,1/1,17.7482,17.333,16.1273,16.564,18.6937,19.677,15.015,26.537,20.00033806245139,0.0722529454195721,7,3,True,True,True,True,True,True
Glock-18 | Water Elemental (Factory New),True,True,True,0.1149,0.5524173864530719,225.0,summary,True,True,True,True,True,42.91,50,0.0038649723974043,0.0,81,1.966422571566214,3.337686205175046,0.9656456860765176,1.62,-0.0293289128691844,9.34530103545558e-05,,0.1369557209987609,0.020035494636738,-0.0211458638279512,2026-04-29T08:22:22.132490+00:00,ok,,best_deal,2026-04-17T20:09:36.653159+00:00,,True,8,42.24625,42.41375,1/1,45.8701,44.565,43.034,43.898,44.8,45.605,40.207,91.947,5.604958349774685,0.0152069711838096,7,3,True,True,True,True,True,True
MP9 | Hypnotic (Factory New),True,True,True,0.1163,0.5588698200872704,139.0,summary,True,True,True,True,True,30.38,50,0.0067864173315412,0.0,53,2.5115071844043872,5.322403453244576,0.9460657857390646,1.06,-0.0006854457029082,-0.0007006110021199,-0.049330148339748,0.2316435850535667,0.0,-0.0401602727935214,2026-04-29T08:11:42.369319+00:00,ok,,best_deal,2026-04-18T07:32:01.258389+00:00,,True,8,31.72,31.93125,1/1,32.1321,31.709,29.9988,31.162,31.969,33.9312,29.927,51.564,12.23822906065896,-0.0395884308927787,7,3,True,True,True,True,True,True
AK-47 | Blue Laminate (Field-Tested),True,True,True,0.1285,1.826399311938209,400.0,summary,True,True,True,True,True,16.66,50,-0.0057190881588307,-0.0011806375442738,201,4.401562802073541,2.657123203294641,0.9686438879456708,4.02,0.0348204570184984,0.0053965081353325,0.0035623847872361,0.0903059436182464,0.0781132642331379,-0.0182762458488767,2026-04-29T09:03:26.357083+00:00,ok,,best_deal,2026-04-17T00:36:03.552052+00:00,,True,8,17.14375,17.04375,1/1,22.2421,18.848,18.257,18.591,19.57,20.37,16.724,260.877,9.50000224798917,0.0498344109761867,7,3,True,True,True,True,True,True
AWP | Atheris (Well-Worn),True,True,True,0.1021,1.3274453288203723,184.0,summary,True,True,True,True,True,4.35,50,-0.0023405942567098,-0.0012224938875304,1422,5.690277579490524,4.181028329016337,0.9578536184210528,28.44,0.0102403343782653,-0.0031578744080743,-0.0126221874982392,0.0651634257343813,0.0101365328920147,-0.0147721214335639,2026-04-29T08:50:13.103520+00:00,ok,,best_deal,2026-04-17T03:50:47.720674+00:00,,True,8,4.31,4.3,1/1,4.9031,4.864,4.659,4.788,5.067,5.158,4.266,5.406,10.17723481063002,0.0039460020768431,7,3,True,True,True,True,True,True
AUG | Stymphalian (Minimal Wear),True,True,True,0.1601,0.3676995007528329,87.0,summary,True,True,True,True,True,5.34,50,-0.0047326673761175,-0.0018657300887267,179,7.938137815550858,4.723389466367563,0.9523202041141764,3.58,0.024390243902439,0.0074661097589414,-0.0069187945134242,0.1371366728509586,0.0609152752009895,-0.0387492524797157,2026-04-29T09:00:21.963983+00:00,ok,,best_deal,2026-04-17T02:58:27.480865+00:00,,True,8,5.81125,5.7875,1/1,6.3302,6.271,5.972,6.074,6.5765,6.695,4.919,11.516,11.42144008088212,-0.0201484623541887,7,3,True,True,True,True,True,True
AK-47 | Midnight Laminate (Battle-Scarred),True,True,True,0.0949,0.34881692924829943,65.0,summary,True,True,True,True,True,3.34,50,-0.0042854874585897,-0.0023990895469466,1050,6.591258204161424,5.577433319368804,0.944085118297634,21.0,0.0484101976511028,0.0102134607488542,-0.0124926144010271,0.1516393442622951,0.0592896174863388,-0.0332113670358336,2026-04-29T08:58:07.082755+00:00,ok,,best_deal,2026-04-17T00:48:28.790541+00:00,,True,8,3.75375,3.73875,1/1,3.5805,3.5715,3.3718,3.458,3.694,3.8007,2.95,4.093,11.978773914257786,-0.0094722598105547,7,3,True,True,True,True,True,True
MP7 | Fade (Field-Tested),True,True,True,0.1077,0.42481668236641357,175.0,summary,True,True,True,True,True,8.99,50,-8.654459235293843e-05,-0.0028956568257879,261,2.961967082252356,2.0691755858287646,0.9792653404904748,5.22,-0.0118839386768184,0.0021110538888237,-0.0242679162758591,0.1267246316447129,0.0235851512469411,-0.0049024927568242,2026-04-29T08:39:36.973829+00:00,ok,,best_deal,2026-04-18T05:29:30.908809+00:00,,True,8,10.815,10.81625,1/1,9.5207,9.501,9.304,9.375,9.657,9.815,5.12,11.216,5.367252407911175,0.0117467340918668,7,3,True,True,True,True,True,True
SG 553 | Berry Gel Coat (Factory New),True,True,True,0.2096,0.5473904492477013,102.0,summary,True,True,True,True,True,7.28,50,-0.0065357603675355,-0.0041884816753925,54,2.9180977211762658,7.878111760134382,0.9218963588915124,1.08,-0.0153123474865789,-0.0167070805721541,-0.0472104064530616,0.2151043925407347,0.0820890898952975,-0.0789556112696241,2026-04-29T09:06:17.421070+00:00,ok,,best_deal,2026-04-18T16:46:54.367851+00:00,,True,8,9.365,9.31375,1/1,7.9778,8.047,7.4185,7.861,8.0938,8.217,6.63,9.867,10.009025044498491,0.0059831723278278,7,3,True,True,True,True,True,True
Desert Eagle | Conspiracy (Factory New),True,True,True,0.1611,1.0388288065164148,400.0,summary,True,True,True,True,True,21.3,50,-0.0069309352218202,-0.0042979942693409,221,5.212789489280194,5.450683004803784,0.9454446718743472,4.42,0.0008783670737828,0.0048350093189655,0.0005681507407002,0.0503573070333067,0.0180116177023695,-0.0467577795390903,2026-04-29T09:08:38.267768+00:00,ok,,best_deal,2026-04-17T06:52:43.065923+00:00,,True,8,21.02625,20.8825,1/1,23.9603,23.939,22.633,23.348,24.597,25.04,19.985,27.493,10.045784067812171,-0.0037677720185681,7,3,True,True,True,True,True,True
Desert Eagle | Code Red (Minimal Wear),True,True,True,0.0968,0.8036364461876164,76.0,summary,True,True,True,True,True,58.41,50,-0.005291510915617,-0.004514286503252,61,6.381160658681777,8.229177227106177,0.9177451576478762,1.22,0.000877087503625,0.0021510781294784,0.0112060732939678,0.1602956869562758,0.0790453777711818,-0.080656223697666,2026-04-29T09:01:50.890363+00:00,ok,,best_deal,2026-04-17T06:52:30.586608+00:00,,True,8,58.44,58.13625,1/1,69.047,69.078,63.396,67.229,71.635,72.726,55.61,79.668,13.512534939968427,0.0370780258278242,7,3,True,True,True,True,True,True
M4A1-S | Basilisk (Factory New),True,True,True,0.1164,0.43947291594035304,85.0,summary,True,True,True,True,True,58.37,50,-0.0054608229822394,-0.0047195622435021,51,4.215222883220597,5.8444027924917785,0.9415369147577513,1.02,0.0213100388087521,0.006680075400488,0.0095208440084155,0.1771107146262071,0.0757392097844,-0.0577978235182247,2026-04-29T09:02:35.028887+00:00,ok,,best_deal,2026-04-17T21:16:41.958216+00:00,,True,8,71.75625,71.4025,1/1,73.626,73.602,69.299,72.3745,75.478,77.897,60.744,86.014,11.677939858202263,-0.0213789702373812,7,3,True,True,True,True,True,True
AK-47 | Neon Rider (Field-Tested),True,True,True,0.0824,0.36668574558062356,353.0,summary,True,True,True,True,True,46.48,50,-0.0109130522871242,-0.0072691569850912,248,8.347018050069725,5.93157240404506,0.9402228537760372,4.96,-0.0105993311273511,-0.0032902008733831,-0.0190738601873505,0.1183424544836713,0.0054369209857996,-0.05472385113277,2026-04-29T09:20:46.359951+00:00,ok,,best_deal,2026-04-17T00:49:49.706101+00:00,,True,8,46.975,46.46375,1/1,58.1549,57.706,54.2565,55.5628,60.417,63.058,47.322,81.277,15.134580233135985,-0.101451138573288,7,3,True,True,True,True,True,True
Glock-18 | Water Elemental (Minimal Wear),True,True,True,0.0865,1.2688357994345618,377.0,summary,True,True,True,True,True,20.32,50,-0.006887767244525,-0.0085042521260632,310,3.9386033788404538,4.046250094982399,0.9594079532460932,6.2,0.0147799940710624,-0.0004119995663411,-0.0060258266302501,0.0675235790000835,0.0274601452299474,-0.0302036182657236,2026-04-29T09:08:22.332947+00:00,ok,,best_deal,2026-04-17T20:09:47.204947+00:00,,True,8,20.50875,20.36875,1/1,23.6886,23.613,22.6545,23.104,24.037,24.964,19.685,30.004,9.749415330580954,0.0258583782858121,7,3,True,True,True,True,True,True
AK-47 | Wintergreen (Minimal Wear),True,True,True,0.1153,1.647273711270464,400.0,summary,True,True,True,True,True,3.13,50,-0.0119015987119748,-0.0093085106382979,2950,7.972390914684718,7.464084111399447,0.9256792754395312,59.0,0.0235260770975056,0.0017014916621503,-0.0201272951711043,0.122126834671836,0.0229853226253115,-0.0509794148182963,2026-04-29T09:23:20.768175+00:00,ok,,best_deal,2026-04-17T01:47:55.424622+00:00,,True,8,3.535,3.495,1/1,3.7379,3.754,3.475,3.574,3.872,3.934,3.352,4.175,12.279622247786191,-0.0726759116589624,7,3,True,True,True,True,True,True
MP7 | Bloodsport (Factory New),True,True,True,0.3132,0.8806391400253846,73.0,summary,True,True,True,True,True,99.47,50,-0.0099363017307235,-0.0095792025230417,67,5.9364817961390335,5.666085659471296,0.9433468864407064,1.34,0.0074281116334222,-0.0014608807677274,-0.0078448173198011,0.1405895310319313,0.0590539927023253,-0.0592128411772336,2026-04-29T09:18:00.023738+00:00,ok,,best_deal,2026-04-18T05:27:25.929105+00:00,,True,8,99.4975,98.525,1/1,118.5298,118.546,111.83,115.122,122.1585,125.277,107.371,133.353,11.344826364340449,0.0230337851785591,7,3,True,True,True,True,True,True
M4A4 | Full Throttle (Battle-Scarred),True,True,True,0.0952,0.39761367404693454,66.0,summary,True,True,True,True,True,29.81,50,-0.0154216499998683,-0.0111944952650533,187,3.1654907460157498,3.5116934718144184,0.964807495242278,3.74,0.0196902074035179,0.0088431898686418,0.0146919734529591,0.0497196475569286,0.0497196475569286,-0.0370230178845307,2026-04-29T09:33:44.275972+00:00,ok,,best_deal,2026-04-17T23:09:54.905479+00:00,,True,8,29.91,29.4575,1/1,34.2285,34.155,32.953,33.734,34.8175,35.2208,28.78,40.731,6.625472924609592,0.0299655263855742,7,3,True,True,True,True,True,True
M4A1-S | Atomic Alloy (Field-Tested),True,True,True,0.1015,0.9054023033052998,164.0,summary,True,True,True,True,True,32.46,50,-0.0206395922330413,-0.0112697703094001,65,1.8618826550501175,2.953387508757384,0.9699922446266342,1.3,-0.0110299111630307,0.0012568900474819,-0.0073847473231158,0.0592808285031453,0.0161799851660577,-0.0429389106002632,2026-04-29T09:51:22.548050+00:00,ok,,best_deal,2026-04-17T21:16:13.825562+00:00,,True,8,34.4575,33.78625,1/1,36.6833,36.104,35.0206,35.814,36.497,37.1818,29.516,84.332,5.891509215365032,0.0,7,3,True,True,True,True,True,True
M4A1-S | Black Lotus (Minimal Wear),True,True,True,0.1113,1.5835647097325887,400.0,summary,True,True,True,True,True,8.86,50,-0.0104608199337568,-0.0135811735197993,1814,6.292988684268913,5.852007987574892,0.9419266055045872,36.28,0.0076170772992287,-0.0017352113840909,-0.0086389684177813,0.0486234251049929,0.0075594960335977,-0.0375513817358668,2026-04-29T09:19:40.468949+00:00,ok,,best_deal,2026-04-17T21:17:18.292028+00:00,,True,8,9.75375,9.65625,1/1,10.8168,10.9,10.267,10.4413,11.122,11.329,9.89,11.768,9.818060794319956,-0.0233342448272718,7,3,True,True,True,True,True,True
Desert Eagle | Printstream (Minimal Wear),True,True,True,0.0833,0.6200476579183879,317.0,summary,True,True,True,True,True,47.13,50,-0.0160980550288196,-0.0141804414235898,403,4.764753131782688,5.453488968263455,0.9456888041665248,8.06,0.0584922316384182,-0.0010643815209671,0.0060060887524471,0.0599969976481577,0.0552599536303438,-0.0514903807579178,2026-04-29T09:35:57.301298+00:00,ok,,best_deal,2026-04-17T07:52:36.758220+00:00,,True,8,49.4425,48.65125,1/1,58.513,58.754,55.563,57.284,60.072,60.9836,22.443,65.913,9.263924256148206,0.046354957502138,7,3,True,True,True,True,True,True
M4A4 | Evil Daimyo (Field-Tested),True,True,True,0.2554,4.178005002611253,275.0,summary,True,True,True,True,True,3.45,50,-0.0162331692719185,-0.0158045977011493,989,3.651377022576478,3.102477208725118,0.969018112488084,19.78,0.0062530062530061,-0.0009744017297789,0.0031498318739748,0.0573613766730402,0.0363288718929254,-0.0209050304947465,2026-04-29T09:36:13.645151+00:00,ok,,best_deal,2026-04-17T23:07:39.828836+00:00,,True,8,3.57125,3.51375,1/1,4.1902,4.196,4.066,4.101,4.254,4.323,2.884,4.668,6.133358789556597,-0.0059396531242573,7,3,True,True,True,True,True,True
AK-47 | Ice Coaled (Well-Worn),True,True,True,0.0785,0.5138591950789543,49.0,summary,True,True,True,True,True,5.82,41,-0.0127390526624175,-0.0167719882089728,595,6.029925763309159,4.621739507207029,0.9535626179074156,14.51219512195122,-0.0280407088463454,-0.0013104163278938,-0.0219365769695485,0.1192062678479899,0.0233579849161601,-0.0351429825559142,2026-04-29T09:27:42.243382+00:00,ok,,best_deal,2026-04-17T00:44:37.194589+00:00,,False,8,6.0225,5.95625,1/1->1/1,6.9238,6.891,6.571,6.7275,7.145,7.348,5.201,7.617,11.22216124093706,-0.0190346214624336,7,3,True,True,True,True,True,True
AWP | Redline (Field-Tested),True,True,True,0.1595,2.6646352763918273,400.0,summary,True,True,True,True,True,39.32,50,-0.0151483435087127,-0.0172018108306907,121,3.3631714643091204,3.052593960331174,0.9684018144184612,2.42,0.0491639464392779,0.0024832411133682,0.006041246039377,0.0836878531970284,0.060935085825555,-0.0349937609909017,2026-04-29T09:32:44.537227+00:00,ok,,best_deal,2026-04-17T04:53:39.818286+00:00,,True,8,39.81375,39.2225,1/1,47.0092,45.414,43.979,44.83,46.411,48.771,40.221,118.051,10.19374930864597,0.0388065608372543,7,3,True,True,True,True,True,True
AK-47 | The Oligarch (Battle-Scarred),True,True,True,0.0985,0.41204713736219256,71.0,summary,True,True,True,True,True,46.01,50,-0.0061878720429461,-0.0176233808521152,125,2.520276772212804,1.493438314980806,0.9850304543185222,2.5,-0.0057853262199599,0.0049578059870773,0.0016679421282401,0.0369028395888307,0.0215036824071521,-0.0102408943057486,2026-04-29T09:05:14.789957+00:00,ok,,best_deal,2026-04-17T01:44:06.252963+00:00,,True,8,49.46,49.16625,1/1,50.1929,50.075,49.3254,49.647,50.912,51.622,42.297,52.984,4.575547537599936,0.0079793568876536,7,3,True,True,True,True,True,True
AWP | Chrome Cannon (Minimal Wear),True,True,True,0.0801,0.8074969514829714,140.0,summary,True,True,True,True,True,43.08,50,-0.0223308881296246,-0.0189488658723935,453,4.54665083420889,4.1156100987870845,0.9587838538964408,9.06,-0.0086252065616057,0.0031132998498384,-0.0055519702469934,0.0625686059275522,0.0296174330202871,-0.0434350295030972,2026-04-29T09:55:00.409743+00:00,ok,,best_deal,2026-04-17T03:53:39.728604+00:00,,True,8,42.38,41.45375,1/1,48.2553,48.185,46.199,47.055,49.249,50.4582,45.665,55.011,8.826387982252728,0.0259222956768367,7,3,True,True,True,True,True,True
AWP | Atheris (Field-Tested),True,True,True,0.11,0.9887169943003374,400.0,summary,True,True,True,True,True,4.95,50,-0.0165917367193118,-0.0196516284605513,2941,5.963645616322896,5.0094623177112245,0.950039651070579,58.82,0.0027732463295269,-0.0052638218301372,-0.0122606205424548,0.1015129331381161,0.0027655767040833,-0.031149431722518,2026-04-29T09:37:29.984535+00:00,ok,,best_deal,2026-04-17T03:50:39.015210+00:00,,True,8,5.11875,5.035,1/1,6.2881,6.305,5.99,6.089,6.464,6.602,5.756,6.837,9.732669645838968,-0.0001626545217956,7,3,True,True,True,True,True,True
AK-47 | Emerald Pinstripe (Battle-Scarred),True,True,True,1.1053,14.812212757237786,180.0,summary,True,True,True,True,True,3.15,50,-0.0088720425403899,-0.0205142946741232,416,5.104536006846797,3.117740555080079,0.968711656441718,8.32,-0.0276621058893515,-0.0064198705398807,-0.0461359317478721,0.202355460385439,0.0315081064545733,-0.020661129844111,2026-04-29T09:14:43.428880+00:00,ok,,best_deal,2026-04-17T00:39:12.096859+00:00,,True,8,3.6275,3.60375,1/1,3.2716,3.26,3.158,3.168,3.335,3.394,2.637,5.657,7.213595794106865,0.0325331648768163,7,3,True,True,True,True,True,True
UMP-45 | K.O. Factory (Battle-Scarred),True,True,True,0.1269,0.49377839225755477,69.0,summary,True,True,True,True,True,4.41,50,-0.0178488986329156,-0.0218450716162387,844,9.643702604020374,5.597239497652769,0.9433502538071066,16.88,-0.0114425827543931,-0.0081968736674054,-0.0245883192111798,0.118437370814386,0.0291442744935923,-0.0487739433202453,2026-04-29T09:41:27.829474+00:00,ok,,best_deal,2026-04-18T21:32:09.070148+00:00,,True,8,4.41125,4.33375,1/1,4.9846,4.925,4.646,4.7363,5.217,5.476,4.153,5.79,16.65128596075914,0.0300191611667022,7,3,True,True,True,True,True,True
SG 553 | Cyrex (Field-Tested),True,True,True,0.0985,0.3207865915001043,69.0,summary,True,True,True,True,True,4.88,50,-0.0227549887168796,-0.0219446895117966,155,5.082828146371944,2.6646853205896748,0.9727319854847072,3.1,0.0774105154992292,0.0015105353795284,0.0201578473625378,0.1138133841996501,0.1082498807820696,-0.0371461647883816,2026-04-29T09:56:05.152735+00:00,ok,,best_deal,2026-04-18T17:33:03.768184+00:00,,True,8,5.10375,4.99,1/1,5.9219,5.787,5.6292,5.739,6.04,6.4474,4.808,8.237,13.8165115925632,0.1213903743315507,7,3,True,True,True,True,True,True
AK-47 | Elite Build (Minimal Wear),True,True,True,0.0832,1.6034021105685934,400.0,summary,True,True,True,True,True,3.29,50,-0.0179721860171708,-0.0223855455867229,1994,5.899616223944623,4.8787217498181485,0.9509334006054492,39.88,-0.0078461149076183,-0.0073738935664974,-0.019894811954049,0.1020408163265305,0.0239795918367346,-0.0345291857728191,2026-04-29T09:42:34.572658+00:00,ok,,best_deal,2026-04-17T00:39:04.740626+00:00,,True,8,3.33125,3.2725,1/1,3.9867,3.964,3.7695,3.8588,4.094,4.243,3.66,4.388,11.876990995058582,-0.001019367991845,7,3,True,True,True,True,True,True
M4A1-S | Nightmare (Field-Tested),True,True,True,0.0998,0.43937273625288104,370.0,summary,True,True,True,True,True,9.83,50,-0.0206197034255445,-0.0234112776907585,762,5.749355675657037,4.620171877289611,0.9535568841521532,15.24,-0.0190806591500433,-0.0015428767084849,-0.0257607761702469,0.1159593280282934,0.0088417329796639,-0.0426097017003374,2026-04-29T09:51:07.562954+00:00,ok,,best_deal,2026-04-17T22:12:47.118429+00:00,,True,8,10.13125,9.92625,1/1,11.6013,11.541,11.005,11.218,11.885,12.333,10.708,15.759,11.446993009404114,-0.0136914624574867,7,3,True,True,True,True,True,True
AWP | Exoskeleton (Field-Tested),True,True,True,0.0899,0.8874980762324937,120.0,summary,True,True,True,True,True,5.62,50,-0.0214557778892623,-0.0235607855123404,488,7.224745520132021,5.74679070582566,0.9422215696351222,9.76,0.0072410226097234,0.0037222253797575,0.0060383320303041,0.0757042253521126,0.0453345070422535,-0.0582874395209115,2026-04-29T09:53:17.136684+00:00,ok,,best_deal,2026-04-17T03:58:00.944784+00:00,,True,8,5.82625,5.70375,1/1,6.8473,6.8105,6.417,6.553,7.0477,7.3494,5.98,8.059,13.617046134972917,0.0114260276005342,7,3,True,True,True,True,True,True
AK-47 | Searing Rage (Minimal Wear),True,True,True,0.1491,0.787367083894565,355.0,summary,True,True,True,True,True,8.68,50,-0.0189580885639199,-0.0242316784869975,1499,4.514628759352777,4.232464461893231,0.9575361187036312,29.98,0.0136205564142195,9.746356869682378e-05,-0.0088256008477164,0.100447917659392,0.0428857333460403,-0.0314611049143884,2026-04-29T09:45:36.695323+00:00,ok,,best_deal,2026-04-17T01:42:44.477653+00:00,,True,8,10.52125,10.33375,1/1,10.2777,10.244,9.809,10.042,10.506,10.823,9.514,11.19,9.866020607723527,0.0158776261012683,7,3,True,True,True,True,True,True
MP7 | Powercore (Minimal Wear),True,True,True,0.1773,0.41574665313998127,49.0,summary,True,True,True,True,True,4.06,46,-0.0489678740803583,-0.0264198827892611,117,5.004504053648284,3.3630267240516494,0.965382237791057,2.5434782608695654,0.0345408593091827,-0.0002756039985778,0.000252395680087,0.0728827361563517,0.033387622149837,-0.0716095458664271,2026-04-29T10:53:38.006958+00:00,ok,,best_deal,2026-04-18T06:22:55.367086+00:00,,False,8,4.3375,4.13,1/1->1/1,4.9955,4.853,4.685,4.757,5.007,5.344,3.003,9.813,13.19187268541689,-0.0379945162553858,7,3,True,True,True,True,True,True
M4A4 | Turbine (Minimal Wear),True,True,True,0.0922,0.45508174616551506,137.0,summary,True,True,True,True,True,3.81,50,-0.0233210375797269,-0.0276604973973395,355,7.084372448191383,3.9063362097504015,0.9604203935599284,7.1,-0.0146666666666666,-0.0060587752059068,-0.0313306037234485,0.121786197564276,0.0236806495263871,-0.0442146992996579,2026-04-29T09:56:36.620241+00:00,ok,,best_deal,2026-04-18T00:19:38.380930+00:00,,True,8,4.22125,4.12125,1/1,4.5311,4.472,4.295,4.346,4.667,4.903,3.935,6.259,13.41837522897309,-0.028696604600219,7,3,True,True,True,True,True,True
AK-47 | Nouveau Rouge (Minimal Wear),True,True,True,0.0802,0.7250318879765547,200.0,summary,True,True,True,True,True,44.83,50,-0.0230471873147235,-0.0281433437920215,281,2.531142984763516,2.897975301395897,0.9709947734439118,5.62,-0.0231865423765134,0.0004212727425486,-0.0159077404993469,0.1012767917864116,0.0105083035342123,-0.0356097805398884,2026-04-29T09:56:21.139966+00:00,ok,,best_deal,2026-04-17T00:50:41.239315+00:00,,True,8,46.65375,45.59625,1/1,46.3427,46.302,44.959,45.669,46.842,47.637,43.226,53.109,5.778687905538515,-0.0236468395913208,7,3,True,True,True,True,True,True
M4A1-S | Black Lotus (Battle-Scarred),True,True,True,0.308,3.7114376295573703,206.0,summary,True,True,True,True,True,5.7,50,-0.0202402896450752,-0.028218782660628,796,4.282721700674991,2.762045154783148,0.9721875,15.92,0.0275115919629056,-0.0027258800326982,-0.0093089245370384,0.0899518652226233,0.0616726835138386,-0.0232927340188465,2026-04-29T09:50:24.217866+00:00,ok,,best_deal,2026-04-17T21:17:05.341670+00:00,,True,8,6.0025,5.89,1/1,6.4445,6.4,6.222,6.322,6.598,6.737,5.818,7.08,7.991310419737756,0.0444619010212097,7,3,True,True,True,True,True,True
SG 553 | Pulse (Minimal Wear),True,True,True,0.1311,0.6832130312270814,103.0,summary,True,True,True,True,True,11.39,50,-0.0463243728526705,-0.0283783783783784,65,6.05886962896798,8.82117486453919,0.9129480249480248,1.3,-0.0294666018158235,-0.0062601378076104,-0.044827541900691,0.2158279390269367,0.0903320108582167,-0.1273015647777105,2026-04-29T10:48:10.864043+00:00,ok,,best_deal,2026-04-18T17:47:18.070401+00:00,,True,8,11.97,11.45875,1/1,11.8669,12.025,10.9782,11.584,12.303,12.448,10.061,13.543,12.385711516908383,-0.0043659043659043,7,3,True,True,True,True,True,True
M4A1-S | Solitude (Minimal Wear),True,True,True,0.4794,9.377884122372244,400.0,summary,True,True,True,True,True,5.15,50,-0.0178929340828793,-0.0288069571519159,1788,6.36952817720028,6.246914759789163,0.9376806989674346,35.76,0.0403342439337941,0.0010550241709063,-0.0124641848651464,0.1249613839975286,0.072289156626506,-0.0490545716264894,2026-04-29T09:42:03.892025+00:00,ok,,best_deal,2026-04-17T22:16:13.047484+00:00,,True,8,5.56625,5.46875,1/1,6.2799,6.295,5.9027,6.026,6.426,6.669,5.647,6.832,12.202423605471417,0.0200094532850165,7,3,True,True,True,True,True,True
MP9 | Hydra (Field-Tested),True,True,True,0.129,0.7198586145954567,216.0,summary,True,True,True,True,True,6.16,50,-0.0265706523223908,-0.0289981648130541,247,7.656481059192618,4.60218085326921,0.953801331853496,4.94,-0.0194200944032366,-0.0018948326183112,-0.0268590932234871,0.1592628249209187,0.0356209599779948,-0.057116731955459,2026-04-29T10:04:46.871154+00:00,ok,,best_deal,2026-04-18T07:31:38.583142+00:00,,True,8,6.57375,6.4037500000000005,1/1,7.2357,7.208,6.875,6.943,7.497,7.669,5.992,11.456,10.973368160647894,-0.0006871907641561,7,3,True,True,True,True,True,True
AK-47 | Redline (Battle-Scarred),True,True,True,0.1202,1.5058172517093462,167.0,summary,True,True,True,True,True,30.45,50,-0.0265922175445679,-0.0293359599728754,148,2.199984838147212,1.732090061405518,0.982712910840748,2.96,-0.0079807033739317,0.0043410689354459,-0.0037941832993368,0.0471587668477772,0.0215231291087565,-0.0319592144401128,2026-04-29T10:05:02.862893+00:00,ok,,best_deal,2026-04-17T01:41:12.248005+00:00,,True,8,31.32,30.5125,1/1,32.9775,33.042,32.4708,32.63,33.3555,33.766,29.029,34.384,3.9275263437192063,0.0004354550505276,7,3,True,True,True,True,True,True
M4A4 | Desolate Space (Battle-Scarred),True,True,True,0.128,0.4364441742302514,53.0,summary,True,True,True,True,True,12.74,45,-0.0382189074235017,-0.029782200284386,322,2.5641578142170776,2.686260567275029,0.9732647079848452,7.155555555555556,-0.0167918378914553,0.0020571672792013,-0.0179374805474947,0.0905094761115515,0.0074223535346257,-0.046852442086717,2026-04-29T10:29:31.842886+00:00,ok,,best_deal,2026-04-17T23:06:37.748545+00:00,,False,8,13.6625,13.16875,1/1->1/1,13.9227,13.989,13.615,13.777,14.134,14.2219,12.052,15.561,4.359068284169015,-0.018183104570539,7,3,True,True,True,True,True,True
Glock-18 | Nuclear Garden (Factory New),True,True,True,0.186,1.175161869990587,209.0,summary,True,True,True,True,True,30.46,50,-0.0258930858331176,-0.0309703160661645,124,7.57775868134657,7.263148181257181,0.92767552045944,2.48,0.0520830186399203,0.012637621505847,-0.0097177066984482,0.140502512562814,0.0703804737975592,-0.0876929827667578,2026-04-29T10:03:14.978203+00:00,ok,,best_deal,2026-04-17T19:14:15.233897+00:00,,True,8,38.7625,37.805,1/1,34.6778,34.825,32.3063,33.0207,35.6485,36.0951,31.125,51.853,10.92572193161043,-0.0265548567435358,7,3,True,True,True,True,True,True
AWP | Elite Build (Battle-Scarred),True,True,True,0.1722,0.6692708333333334,69.0,summary,True,True,True,True,True,14.87,50,-0.0312242073319285,-0.0327920555768657,57,3.429398439466409,6.122577397432676,0.93908851884312,1.14,-0.0202158856928933,-0.0061510785401438,-0.005664384060218,0.0497357192893077,0.0069413487868559,-0.0858417058392714,2026-04-29T10:14:25.589802+00:00,ok,,best_deal,2026-04-17T03:57:23.093351+00:00,,True,8,15.4225,14.95625,1/1,15.892,15.974,15.001,15.796,16.341,16.516,13.407,17.554,9.533098414296497,-0.0083985855013892,7,3,True,True,True,True,True,True
Desert Eagle | Printstream (Factory New),True,True,True,0.2292,1.1441176441191432,239.0,summary,True,True,True,True,True,87.49,50,-0.0291845719805005,-0.0329337243644634,82,4.060602910002487,3.704409672282967,0.9628316703532344,1.64,0.0090565964318372,-0.0040143787853849,-0.0165066871944433,0.1094582999932516,0.0592891091208822,-0.0577965901659335,2026-04-29T10:09:55.728413+00:00,ok,,best_deal,2026-04-17T07:52:27.724019+00:00,,True,8,88.0025,85.50625,1/1,103.8762,103.529,99.681,101.613,105.831,107.441,90.52,126.962,7.470431147847154,-0.0009438777967195,7,3,True,True,True,True,True,True
P2000 | Imperial Dragon (Minimal Wear),True,True,True,0.1058,0.33440908891777044,103.0,summary,True,True,True,True,True,13.1,50,-0.038582305692247,-0.0336485028861295,60,5.479802342859114,8.200698019973048,0.9183794194524694,1.2,-0.0197864962262868,-0.0103887425781081,-0.0309636551529064,0.1079009433962264,0.0153301886792452,-0.1137408322755333,2026-04-29T10:30:38.220435+00:00,ok,,best_deal,2026-04-18T12:02:43.386095+00:00,,True,8,13.95875,13.43625,1/1,14.4695,14.538,13.3514,13.9868,14.7797,15.1015,11.028,20.76,12.095096582466564,-0.0085281980742777,7,3,True,True,True,True,True,True
M4A4 | Full Throttle (Field-Tested),True,True,True,0.1218,0.8939463933854378,166.0,summary,True,True,True,True,True,52.99,50,-0.0359369431851652,-0.0352713368016708,178,4.471978643628868,4.276957889371016,0.9572192513368984,3.56,-0.0270517873193666,-0.0043616627965008,-0.0322737989546086,0.13569740792723,0.0229360243040133,-0.0655272252255866,2026-04-29T10:25:01.582953+00:00,ok,,best_deal,2026-04-17T23:10:02.688933+00:00,,True,8,54.3125,52.43,1/1,56.3017,56.287,53.879,54.9622,57.48,59.0467,44.268,64.758,9.178586081770185,-0.005248833592535,7,3,True,True,True,True,True,True
AK-47 | Legion of Anubis (Factory New),True,True,True,0.2168,0.7014143523371454,207.0,summary,True,True,True,True,True,69.41,50,-0.0308564758088577,-0.0355982742177146,146,5.471326188905932,5.557025184289405,0.944484700867712,2.92,-0.0014916575442986,-0.0044127882458817,-0.0074021393997242,0.0804770796939944,0.0517438708511535,-0.0745610063113426,2026-04-29T10:13:24.173264+00:00,ok,,best_deal,2026-04-17T00:48:07.757038+00:00,,True,8,71.46125,69.3325,1/1,82.0313,82.1125,77.554,80.1033,84.5915,86.328,62.567,118.065,10.695917290107555,-0.0064635825004489,7,3,True,True,True,True,True,True
M4A4 | Polysoup (Factory New),True,True,True,0.1912,0.8419761437395521,164.0,summary,True,True,True,True,True,49.44,50,-0.0355701095577304,-0.0357567477115381,50,8.644811270173184,5.311377406037213,0.947178991568634,1.0,-0.014367816091954,0.0116627444595758,-0.0060099370559516,0.26618908788005,0.0495293627655143,-0.0826632837048229,2026-04-29T10:24:13.571265+00:00,ok,,best_deal,2026-04-17T23:19:27.361946+00:00,,True,8,52.1125,50.3225,1/1,59.6832,60.014,56.844,57.052,62.2115,62.9496,55.202,67.84,10.230014476435572,0.0001499600106638,7,3,True,True,True,True,True,True
Glock-18 | Water Elemental (Battle-Scarred),True,True,True,2.7706,16.86772064138515,37.0,summary,True,True,True,True,True,19.56,33,-0.0349479953932352,-0.0393520046196996,68,4.424633607887282,5.041271755224357,0.9500417343935332,2.060606060606061,-0.0206134153436955,0.0099201195308042,0.0164949975206003,0.0757447169651192,0.0546974454722905,-0.0756445642673836,2026-04-29T10:22:22.514180+00:00,ok,,best_deal,2026-04-17T20:09:30.814215+00:00,,False,8,20.15125,19.47125,1/1->1/1,22.5578,22.763,21.6258,22.3807,23.3788,23.639,14.758,23.937,8.92462917483087,0.0293751501517898,7,3,True,True,True,True,True,True
MP7 | Fade (Minimal Wear),True,True,True,0.1179,0.42322377325710586,324.0,summary,True,True,True,True,True,8.85,50,-0.0407616557110968,-0.0399108397584413,555,6.609022117610433,3.6279105958332463,0.962988688231792,11.1,-0.0009762764814995,0.0069872892442335,-0.0098614179761103,0.1382781198084627,0.0515977719143946,-0.0553850542631002,2026-04-29T10:36:53.061790+00:00,ok,,best_deal,2026-04-18T05:29:34.640453+00:00,,True,8,9.75125,9.3725,1/1,10.2814,10.078,9.705,9.836,10.5155,11.062,8.731,13.68,13.19859163148987,-0.0196397777351983,7,3,True,True,True,True,True,True
AWP | Neo-Noir (Factory New),True,True,True,0.1111,0.5124580607037691,203.0,summary,True,True,True,True,True,61.54,50,-0.0374337150489852,-0.0399835921377583,162,6.280424292668404,8.702941989243868,0.9126260470575684,3.24,0.0605460741201588,-0.0004154761635637,-0.0012410449366362,0.0927071528564763,0.0570895273648423,-0.1119158178095692,2026-04-29T10:28:13.161507+00:00,ok,,best_deal,2026-04-17T04:49:24.299432+00:00,,True,8,62.58375,60.3275,1/1,75.2688,74.972,68.4214,72.054,76.7812,77.8025,57.559,127.966,12.463464277363247,0.0197685959402318,7,3,True,True,True,True,True,True
USP-S | Monster Mashup (Field-Tested),True,True,True,0.1332,1.0181487639262239,61.0,summary,True,True,True,True,True,24.59,50,-0.0403259292870576,-0.0423098628037912,117,2.241086823033935,2.0086521215737587,0.9798727708833036,2.34,-0.0198269401103767,-0.0020989573048153,-0.0067007050747818,0.0435145280133462,0.0160572779090782,-0.0499375211665639,2026-04-29T10:36:13.631422+00:00,ok,,best_deal,2026-04-19T07:51:27.259039+00:00,,True,8,25.355,24.37125,1/2,28.8253,28.767,28.188,28.293,28.939,29.3112,27.104,34.428,3.8965769653741695,0.0007652173913041,7,3,True,True,True,True,True,True
Sawed-Off | Kiss♥Love (Well-Worn),True,True,True,0.1916,1.5270372128081289,63.0,summary,True,True,True,True,True,3.77,50,-0.0395719141554061,-0.0434724451578384,666,5.508638162339563,4.741337708715372,0.9523694097685128,13.32,0.0013112409107165,-0.0028574916726842,-0.0117936210745703,0.1042857142857144,0.0447619047619049,-0.063866430883123,2026-04-29T10:34:30.982493+00:00,ok,,best_deal,2026-04-19T06:56:25.974430+00:00,,True,8,3.7125,3.57125,2/2,4.1444,4.1255,3.929,4.012,4.2403,4.431,3.037,4.62,12.112730431425543,0.0468594217347957,7,3,True,True,True,True,True,True
AWP | Ice Coaled (Factory New),True,True,True,0.1687,0.569671847022909,131.0,summary,True,True,True,True,True,40.4,50,-0.0433629782628476,-0.0469722980138211,70,4.11114354044059,3.867197539630337,0.9601329276644476,1.4,0.0064645662342246,0.0042429805107543,-0.0035939870979267,0.1073174474428394,0.0626301598088431,-0.0744307288249188,2026-04-29T10:42:34.966664+00:00,ok,,best_deal,2026-04-17T04:41:44.079253+00:00,,True,8,42.6225,40.87875,1/1,45.9118,44.5355,42.76,43.662,45.5495,47.1268,41.306,75.878,9.511280324448192,0.0236059688096039,7,3,True,True,True,True,True,True
USP-S | Jawbreaker (Minimal Wear),True,True,True,0.0902,0.4281095449259435,273.0,summary,True,True,True,True,True,7.63,50,-0.0477355617817215,-0.0472066461185882,1319,2.5466893039049245,1.0960434978831348,0.9889298892988928,26.38,0.0011841963612877,0.0022759184458485,-0.0083000748648254,0.0673655913978494,0.0147311827956989,-0.0299473278845934,2026-04-29T10:51:27.870637+00:00,ok,,best_deal,2026-04-19T07:50:37.260863+00:00,,True,8,8.0125,7.6475,1/2,9.3062,9.214,9.112,9.176,9.413,9.565,8.555,10.626,4.867722593539784,0.0102107321312188,7,3,True,True,True,True,True,True
Desert Eagle | Mulberry (Field-Tested),True,True,True,0.242,1.526477793831271,400.0,summary,True,True,True,True,True,3.49,50,-0.0343414542034638,-0.0477643450018044,1852,7.610070123002653,4.391309345901824,0.9554674749358826,37.04,0.021113243761996,-0.0035581648211115,-0.0297885748794017,0.1785714285714285,0.0206766917293233,-0.0466497374971745,2026-04-29T10:20:57.555077+00:00,ok,,best_deal,2026-04-17T07:47:42.882624+00:00,,True,8,4.43125,4.2925,1/1,4.3495,4.289,4.098,4.201,4.532,4.668,3.935,4.727,13.1049545924819,-0.0134445989800648,7,3,True,True,True,True,True,True
USP-S | The Traitor (Battle-Scarred),True,True,True,0.085,0.45548727680088924,59.0,summary,True,True,True,True,True,31.49,50,-0.0459195360974676,-0.0477828647972251,133,6.416148937069445,6.35539495372133,0.9371358398871266,2.66,0.0377059986816084,-0.0036251871744386,0.006810800104396,0.0960741964172277,0.073256257146487,-0.0982038639267926,2026-04-29T10:47:09.140923+00:00,ok,,best_deal,2026-04-19T08:48:42.109271+00:00,,True,8,35.27875,33.74125,2/2,37.8576,38.273,35.867,36.669,39.098,39.6448,3.974,46.672,9.978973838806471,0.0308292734035309,7,3,True,True,True,True,True,True
UMP-45 | Neo-Noir (Field-Tested),True,True,True,0.1578,0.4064481625792652,123.0,summary,True,True,True,True,True,5.67,50,-0.0485464101096521,-0.0520179790608933,250,3.4670701787891667,6.243664516887287,0.9378291398478642,5.0,-0.0018933877075444,-0.0037692921156838,-0.0084410121964704,0.0648621041879469,0.0450167809718372,-0.0954200302708521,2026-04-29T10:52:02.517990+00:00,ok,,best_deal,2026-04-18T22:20:48.584920+00:00,,True,8,5.83125,5.56125,1/1,6.8069,6.836,6.411,6.703,6.939,7.204,4.958,8.349,11.649943439744966,0.0063142437591776,7,3,True,True,True,True,True,True
AWP | Sun in Leo (Field-Tested),True,True,True,0.0938,1.1639540059674127,167.0,summary,True,True,True,True,True,22.62,50,-0.0404417938828749,-0.0523114839199846,90,4.529353961470782,5.6445531205009365,0.943887016773314,1.8,-0.008512363194163,0.0003380362889545,0.0046333125136031,0.0625882702742883,0.0459748754924551,-0.0879441644610398,2026-04-29T10:36:28.825174+00:00,ok,,best_deal,2026-04-17T04:56:14.134014+00:00,,True,8,23.43,22.52125,1/1,26.2554,26.411,24.929,25.69,26.8792,27.3985,13.775,39.526,9.405684164019592,0.0481904242471462,7,3,True,True,True,True,True,True
AK-47 | Cartel (Battle-Scarred),True,True,True,0.1578,1.2173162663598447,60.0,summary,True,True,True,True,True,18.15,50,-0.0446506328370792,-0.0568993952721275,69,5.49050737580208,4.7638674747228,0.9524240268319952,1.38,0.0655299656444838,0.0083609165507324,0.0107499291578938,0.1235013135896825,0.0835681872462384,-0.0847577684431769,2026-04-29T10:44:49.779675+00:00,ok,,best_deal,2026-04-17T00:36:57.912708+00:00,,True,8,18.91125,18.1075,1/1,19.6521,19.678,18.7418,19.147,20.226,20.921,17.389,21.559,11.088891263529078,0.0350538910313458,7,3,True,True,True,True,True,True
Galil AR | Chromatic Aberration (Battle-Scarred),True,True,True,0.222,1.3984461709211988,67.0,summary,True,True,True,True,True,3.49,50,-0.0497650942461953,-0.058027136355975,250,7.277283789970834,6.819441432323659,0.9322480248982524,5.0,-0.0072924017878145,-0.0021313704027896,-0.0126012984825163,0.1334123222748814,0.0772511848341233,-0.102396483561759,2026-04-29T10:55:16.162731+00:00,ok,,best_deal,2026-04-17T17:15:10.609915+00:00,,True,8,3.6125,3.44125,1/1,4.1499,4.177,3.894,3.987,4.289,4.492,3.168,5.142,14.409985782789944,0.0360913331696539,7,3,True,True,True,True,True,True
