market_hash_name,listing_id,asset_id,ask,ask_seller_net,float_value,paint_seed,asset_properties_json,converted_price,converted_fee,converted_currencyid,scm_total_listings
UMP-45 | Wild Child (Factory New),550148491457207932,52187793799,21.9,19.05,0.06407745182514,975,,1905,285,2003,126
UMP-45 | Wild Child (Factory New),542267826490700834,52201577263,21.91,19.06,0.06181148439646,138,,1906,285,2003,126
UMP-45 | Wild Child (Factory New),545645526210491537,52076677099,21.91,19.06,0.06877057999372,614,,1906,285,2003,126
UMP-45 | Wild Child (Factory New),544519626301307723,52103082395,22.13,19.25,0.0697957277298,344,,1925,288,2003,126
UMP-45 | Wild Child (Factory New),549022591521048818,50293640462,22.5,19.58,0.06696860492229,964,,1958,292,2003,126
UMP-45 | Wild Child (Factory New),533259358753970003,51705960484,22.74,19.79,0.06834688037634,681,,1979,295,2003,126
UMP-45 | Wild Child (Factory New),607569476986328274,51923245416,23.0,20.0,0.06999908387661,580,,2000,300,2003,126
UMP-45 | Wild Child (Factory New),551274391362160217,52112075877,24.57,21.38,0.06870809197426,594,,2138,319,2003,126
UMP-45 | Wild Child (Factory New),499481093172986901,51740633994,26.15,22.75,0.06939731538296,646,,2275,340,2003,126
UMP-45 | Wild Child (Factory New),680750447965045495,51226756378,26.92,23.41,0.06944388896227,178,,2341,351,2003,126
UMP-45 | Wild Child (Factory New),559156325094037957,52154413083,27.0,23.49,0.06399834901094,77,,2349,351,2003,126
UMP-45 | Wild Child (Factory New),549021957444449168,50433067788,28.78,25.03,0.05544587224722,754,,2503,375,2003,126
UMP-45 | Wild Child (Factory New),526503325141422050,51503069621,29.0,25.22,0.06843813508749,909,,2522,378,2003,126
UMP-45 | Wild Child (Factory New),515241791648222749,49984798537,29.02,25.24,0.06513044983149,686,,2524,378,2003,126
UMP-45 | Wild Child (Factory New),509614192330047097,51742830625,29.06,25.28,0.06945817172527,861,,2528,378,2003,126
UMP-45 | Wild Child (Factory New),515243058130267922,50177931314,29.99,26.09,0.06547596305609,345,,2609,390,2003,126
UMP-45 | Wild Child (Factory New),507362392508493879,50970919671,30.07,26.16,0.04711532592773,342,,2616,391,2003,126
UMP-45 | Wild Child (Factory New),526502690907219947,51635229465,30.32,26.38,0.06952576339245,779,,2638,394,2003,126
UMP-45 | Wild Child (Factory New),520875184130931524,50201182526,30.44,26.48,0.06583421677351,608,,2648,396,2003,126
UMP-45 | Wild Child (Factory New),553525557080260005,51480443287,30.44,26.48,0.0486814044416,551,,2648,396,2003,126
UMP-45 | Wild Child (Factory New),558029156724623353,45843192440,30.6,26.61,0.06582356244326,936,,2661,399,2003,126
UMP-45 | Wild Child (Factory New),502857778648880152,51191609185,30.84,26.82,0.06970193237066,99,,2682,402,2003,126
UMP-45 | Wild Child (Factory New),662733504191842354,50592570735,30.99,26.96,0.05938697606325,638,,2696,403,2003,126
UMP-45 | Wild Child (Factory New),515242423033259101,51151922826,31.17,27.11,0.05707361921668,390,,2711,406,2003,126
UMP-45 | Wild Child (Factory New),553525557079588785,33854854843,32.28,28.08,0.04289261624217,279,,2808,420,2003,126
UMP-45 | Wild Child (Factory New),619949307107162011,47244865923,33.24,28.91,0.06997539103031,753,,2891,433,2003,126
UMP-45 | Wild Child (Factory New),519746657753154202,47926139672,33.35,29.0,0.05347929522395,323,,2900,435,2003,126
UMP-45 | Wild Child (Factory New),649221975296037613,49668640514,33.35,29.0,0.05845433846116,142,,2900,435,2003,126
UMP-45 | Wild Child (Factory New),649221341290837280,50378708482,33.95,29.53,0.06957892328501,58,,2953,442,2003,126
UMP-45 | Wild Child (Factory New),524252159485819729,51947276233,34.18,29.73,0.05607063695788,963,,2973,445,2003,126
UMP-45 | Wild Child (Factory New),663864472322014323,47060407652,34.5,30.0,0.06992530077696,434,,3000,450,2003,126
UMP-45 | Wild Child (Factory New),492725059984334717,50494047602,34.65,30.14,0.06943927705288,207,,3014,451,2003,126
UMP-45 | Wild Child (Factory New),634583374064809684,43855617981,34.98,30.42,0.06122130155563,381,,3042,456,2003,126
UMP-45 | Wild Child (Factory New),494977493527335955,50368282337,35.0,30.44,0.06446418911219,576,,3044,456,2003,126
UMP-45 | Wild Child (Factory New),547896691610875935,51079188630,35.45,30.83,0.03106853552163,393,,3083,462,2003,126
UMP-45 | Wild Child (Factory New),607569476975600598,49924346051,36.0,31.31,0.0455517321825,621,,3131,469,2003,126
UMP-45 | Wild Child (Factory New),535512049211057328,51832724086,36.34,31.6,0.04460434988141,737,,3160,474,2003,126
UMP-45 | Wild Child (Factory New),655975472281643056,48449245929,37.45,32.58,0.06997661292553,690,,3258,487,2003,126
UMP-45 | Wild Child (Factory New),762927723493756528,48778465595,37.67,32.77,0.06507310271263,872,,3277,490,2003,126
UMP-45 | Wild Child (Factory New),652599675001087466,50808395658,37.9,32.97,0.06874148547649,637,,3297,493,2003,126
UMP-45 | Wild Child (Factory New),811347035822628291,48479120984,38.26,33.28,0.06785944849253,296,,3328,498,2003,126
UMP-45 | Wild Child (Factory New),546770791710672717,51894228421,38.42,33.41,0.03527183830738,265,,3341,501,2003,126
UMP-45 | Wild Child (Factory New),525375522200394631,51206731768,38.68,33.64,0.06381297111511,185,,3364,504,2003,126
UMP-45 | Wild Child (Factory New),732530428386584868,48664660789,39.29,34.18,0.0593278631568,185,,3418,511,2003,126
UMP-45 | Wild Child (Factory New),543392457926765568,51998161741,39.58,34.42,0.06271469593048,297,,3442,516,2003,126
UMP-45 | Wild Child (Factory New),526503959333571675,51403542435,39.61,34.45,0.05008563771844,493,,3445,516,2003,126
UMP-45 | Wild Child (Factory New),514117791965739207,51718475180,39.61,34.45,0.04366468265653,881,,3445,516,2003,126
UMP-45 | Wild Child (Factory New),516370225977828002,51753089145,39.61,34.45,0.03186641260982,212,,3445,516,2003,126
UMP-45 | Wild Child (Factory New),510738192174617566,51328643486,40.25,35.0,0.05561654642224,583,,3500,525,2003,126
UMP-45 | Wild Child (Factory New),494976859809170448,48142701665,40.43,35.17,0.06467439234257,499,,3517,526,2003,126
UMP-45 | Wild Child (Factory New),625579418054393170,49763098744,40.45,35.19,0.0668428093195,5,,3519,526,2003,126
UMP-45 | Wild Child (Factory New),512993885494715717,51585152850,40.53,35.25,0.03433828428388,988,,3525,528,2003,126
UMP-45 | Wild Child (Factory New),525375522200502271,51514096957,40.97,35.63,0.06999200582504,721,,3563,534,2003,126
UMP-45 | Wild Child (Factory New),537762958373420444,49925475879,42.0,36.53,0.0517687574029,906,,3653,547,2003,126
UMP-45 | Wild Child (Factory New),751679596845570407,45510509268,42.48,36.95,0.06249295175076,801,,3695,553,2003,126
UMP-45 | Wild Child (Factory New),753920524176821150,48509580772,42.58,37.03,0.06798835098743,398,,3703,555,2003,126
UMP-45 | Wild Child (Factory New),540016026674469491,51771958324,43.6,37.92,0.02808532863855,754,,3792,568,2003,126
UMP-45 | Wild Child (Factory New),729152635083283140,48633349516,44.55,38.75,0.05782170593739,770,,3875,580,2003,126
UMP-45 | Wild Child (Factory New),538889492361583491,51774388412,44.7,38.88,0.06247099488974,609,,3888,582,2003,126
UMP-45 | Wild Child (Factory New),509613558581593998,49934586592,44.77,38.94,0.05449391528964,605,,3894,583,2003,126
UMP-45 | Wild Child (Factory New),771940629942507929,49689139751,45.0,39.14,0.04559881240129,460,,3914,586,2003,126
UMP-45 | Wild Child (Factory New),521998560400737054,42732295039,45.0,39.14,0.05284291878343,126,,3914,586,2003,126
UMP-45 | Wild Child (Factory New),653722408152331959,49968296552,45.0,39.14,0.05099264904857,75,,3914,586,2003,126
UMP-45 | Wild Child (Factory New),764053623361875744,47727545953,45.2,39.31,0.06859337538481,338,,3931,589,2003,126
UMP-45 | Wild Child (Factory New),635711906875336577,50908858615,45.62,39.68,0.06408733874559,934,,3968,594,2003,126
UMP-45 | Wild Child (Factory New),749416924516805027,48246954563,45.8,39.83,0.048458840698,293,,3983,597,2003,126
UMP-45 | Wild Child (Factory New),529880390636222219,51166133280,46.0,40.0,0.06666796654463,812,,4000,600,2003,126
UMP-45 | Wild Child (Factory New),526502160724026279,51532693933,46.04,40.04,0.0309334397316,560,,4004,600,2003,126
UMP-45 | Wild Child (Factory New),743790595370571897,49128690307,46.28,40.25,0.0688854008913,324,,4025,603,2003,126
UMP-45 | Wild Child (Factory New),660482407751044810,50509081708,46.28,40.25,0.06533258408308,932,,4025,603,2003,126
UMP-45 | Wild Child (Factory New),766305423140580522,39838179388,46.28,40.25,0.05640316382051,809,,4025,603,2003,126
UMP-45 | Wild Child (Factory New),526500790811736713,50993665532,48.2,41.92,0.03557822853327,74,,4192,628,2003,126
UMP-45 | Wild Child (Factory New),793331102940884672,49013911127,48.76,42.4,0.04460126534104,907,,4240,636,2003,126
UMP-45 | Wild Child (Factory New),734783396107019079,48946692883,48.83,42.47,0.04962092638016,726,,4247,636,2003,126
UMP-45 | Wild Child (Factory New),757301394270846677,49242869743,49.1,42.7,0.06757672131062,124,,4270,640,2003,126
UMP-45 | Wild Child (Factory New),640214142021903244,50824255470,49.13,42.73,0.06950885057449,530,,4273,640,2003,126
UMP-45 | Wild Child (Factory New),572661512500613269,50881055436,49.46,43.01,0.06107825040817,769,,4301,645,2003,126
UMP-45 | Wild Child (Factory New),655976740742087900,50721896215,49.51,43.06,0.0357143394649,937,,4306,645,2003,126
UMP-45 | Wild Child (Factory New),659355074442999497,50352347125,49.51,43.06,0.06695023179054,730,,4306,645,2003,126
UMP-45 | Wild Child (Factory New),550147857353606014,49801426121,49.51,43.06,0.03982325270772,344,,4306,645,2003,126
★ Hand Wraps | Arboreal (Field-Tested),535512427052610257,52126822339,62.99,54.79,0.37000614404678,209,,5479,820,2003,73
★ Hand Wraps | Arboreal (Field-Tested),529882927515931963,52191848382,63.9,55.58,0.36524856090546,515,,5558,832,2003,73
★ Hand Wraps | Arboreal (Field-Tested),722411267483906854,47685114765,64.14,55.79,0.35636886954308,977,,5579,835,2003,73
★ Hand Wraps | Arboreal (Field-Tested),520874459769482801,51960402179,66.98,58.25,0.36425995826721,761,,5825,873,2003,73
★ Hand Wraps | Arboreal (Field-Tested),492727686471287558,51728326730,67.11,58.37,0.3654936850071,50,,5837,874,2003,73
★ Hand Wraps | Arboreal (Field-Tested),505111226909447287,51715710504,68.02,59.16,0.31717285513878,388,,5916,886,2003,73
★ Hand Wraps | Arboreal (Field-Tested),690883546448592886,50814472618,69.0,60.0,0.34576907753944,161,,6000,900,2003,73
★ Hand Wraps | Arboreal (Field-Tested),545644257724781892,47497073785,69.0,60.0,0.29697468876839,357,,6000,900,2003,73
★ Hand Wraps | Arboreal (Field-Tested),714529968823020167,51589353137,69.31,60.28,0.37224161624908,89,,6028,903,2003,73
★ Hand Wraps | Arboreal (Field-Tested),524250891104012786,49751701052,69.76,60.67,0.28929689526558,759,,6067,909,2003,73
★ Hand Wraps | Arboreal (Field-Tested),508488292415243910,51604145859,70.19,61.04,0.32293277978897,488,,6104,915,2003,73
★ Hand Wraps | Arboreal (Field-Tested),511867984905290709,51325266043,70.62,61.41,0.37127691507339,427,,6141,921,2003,73
★ Hand Wraps | Arboreal (Field-Tested),525377425241115445,51712235888,70.66,61.45,0.37072166800499,677,,6145,921,2003,73
★ Hand Wraps | Arboreal (Field-Tested),696510501844246086,50999145835,71.0,61.75,0.32976844906807,833,,6175,925,2003,73
★ Hand Wraps | Arboreal (Field-Tested),526505227798694761,52189126941,71.23,61.95,0.30651491880417,68,,6195,928,2003,73
★ Hand Wraps | Arboreal (Field-Tested),552400291249345327,47724820577,72.0,62.61,0.27707010507584,412,,6261,939,2003,73
★ Hand Wraps | Arboreal (Field-Tested),536637058478612835,50951803862,72.1,62.7,0.31557190418243,397,,6270,940,2003,73
★ Hand Wraps | Arboreal (Field-Tested),612073076603661671,49031058690,72.65,63.19,0.28459647297859,548,,6319,946,2003,73
★ Hand Wraps | Arboreal (Field-Tested),490472625090746943,50903713846,73.19,63.65,0.34144079685211,188,,6365,954,2003,73
★ Hand Wraps | Arboreal (Field-Tested),535511158590108758,51566824099,73.19,63.65,0.22761677205563,408,,6365,954,2003,73
★ Hand Wraps | Arboreal (Field-Tested),623326277442142868,50869913483,74.0,64.36,0.37181851267815,28,,6436,964,2003,73
★ Hand Wraps | Arboreal (Field-Tested),535512049203364056,52105740565,74.25,64.58,0.37292176485062,443,,6458,967,2003,73
★ Hand Wraps | Arboreal (Field-Tested),505109323866037460,36980363080,74.25,64.58,0.30784472823143,957,,6458,967,2003,73
★ Hand Wraps | Arboreal (Field-Tested),555777356870557065,50205049041,74.25,64.58,0.35842964053154,634,,6458,967,2003,73
★ Hand Wraps | Arboreal (Field-Tested),518622025793818175,51308966370,75.0,65.22,0.34959378838539,47,,6522,978,2003,73
★ Hand Wraps | Arboreal (Field-Tested),558029790770797607,50265444728,75.82,65.94,0.34794199466705,525,,6594,988,2003,73
★ Hand Wraps | Arboreal (Field-Tested),598562278399622814,51834447739,75.82,65.94,0.24782693386078,591,,6594,988,2003,73
★ Hand Wraps | Arboreal (Field-Tested),547897326027519996,47148642698,75.82,65.94,0.20794947445393,266,,6594,988,2003,73
★ Hand Wraps | Arboreal (Field-Tested),542267826494187434,51712420964,77.51,67.4,0.36070257425308,554,,6740,1011,2003,73
★ Hand Wraps | Arboreal (Field-Tested),646971516274410776,47351013651,78.9,68.61,0.21622420847416,316,,6861,1029,2003,73
★ Hand Wraps | Arboreal (Field-Tested),661604971787784873,47273465989,79.21,68.89,0.2989853322506,529,,6889,1032,2003,73
★ Hand Wraps | Arboreal (Field-Tested),697636400698100692,47245165081,79.71,69.32,0.28862017393112,349,,6932,1039,2003,73
★ Hand Wraps | Arboreal (Field-Tested),546770791731242757,51013342934,79.84,69.43,0.21531029045582,360,,6943,1041,2003,73
★ Hand Wraps | Arboreal (Field-Tested),631206942769198565,48515237950,80.5,70.0,0.35613870620728,64,,7000,1050,2003,73
★ Hand Wraps | Arboreal (Field-Tested),524249876750482419,49569444814,80.5,70.0,0.29516658186913,61,,7000,1050,2003,73
★ Hand Wraps | Arboreal (Field-Tested),503985327021949955,50882856461,81.2,70.61,0.36501350998878,378,,7061,1059,2003,73
★ Hand Wraps | Arboreal (Field-Tested),655974207958591319,47698377247,81.43,70.81,0.24679981172085,994,,7081,1062,2003,73
★ Hand Wraps | Arboreal (Field-Tested),787702047164589904,49515283690,82.43,71.69,0.30870458483696,313,,7169,1074,2003,73
★ Hand Wraps | Arboreal (Field-Tested),554652725463474550,51993575459,82.53,71.78,0.25512304902077,673,,7178,1075,2003,73
★ Hand Wraps | Arboreal (Field-Tested),547897326024541176,52215700224,82.8,72.0,0.30198910832405,512,,7200,1080,2003,73
★ Hand Wraps | Arboreal (Field-Tested),657102640616776114,49458073832,84.15,73.19,0.35393929481506,888,,7319,1096,2003,73
★ Hand Wraps | Arboreal (Field-Tested),645844275572754357,50364686065,84.96,73.89,0.35935714840889,514,,7389,1107,2003,73
★ Hand Wraps | Arboreal (Field-Tested),757298223952352235,47693418846,86.11,74.89,0.36484232544899,419,,7489,1122,2003,73
★ Hand Wraps | Arboreal (Field-Tested),660482407760339758,49370090858,86.11,74.89,0.16654323041439,97,,7489,1122,2003,73
★ Hand Wraps | Arboreal (Field-Tested),517496125871692548,48692946252,88.34,76.82,0.16184630990028,472,,7682,1152,2003,73
★ Hand Wraps | Arboreal (Field-Tested),493852227839673440,50712838927,89.81,78.1,0.23734319210052,225,,7810,1171,2003,73
★ Hand Wraps | Arboreal (Field-Tested),818099459895523140,47755436788,92.0,80.0,0.24944797158241,43,,8000,1200,2003,73
★ Hand Wraps | Arboreal (Field-Tested),796711137110138748,49321741346,93.46,81.28,0.30526733398438,597,,8128,1218,2003,73
★ Hand Wraps | Arboreal (Field-Tested),643589939490400899,47273145774,93.87,81.63,0.24766547977924,150,,8163,1224,2003,73
★ Hand Wraps | Arboreal (Field-Tested),641340041920813514,48778097070,94.99,82.6,0.1813522875309,553,,8260,1239,2003,73
★ Hand Wraps | Arboreal (Field-Tested),506237126826876497,48211051770,95.57,83.11,0.37299400568008,375,,8311,1246,2003,73
★ Hand Wraps | Arboreal (Field-Tested),779820747786869080,47275091083,96.43,83.86,0.22615313529968,363,,8386,1257,2003,73
★ Hand Wraps | Arboreal (Field-Tested),642465941843971655,48304860102,98.26,85.45,0.16159255802631,617,,8545,1281,2003,73
★ Hand Wraps | Arboreal (Field-Tested),655975472261982916,48052565159,105.98,92.17,0.33465105295181,129,,9217,1381,2003,73
★ Hand Wraps | Arboreal (Field-Tested),534386527144561632,52086836597,106.15,92.31,0.17966519296169,753,,9231,1384,2003,73
★ Hand Wraps | Arboreal (Field-Tested),492727686481327814,51861489145,107.79,93.74,0.15453284978867,616,,9374,1405,2003,73
★ Hand Wraps | Arboreal (Field-Tested),657102187429920970,50526822989,107.91,93.84,0.15151059627533,36,,9384,1407,2003,73
★ Hand Wraps | Arboreal (Field-Tested),501732892966792082,50536750294,109.25,95.0,0.15184070169926,244,,9500,1425,2003,73
★ Hand Wraps | Arboreal (Field-Tested),658227272088162740,49434771247,111.61,97.06,0.16587454080582,32,,9706,1455,2003,73
★ Hand Wraps | Arboreal (Field-Tested),503982792726843775,49763148875,119.6,104.0,0.16648173332214,378,,10400,1560,2003,73
★ Hand Wraps | Arboreal (Field-Tested),553526191169722869,51594300974,127.74,111.09,0.18220901489258,649,,11109,1665,2003,73
★ Hand Wraps | Arboreal (Field-Tested),551275025743616119,52200057106,129.16,112.32,0.32288002967834,905,,11232,1684,2003,73
★ Hand Wraps | Arboreal (Field-Tested),770819894206440717,48324556476,133.47,116.07,0.17655408382416,38,,11607,1740,2003,73
★ Hand Wraps | Arboreal (Field-Tested),503986685565233584,47995801386,137.57,119.63,0.3522881269455,607,,11963,1794,2003,73
★ Hand Wraps | Arboreal (Field-Tested),500606993064259375,51645345841,137.78,119.81,0.26900336146355,217,,11981,1797,2003,73
★ Hand Wraps | Arboreal (Field-Tested),655974838501481180,47413962195,162.05,140.92,0.26244193315506,138,,14092,2113,2003,73
★ Hand Wraps | Arboreal (Field-Tested),498355827466549501,51272613181,172.21,149.76,0.30804580450058,984,,14976,2245,2003,73
★ Hand Wraps | Arboreal (Field-Tested),785450155586462377,46511691170,172.5,150.0,0.15575577318668,227,,15000,2250,2003,73
★ Hand Wraps | Arboreal (Field-Tested),493851593641093406,50993275879,198.05,172.22,0.26763924956322,31,,17222,2583,2003,73
★ Hand Wraps | Arboreal (Field-Tested),661604338018616182,49425519969,200.0,173.92,0.24475589394569,115,,17392,2608,2003,73
★ Hand Wraps | Arboreal (Field-Tested),550147857380094238,52009667473,201.84,175.52,0.37801188230515,386,,17552,2632,2003,73
★ Hand Wraps | Arboreal (Field-Tested),624452177322167896,48541852634,202.2,175.83,0.15639305114746,17,,17583,2637,2003,73
★ Hand Wraps | Arboreal (Field-Tested),524250247110791091,51009935447,495.11,430.54,0.20993122458458,296,,43054,6457,2003,73
AUG | Amber Slipstream (Factory New),555778625373854883,52008733483,1.92,1.68,0.04463956132531,664,,168,24,2003,228
AUG | Amber Slipstream (Factory New),552400925654970105,51115425498,1.92,1.68,0.05301213636994,53,,168,24,2003,228
AUG | Amber Slipstream (Factory New),543393726397105165,15692917260,1.92,1.68,0.05941127613187,12,,168,24,2003,228
AUG | Amber Slipstream (Factory New),559156325096525773,22776094458,1.93,1.69,0.05622069910169,516,,169,24,2003,228
AUG | Amber Slipstream (Factory New),520875728259809568,52203744400,1.98,1.73,0.0686254799366,806,,173,25,2003,228
AUG | Amber Slipstream (Factory New),558030425183248300,16777860669,1.99,1.74,0.0676581710577,511,,174,25,2003,228
AUG | Amber Slipstream (Factory New),722411267491517362,52197095340,1.99,1.74,0.0520476475358,274,,174,25,2003,228
AUG | Amber Slipstream (Factory New),547896691645734087,48224194867,1.99,1.74,0.05987322703004,114,,174,25,2003,228
AUG | Amber Slipstream (Factory New),552400925653637673,38425417998,1.99,1.74,0.04966816678643,410,,174,25,2003,228
AUG | Amber Slipstream (Factory New),560282225003134101,51201989855,1.99,1.74,0.06735274195671,37,,174,25,2003,228
AUG | Amber Slipstream (Factory New),553526191178751705,52185099154,2.0,1.75,0.05352041125298,47,,175,25,2003,228
AUG | Amber Slipstream (Factory New),551274391351414433,38157897066,2.0,1.75,0.05359959229827,476,,175,25,2003,228
AUG | Amber Slipstream (Factory New),560281681582908458,50334892664,2.0,1.75,0.04714933410287,618,,175,25,2003,228
AUG | Amber Slipstream (Factory New),543393092001086764,52013350931,2.0,1.75,0.05594801157713,674,,175,25,2003,228
AUG | Amber Slipstream (Factory New),560281681586158682,51846436421,2.0,1.75,0.0684809461236,557,,175,25,2003,228
AUG | Amber Slipstream (Factory New),560281681586159186,51865373994,2.0,1.75,0.05760905891657,661,,175,25,2003,228
AUG | Amber Slipstream (Factory New),714529968816927887,15288252152,2.0,1.75,0.06461873650551,854,,175,25,2003,228
AUG | Amber Slipstream (Factory New),538889492374605339,15747683354,2.0,1.75,0.05753677338362,618,,175,25,2003,228
AUG | Amber Slipstream (Factory New),551274391364126393,15057856780,2.0,1.75,0.05920074880123,60,,175,25,2003,228
AUG | Amber Slipstream (Factory New),542267192097419237,50156110499,2.0,1.75,0.06524006277323,22,,175,25,2003,228
AUG | Amber Slipstream (Factory New),542267192097419813,51834999463,2.0,1.75,0.06720513105392,11,,175,25,2003,228
AUG | Amber Slipstream (Factory New),550148491458603652,15316074964,2.0,1.75,0.06243964284658,770,,175,25,2003,228
AUG | Amber Slipstream (Factory New),551275025744773663,52185856197,2.0,1.75,0.06162754073739,495,,175,25,2003,228
AUG | Amber Slipstream (Factory New),544518991927224300,52196671226,2.0,1.75,0.05877183005214,222,,175,25,2003,228
AUG | Amber Slipstream (Factory New),542267192090934341,18234004671,2.01,1.76,0.05199534446001,963,,176,25,2003,228
AUG | Amber Slipstream (Factory New),520875184144394588,39097105774,2.02,1.77,0.06318514049053,134,,177,25,2003,228
AUG | Amber Slipstream (Factory New),520875184144394480,39185889600,2.02,1.77,0.05322676897049,184,,177,25,2003,228
AUG | Amber Slipstream (Factory New),552400291250731183,51446682274,2.02,1.77,0.06160262227058,601,,177,25,2003,228
AUG | Amber Slipstream (Factory New),536637692551100496,51069314864,2.03,1.78,0.05344927683473,282,,178,25,2003,228
AUG | Amber Slipstream (Factory New),519747925715366061,29348410762,2.04,1.79,0.05851566791534,162,,179,25,2003,228
AUG | Amber Slipstream (Factory New),528756483510439499,51982247894,2.08,1.81,0.06948203593493,312,,181,27,2003,228
AUG | Amber Slipstream (Factory New),528756483510439895,51982247893,2.08,1.81,0.05973786860704,284,,181,27,2003,228
AUG | Amber Slipstream (Factory New),537763592454163220,35143473079,2.09,1.82,0.04877037927508,502,,182,27,2003,228
AUG | Amber Slipstream (Factory New),663864472301944971,49185381435,2.09,1.82,0.05364493653178,786,,182,27,2003,228
AUG | Amber Slipstream (Factory New),524252793564175395,49051705043,2.1,1.83,0.06882463395596,732,,183,27,2003,228
AUG | Amber Slipstream (Factory New),552400291256393767,51423686513,2.12,1.85,0.05463911965489,660,,185,27,2003,228
AUG | Amber Slipstream (Factory New),542267192080323737,27120693872,2.12,1.85,0.06794337928295,84,,185,27,2003,228
AUG | Amber Slipstream (Factory New),534385892727500306,51488748560,2.13,1.86,0.06572120636702,310,,186,27,2003,228
AUG | Amber Slipstream (Factory New),552400291235873443,50888608399,2.16,1.89,0.0542654953897,178,,189,27,2003,228
AUG | Amber Slipstream (Factory New),552400291235872759,50914454801,2.16,1.89,0.05910575017333,112,,189,27,2003,228
AUG | Amber Slipstream (Factory New),528756393192257008,51456677915,2.19,1.91,0.05475372448564,219,,191,28,2003,228
AUG | Amber Slipstream (Factory New),559155690675097173,40380438981,2.2,1.92,0.06761106848717,252,,192,28,2003,228
AUG | Amber Slipstream (Factory New),523126259578315723,51930694660,2.2,1.92,0.05761365219951,392,,192,28,2003,228
AUG | Amber Slipstream (Factory New),555777356871746037,51901219985,2.3,2.0,0.06328143179417,538,,200,30,2003,228
AUG | Amber Slipstream (Factory New),555777356871707373,51902096155,2.3,2.0,0.05937606468797,668,,200,30,2003,228
AUG | Amber Slipstream (Factory New),553526191171592349,30311214100,2.3,2.0,0.05079222470522,94,,200,30,2003,228
AUG | Amber Slipstream (Factory New),497228659626816647,33705426729,2.3,2.0,0.06065770611167,944,,200,30,2003,228
AUG | Amber Slipstream (Factory New),505109958969935009,18987261751,2.3,2.0,0.05986779183149,273,,200,30,2003,228
AUG | Amber Slipstream (Factory New),560281681590349550,51891126483,2.32,2.02,0.05886252596974,936,,202,30,2003,228
AUG | Amber Slipstream (Factory New),540015392287319701,51929300427,2.36,2.06,0.04771954938769,922,,206,30,2003,228
AUG | Amber Slipstream (Factory New),529880390654914571,51736696691,2.36,2.06,0.06568725407124,72,,206,30,2003,228
AUG | Amber Slipstream (Factory New),514117791964846371,51753492569,2.46,2.15,0.06021181493998,268,,215,31,2003,228
AUG | Amber Slipstream (Factory New),542266558002174610,45997637326,2.47,2.16,0.0640105381608,910,,216,31,2003,228
AUG | Amber Slipstream (Factory New),524252159516508181,51983546734,2.53,2.2,0.06537525355816,591,,220,33,2003,228
AUG | Amber Slipstream (Factory New),491599793815331494,50537164134,2.54,2.21,0.06450738757849,934,,221,33,2003,228
AUG | Amber Slipstream (Factory New),501732892972827662,48281669823,2.54,2.21,0.05132918059826,801,,221,33,2003,228
AUG | Amber Slipstream (Factory New),491599793824864510,51532000685,2.55,2.22,0.04957940801978,378,,222,33,2003,228
AUG | Amber Slipstream (Factory New),507362392513908351,19203792271,2.57,2.24,0.05136588215828,460,,224,33,2003,228
AUG | Amber Slipstream (Factory New),501732892980171302,48406195603,2.57,2.24,0.05479736253619,958,,224,33,2003,228
AUG | Amber Slipstream (Factory New),511865358419651635,43361629468,2.57,2.24,0.05199601873755,119,,224,33,2003,228
AUG | Amber Slipstream (Factory New),502858792871231628,51701102306,2.57,2.24,0.06070272997022,408,,224,33,2003,228
AUG | Amber Slipstream (Factory New),520873191396106616,44743921928,2.58,2.25,0.06602543592453,206,,225,33,2003,228
AUG | Amber Slipstream (Factory New),517495491655854904,15784498190,2.61,2.28,0.05174499377608,730,,228,33,2003,228
AUG | Amber Slipstream (Factory New),529880390628891143,31701223980,2.65,2.31,0.06856708973646,93,,231,34,2003,228
AUG | Amber Slipstream (Factory New),528754490725734461,44164633323,2.67,2.33,0.0660623088479,167,,233,34,2003,228
AUG | Amber Slipstream (Factory New),677372747560635498,51495698570,2.69,2.35,0.06613863259554,11,,235,34,2003,228
AUG | Amber Slipstream (Factory New),501732892963163858,51675680288,2.7,2.36,0.05298599228263,806,,236,34,2003,228
AUG | Amber Slipstream (Factory New),491599160100231386,51209099945,2.72,2.38,0.05163334682584,619,,238,34,2003,228
AUG | Amber Slipstream (Factory New),494976859817274660,34030271029,2.77,2.41,0.05301303043962,2,,241,36,2003,228
AUG | Amber Slipstream (Factory New),498355193245670293,20812970356,2.78,2.42,0.06881628930569,891,,242,36,2003,228
AUG | Amber Slipstream (Factory New),526502690908544063,51631293391,2.8,2.44,0.04809226095676,264,,244,36,2003,228
AUG | Amber Slipstream (Factory New),528754490721414569,16920603961,2.8,2.44,0.06875444948673,188,,244,36,2003,228
AUG | Amber Slipstream (Factory New),491598690699279446,49084879290,2.9,2.53,0.05414012074471,926,,253,37,2003,228
AUG | Amber Slipstream (Factory New),490472790737031819,34248128457,2.92,2.55,0.06066994741559,220,,255,37,2003,228
AUG | Amber Slipstream (Factory New),526502690933101463,51405982288,2.92,2.55,0.06474077701569,948,,255,37,2003,228
AUG | Amber Slipstream (Factory New),528756483512681327,38871455258,2.96,2.59,0.06749331206083,371,,259,37,2003,228
AUG | Amber Slipstream (Factory New),499481727375884866,45585844201,2.96,2.59,0.06023289263248,983,,259,37,2003,228
AUG | Amber Slipstream (Factory New),544518357807090341,44242387725,3.0,2.61,0.06054197251797,33,,261,39,2003,228
AUG | Amber Slipstream (Factory New),524250891117235550,14994234813,3.0,2.61,0.05683679506183,626,,261,39,2003,228
AUG | Amber Slipstream (Factory New),502856892557342056,40984450468,3.0,2.61,0.06301584839821,295,,261,39,2003,228
★ Broken Fang Gloves | Yellow-banded (Field-Tested),538890126773069638,52191737806,67.0,58.27,0.33705645799637,603,,5827,873,2003,85
★ Broken Fang Gloves | Yellow-banded (Field-Tested),540016026679006499,51169724174,70.0,60.88,0.3246858716011,25,,6088,912,2003,85
★ Broken Fang Gloves | Yellow-banded (Field-Tested),535512427052242121,52211210523,71.0,61.75,0.37752586603165,889,,6175,925,2003,85
★ Broken Fang Gloves | Yellow-banded (Field-Tested),522001628169002180,52200388382,73.85,64.22,0.34974867105484,488,,6422,963,2003,85
★ Broken Fang Gloves | Yellow-banded (Field-Tested),543393726399268333,52205557763,73.99,64.35,0.37205275893211,0,,6435,964,2003,85
★ Broken Fang Gloves | Yellow-banded (Field-Tested),555778625374278315,39413357184,74.4,64.7,0.26793512701988,728,,6470,970,2003,85
★ Broken Fang Gloves | Yellow-banded (Field-Tested),552400925652364821,52189933266,75.0,65.22,0.36803686618805,149,,6522,978,2003,85
★ Broken Fang Gloves | Yellow-banded (Field-Tested),559156325096712037,52115353664,75.98,66.08,0.3663681447506,963,,6608,990,2003,85
★ Broken Fang Gloves | Yellow-banded (Field-Tested),559156325096712145,52106654289,75.98,66.08,0.37545609474182,849,,6608,990,2003,85
★ Broken Fang Gloves | Yellow-banded (Field-Tested),559156325096711929,52152819591,75.98,66.08,0.32483431696892,184,,6608,990,2003,85
★ Broken Fang Gloves | Yellow-banded (Field-Tested),536637058455360363,51880388418,77.18,67.12,0.33892127871513,876,,6712,1006,2003,85
★ Broken Fang Gloves | Yellow-banded (Field-Tested),558029156698829353,48470685000,77.42,67.33,0.3118377327919,61,,6733,1009,2003,85
★ Broken Fang Gloves | Yellow-banded (Field-Tested),559156325093389165,52204193074,77.51,67.4,0.32259929180145,81,,6740,1011,2003,85
★ Broken Fang Gloves | Yellow-banded (Field-Tested),526505227800129577,52201550900,77.71,67.59,0.35999047756195,647,,6759,1012,2003,85
★ Broken Fang Gloves | Yellow-banded (Field-Tested),541141926585594243,49603580496,78.55,68.31,0.24179896712303,151,,6831,1024,2003,85
★ Broken Fang Gloves | Yellow-banded (Field-Tested),544518357806306225,51890178738,79.21,68.89,0.3383397758007,260,,6889,1032,2003,85
★ Broken Fang Gloves | Yellow-banded (Field-Tested),537762958391265536,29651548705,80.0,69.58,0.36656057834625,774,,6958,1042,2003,85
★ Broken Fang Gloves | Yellow-banded (Field-Tested),544518991925451336,52116370158,80.0,69.58,0.31275126338005,848,,6958,1042,2003,85
★ Broken Fang Gloves | Yellow-banded (Field-Tested),535512049220433672,52161679741,80.05,69.61,0.37912833690643,79,,6961,1044,2003,85
★ Broken Fang Gloves | Yellow-banded (Field-Tested),632334745616502431,50608666532,80.11,69.67,0.32882565259933,198,,6967,1044,2003,85
★ Broken Fang Gloves | Yellow-banded (Field-Tested),546770791727087817,52165682288,80.45,69.97,0.33861759305,178,,6997,1048,2003,85
★ Broken Fang Gloves | Yellow-banded (Field-Tested),526500790832887469,51190922133,80.88,70.34,0.36918047070503,781,,7034,1054,2003,85
★ Broken Fang Gloves | Yellow-banded (Field-Tested),503983678403239483,47424064980,82.18,71.47,0.31588006019592,673,,7147,1071,2003,85
★ Broken Fang Gloves | Yellow-banded (Field-Tested),552400925654251437,51692565424,82.45,71.7,0.23587177693844,430,,7170,1075,2003,85
★ Broken Fang Gloves | Yellow-banded (Field-Tested),641340041948089598,49722544113,82.68,71.9,0.32121887803078,902,,7190,1078,2003,85
★ Broken Fang Gloves | Yellow-banded (Field-Tested),515244326088488044,48706968924,84.01,73.06,0.3759052157402,316,,7306,1095,2003,85
★ Broken Fang Gloves | Yellow-banded (Field-Tested),492727686484157954,51291897715,84.18,73.2,0.3124603331089,563,,7320,1098,2003,85
★ Broken Fang Gloves | Yellow-banded (Field-Tested),642465941849040167,50001503599,84.78,73.73,0.35091105103493,919,,7373,1105,2003,85
★ Broken Fang Gloves | Yellow-banded (Field-Tested),532134727327460182,52188205991,85.16,74.06,0.27540519833565,239,,7406,1110,2003,85
★ Broken Fang Gloves | Yellow-banded (Field-Tested),630079140646289930,28254659808,85.45,74.31,0.28837749361992,149,,7431,1114,2003,85
★ Broken Fang Gloves | Yellow-banded (Field-Tested),524252159510014753,48025461296,86.15,74.92,0.30435237288475,691,,7492,1123,2003,85
★ Broken Fang Gloves | Yellow-banded (Field-Tested),524250891117189650,47410646866,86.15,74.92,0.36095404624939,462,,7492,1123,2003,85
★ Broken Fang Gloves | Yellow-banded (Field-Tested),520873191395102648,49971185957,86.25,75.0,0.30375942587852,741,,7500,1125,2003,85
★ Broken Fang Gloves | Yellow-banded (Field-Tested),630080589649047244,25269954608,86.25,75.0,0.27200308442116,685,,7500,1125,2003,85
★ Broken Fang Gloves | Yellow-banded (Field-Tested),496103393438781927,49661983256,86.36,75.1,0.37919253110886,146,,7510,1126,2003,85
★ Broken Fang Gloves | Yellow-banded (Field-Tested),661603707483471762,49091720522,87.13,75.78,0.35587656497955,455,,7578,1135,2003,85
★ Broken Fang Gloves | Yellow-banded (Field-Tested),500605092726782915,48956371052,87.42,76.02,0.26069265604019,690,,7602,1140,2003,85
★ Broken Fang Gloves | Yellow-banded (Field-Tested),630082945808325162,51062603058,88.0,76.53,0.32836499810219,599,,7653,1147,2003,85
★ Broken Fang Gloves | Yellow-banded (Field-Tested),524250891115330754,25958863013,88.02,76.55,0.33828881382942,451,,7655,1147,2003,85
★ Broken Fang Gloves | Yellow-banded (Field-Tested),645841739324058195,50334945203,88.25,76.75,0.25503581762314,416,,7675,1150,2003,85
★ Broken Fang Gloves | Yellow-banded (Field-Tested),538888858290507175,51741760170,89.12,77.5,0.28366413712502,285,,7750,1162,2003,85
★ Broken Fang Gloves | Yellow-banded (Field-Tested),553526191149398601,51627763882,90.0,78.27,0.20549477636814,393,,7827,1173,2003,85
★ Broken Fang Gloves | Yellow-banded (Field-Tested),492727686488451566,48175236383,90.0,78.27,0.33299514651299,285,,7827,1173,2003,85
★ Broken Fang Gloves | Yellow-banded (Field-Tested),537764226865138639,52161448472,90.0,78.27,0.32960474491119,629,,7827,1173,2003,85
★ Broken Fang Gloves | Yellow-banded (Field-Tested),524248990835469639,48368610677,90.0,78.27,0.22947768867016,531,,7827,1173,2003,85
★ Broken Fang Gloves | Yellow-banded (Field-Tested),490473893906060444,51448013551,91.32,79.41,0.23454129695892,254,,7941,1191,2003,85
★ Broken Fang Gloves | Yellow-banded (Field-Tested),512991892026096413,51579272025,92.0,80.0,0.31240013241768,257,,8000,1200,2003,85
★ Broken Fang Gloves | Yellow-banded (Field-Tested),598562278406730978,51769442863,92.14,80.13,0.21447138488293,300,,8013,1201,2003,85
★ Broken Fang Gloves | Yellow-banded (Field-Tested),524252159496620305,50099497475,92.26,80.23,0.18013136088848,732,,8023,1203,2003,85
★ Broken Fang Gloves | Yellow-banded (Field-Tested),645844275560961189,48298481591,93.87,81.63,0.26214963197708,913,,8163,1224,2003,85
★ Broken Fang Gloves | Yellow-banded (Field-Tested),650346787999358662,48033898842,94.71,82.37,0.2608450949192,756,,8237,1234,2003,85
★ Broken Fang Gloves | Yellow-banded (Field-Tested),533260627238724465,52188430489,94.99,82.6,0.18704305589199,600,,8260,1239,2003,85
★ Broken Fang Gloves | Yellow-banded (Field-Tested),789960193674370634,50434660007,95.0,82.61,0.1807766854763,922,,8261,1239,2003,85
★ Broken Fang Gloves | Yellow-banded (Field-Tested),543392457921350592,47284449911,95.58,83.12,0.19544599950314,275,,8312,1246,2003,85
★ Broken Fang Gloves | Yellow-banded (Field-Tested),522000993748290162,47717622302,96.43,83.86,0.22608563303947,612,,8386,1257,2003,85
★ Broken Fang Gloves | Yellow-banded (Field-Tested),527629225044871383,51747895973,97.75,85.0,0.30495408177376,321,,8500,1275,2003,85
★ Broken Fang Gloves | Yellow-banded (Field-Tested),497231286815329801,50910419906,98.55,85.7,0.29692932963371,788,,8570,1285,2003,85
★ Broken Fang Gloves | Yellow-banded (Field-Tested),496102759724122621,51729920637,99.02,86.11,0.29820355772972,897,,8611,1291,2003,85
★ Broken Fang Gloves | Yellow-banded (Field-Tested),520873825592726268,49100955032,99.02,86.11,0.24720385670662,334,,8611,1291,2003,85
★ Broken Fang Gloves | Yellow-banded (Field-Tested),523125625404468868,50332789960,99.2,86.27,0.17072877287865,187,,8627,1293,2003,85
★ Broken Fang Gloves | Yellow-banded (Field-Tested),622197841284923268,49436537164,101.73,88.47,0.31081408262253,245,,8847,1326,2003,85
★ Broken Fang Gloves | Yellow-banded (Field-Tested),537762958400099612,49423956890,103.34,89.87,0.28844404220581,881,,8987,1347,2003,85
★ Broken Fang Gloves | Yellow-banded (Field-Tested),545645526213340577,46902000301,103.34,89.87,0.30169248580933,120,,8987,1347,2003,85
★ Broken Fang Gloves | Yellow-banded (Field-Tested),493852227854798840,51697405122,105.0,91.31,0.33807489275932,140,,9131,1369,2003,85
★ Broken Fang Gloves | Yellow-banded (Field-Tested),518622025805823419,51892577409,106.86,92.93,0.29745250940323,810,,9293,1393,2003,85
★ Broken Fang Gloves | Yellow-banded (Field-Tested),797834702518842679,49385759362,107.64,93.6,0.31277257204056,925,,9360,1404,2003,85
★ Broken Fang Gloves | Yellow-banded (Field-Tested),800086946130444725,29521426881,109.22,94.99,0.20167535543442,503,,9499,1423,2003,85
★ Broken Fang Gloves | Yellow-banded (Field-Tested),551274391355947409,41935638504,109.25,95.0,0.36677813529968,86,,9500,1425,2003,85
★ Broken Fang Gloves | Yellow-banded (Field-Tested),520873825616064204,51869274883,109.99,95.65,0.15097291767597,356,,9565,1434,2003,85
★ Broken Fang Gloves | Yellow-banded (Field-Tested),497231286802676629,44300581626,110.0,95.66,0.18825335800648,727,,9566,1434,2003,85
★ Broken Fang Gloves | Yellow-banded (Field-Tested),535511792645839188,47333893014,115.0,100.0,0.16644564270973,922,,10000,1500,2003,85
★ Broken Fang Gloves | Yellow-banded (Field-Tested),500607627299751125,49470694680,115.0,100.0,0.36935672163963,317,,10000,1500,2003,85
★ Broken Fang Gloves | Yellow-banded (Field-Tested),632334817619034491,45898228270,116.27,101.11,0.37129455804825,333,,10111,1516,2003,85
★ Broken Fang Gloves | Yellow-banded (Field-Tested),542267826493858322,52106861519,118.73,103.25,0.32586145401001,492,,10325,1548,2003,85
★ Broken Fang Gloves | Yellow-banded (Field-Tested),652597138762220898,50328937698,118.82,103.33,0.16537940502167,133,,10333,1549,2003,85
★ Broken Fang Gloves | Yellow-banded (Field-Tested),541140658096431575,44117144222,120.75,105.0,0.21523769199848,184,,10500,1575,2003,85
★ Broken Fang Gloves | Yellow-banded (Field-Tested),497229927572738561,51885928067,129.16,112.32,0.24833723902702,949,,11232,1684,2003,85
★ Broken Fang Gloves | Yellow-banded (Field-Tested),531008827424423090,51229947319,129.16,112.32,0.15045873820782,268,,11232,1684,2003,85
★ Broken Fang Gloves | Yellow-banded (Field-Tested),622200377503431678,50728634356,141.29,122.87,0.35255086421967,372,,12287,1842,2003,85
★ Broken Fang Gloves | Yellow-banded (Field-Tested),542266558028391646,50103777444,149.5,130.0,0.26523414254189,130,,13000,1950,2003,85
MP5-SD | Phosphor (Minimal Wear),553526825561419100,52184622304,7.99,6.96,0.1446730941534,554,,696,103,2003,82
MP5-SD | Phosphor (Minimal Wear),553526825559747620,52142287212,8.09,7.04,0.14268207550049,12,,704,105,2003,82
MP5-SD | Phosphor (Minimal Wear),534386527144655484,35156829509,8.3,7.22,0.13641072809696,594,,722,108,2003,82
MP5-SD | Phosphor (Minimal Wear),533260627236279813,48966517084,8.41,7.32,0.11038990318775,220,,732,109,2003,82
MP5-SD | Phosphor (Minimal Wear),529882927516220539,52202840926,8.79,7.65,0.11114525794983,649,,765,114,2003,82
MP5-SD | Phosphor (Minimal Wear),556903981180785637,33853085544,8.83,7.69,0.12637451291084,971,,769,114,2003,82
MP5-SD | Phosphor (Minimal Wear),545645526209915825,52205105030,8.87,7.72,0.1454936414957,752,,772,115,2003,82
MP5-SD | Phosphor (Minimal Wear),510739458513127467,51630370242,9.61,8.37,0.14653933048248,121,,837,124,2003,82
MP5-SD | Phosphor (Minimal Wear),768561748606514584,17708871092,9.78,8.51,0.13634924590588,411,,851,127,2003,82
MP5-SD | Phosphor (Minimal Wear),783200338052727959,31916543327,9.82,8.55,0.13263466954231,723,,855,127,2003,82
MP5-SD | Phosphor (Minimal Wear),541141292197877158,44282331700,9.85,8.58,0.13800856471062,377,,858,127,2003,82
MP5-SD | Phosphor (Minimal Wear),507361758795916895,51631036293,9.85,8.58,0.14036802947521,916,,858,127,2003,82
MP5-SD | Phosphor (Minimal Wear),803466536356007301,33883813168,9.85,8.58,0.10517463833094,56,,858,127,2003,82
MP5-SD | Phosphor (Minimal Wear),628955776962283616,50511014868,9.91,8.62,0.13026072084904,444,,862,129,2003,82
MP5-SD | Phosphor (Minimal Wear),519746657747092234,51358986979,9.91,8.62,0.14226725697517,882,,862,129,2003,82
MP5-SD | Phosphor (Minimal Wear),508486392202191662,17521489118,9.91,8.62,0.13697899878025,908,,862,129,2003,82
MP5-SD | Phosphor (Minimal Wear),500605092743284307,50552665407,9.91,8.62,0.1125528588891,721,,862,129,2003,82
MP5-SD | Phosphor (Minimal Wear),520873825600009428,51462367162,9.91,8.62,0.10565996170044,783,,862,129,2003,82
MP5-SD | Phosphor (Minimal Wear),680750447979337063,50553223699,9.98,8.69,0.11146088689566,459,,869,129,2003,82
MP5-SD | Phosphor (Minimal Wear),506237126801905277,29325961504,10.0,8.7,0.12252881377935,751,,870,130,2003,82
MP5-SD | Phosphor (Minimal Wear),780947195037891484,17459750249,10.0,8.7,0.13452735543251,717,,870,130,2003,82
MP5-SD | Phosphor (Minimal Wear),503985327002656151,51790866928,10.12,8.8,0.11162381619215,716,,880,132,2003,82
MP5-SD | Phosphor (Minimal Wear),660477807603386647,50028251822,10.15,8.83,0.11740896850824,832,,883,132,2003,82
MP5-SD | Phosphor (Minimal Wear),788827947016659962,39898162986,10.32,8.99,0.13641050457954,962,,899,133,2003,82
MP5-SD | Phosphor (Minimal Wear),520874459786690549,50445396042,10.32,8.99,0.10826987028122,921,,899,133,2003,82
MP5-SD | Phosphor (Minimal Wear),550147857366618754,49848085952,10.32,8.99,0.1383081972599,141,,899,133,2003,82
MP5-SD | Phosphor (Minimal Wear),492727686493798862,52072391896,10.35,9.0,0.14696066081524,758,,900,135,2003,82
MP5-SD | Phosphor (Minimal Wear),775316514100463006,23187280604,10.47,9.11,0.10875084251165,928,,911,136,2003,82
MP5-SD | Phosphor (Minimal Wear),518620663116597424,33993293503,10.5,9.14,0.13910929858685,129,,914,136,2003,82
MP5-SD | Phosphor (Minimal Wear),657102640630294618,18488626670,10.58,9.2,0.14607755839825,32,,920,138,2003,82
MP5-SD | Phosphor (Minimal Wear),778694213779933743,48192568436,10.6,9.22,0.11555184423923,607,,922,138,2003,82
MP5-SD | Phosphor (Minimal Wear),789953846773254399,24357133312,10.64,9.26,0.10348778963089,768,,926,138,2003,82
MP5-SD | Phosphor (Minimal Wear),789953846765769207,36098694131,10.66,9.28,0.11130028963089,607,,928,138,2003,82
MP5-SD | Phosphor (Minimal Wear),779821929287754017,49611709600,10.89,9.48,0.13127917051315,301,,948,141,2003,82
MP5-SD | Phosphor (Minimal Wear),506236492591150413,50843905724,10.89,9.48,0.11490839719772,137,,948,141,2003,82
MP5-SD | Phosphor (Minimal Wear),787703228638647794,29161071052,10.92,9.5,0.13819867372513,58,,950,142,2003,82
MP5-SD | Phosphor (Minimal Wear),789953212913512508,49019085916,11.06,9.62,0.13618488609791,800,,962,144,2003,82
MP5-SD | Phosphor (Minimal Wear),492725059992431549,50558175587,11.08,9.64,0.09560040384531,645,,964,144,2003,82
MP5-SD | Phosphor (Minimal Wear),533259358769690879,44281246310,11.19,9.74,0.10461961477995,210,,974,145,2003,82
MP5-SD | Phosphor (Minimal Wear),508488926628184317,42188201909,11.24,9.79,0.09757106751204,573,,979,145,2003,82
MP5-SD | Phosphor (Minimal Wear),554652725465260222,52192004130,11.24,9.79,0.11828104406595,83,,979,145,2003,82
MP5-SD | Phosphor (Minimal Wear),550148491430823028,52005577207,11.36,9.89,0.08190735429525,829,,989,147,2003,82
MP5-SD | Phosphor (Minimal Wear),726902096780930933,44394869216,11.39,9.91,0.14469957351685,559,,991,148,2003,82
MP5-SD | Phosphor (Minimal Wear),502858792885161864,49913633429,11.5,10.0,0.119887329638,478,,1000,150,2003,82
MP5-SD | Phosphor (Minimal Wear),788828494394331401,33931964367,11.5,10.0,0.11562988907099,317,,1000,150,2003,82
MP5-SD | Phosphor (Minimal Wear),805715811477636299,24016322449,11.5,10.0,0.11816976219416,997,,1000,150,2003,82
MP5-SD | Phosphor (Minimal Wear),791079032637429126,48144204698,11.5,10.0,0.13380002975464,688,,1000,150,2003,82
MP5-SD | Phosphor (Minimal Wear),803463931590383811,29872395668,11.88,10.34,0.13335135579109,968,,1034,154,2003,82
MP5-SD | Phosphor (Minimal Wear),519746277042499292,35157773394,11.88,10.34,0.09137012809515,485,,1034,154,2003,82
MP5-SD | Phosphor (Minimal Wear),523125625427261908,29307567387,11.88,10.34,0.14878097176552,678,,1034,154,2003,82
MP5-SD | Phosphor (Minimal Wear),742664695458375755,47001166133,12.0,10.44,0.09406464546919,118,,1044,156,2003,82
MP5-SD | Phosphor (Minimal Wear),657103274633149044,50016734061,12.0,10.44,0.09191228449345,839,,1044,156,2003,82
MP5-SD | Phosphor (Minimal Wear),517495491671613976,45236025845,12.07,10.5,0.14430277049541,89,,1050,157,2003,82
MP5-SD | Phosphor (Minimal Wear),662733504203364766,49208286815,12.27,10.68,0.11477766185999,650,,1068,159,2003,82
MP5-SD | Phosphor (Minimal Wear),505109958956806853,43235379572,12.28,10.69,0.08821447193623,739,,1069,159,2003,82
MP5-SD | Phosphor (Minimal Wear),556903981187060437,52129604808,12.47,10.85,0.08038952201605,837,,1085,162,2003,82
MP5-SD | Phosphor (Minimal Wear),553526191177488429,51997869155,12.47,10.85,0.08023728430271,488,,1085,162,2003,82
MP5-SD | Phosphor (Minimal Wear),512992526251565689,51592690855,12.65,11.0,0.11057317256927,17,,1100,165,2003,82
MP5-SD | Phosphor (Minimal Wear),661604338031801758,49956322146,12.65,11.0,0.14357431232929,890,,1100,165,2003,82
MP5-SD | Phosphor (Minimal Wear),839494175222315602,49691250742,12.74,11.09,0.12934002280235,266,,1109,165,2003,82
MP5-SD | Phosphor (Minimal Wear),549022591515924110,47581707515,12.79,11.13,0.10481119155884,126,,1113,166,2003,82
MP5-SD | Phosphor (Minimal Wear),764056793693398420,48792616007,12.88,11.2,0.11730708926916,141,,1120,168,2003,82
MP5-SD | Phosphor (Minimal Wear),804590101712572051,49293279613,13.07,11.38,0.13904170691967,737,,1138,169,2003,82
MP5-SD | Phosphor (Minimal Wear),804590101712572915,49293277037,13.07,11.38,0.14271667599678,995,,1138,169,2003,82
MP5-SD | Phosphor (Minimal Wear),804590101712572591,49293278386,13.07,11.38,0.14998382329941,8,,1138,169,2003,82
MP5-SD | Phosphor (Minimal Wear),783197733261445140,48290156968,13.14,11.43,0.14396968483925,509,,1143,171,2003,82
MP5-SD | Phosphor (Minimal Wear),791079746694645337,30196315919,13.8,12.0,0.09304232895374,239,,1200,180,2003,82
MP5-SD | Phosphor (Minimal Wear),788827503248504102,38163528296,13.86,12.06,0.12947635352612,987,,1206,180,2003,82
MP5-SD | Phosphor (Minimal Wear),760679094000020241,48935007752,13.86,12.06,0.11142616719007,317,,1206,180,2003,82
MP5-SD | Phosphor (Minimal Wear),804590101712573419,49293276005,14.39,12.52,0.14997805655003,798,,1252,187,2003,82
MP5-SD | Phosphor (Minimal Wear),804590101712575399,49293281169,14.39,12.52,0.14263102412224,48,,1252,187,2003,82
MP5-SD | Phosphor (Minimal Wear),643590695790639324,41420812793,14.85,12.92,0.10265745967627,701,,1292,193,2003,82
MP5-SD | Phosphor (Minimal Wear),766305423181902006,48525051331,16.25,14.14,0.09232857823372,723,,1414,211,2003,82
MP5-SD | Phosphor (Minimal Wear),526502690932914263,51032182745,17.71,15.4,0.11194375902414,562,,1540,231,2003,82
MP5-SD | Phosphor (Minimal Wear),628954689751798363,49255518409,18.26,15.89,0.14048674702644,203,,1589,237,2003,82
MP5-SD | Phosphor (Minimal Wear),547896691612697103,38110826183,18.95,16.49,0.10413056612015,25,,1649,246,2003,82
MP5-SD | Phosphor (Minimal Wear),643593816522327589,49811941443,20.95,18.22,0.07704205811024,529,,1822,273,2003,82
MP5-SD | Phosphor (Minimal Wear),545645526211952777,52211151687,26.19,22.79,0.11717268079519,123,,2279,340,2003,82
MP5-SD | Phosphor (Minimal Wear),651471872654942696,50290533516,49.51,43.06,0.11806738376617,869,,4306,645,2003,82
MP5-SD | Phosphor (Minimal Wear),496103393447513331,51639080026,89.12,77.5,0.11359664052725,648,,7750,1162,2003,82
