market_hash_name,listing_id,asset_id,ask,ask_seller_net,float_value,paint_seed,asset_properties_json,converted_price,converted_fee,converted_currencyid,scm_total_listings
USP-S | Jawbreaker (Minimal Wear),492723793445775381,51113164761,9.5,8.27,0.14852654933929,94,,827,123,2003,439
USP-S | Jawbreaker (Minimal Wear),511864091770882029,38890472433,9.51,8.28,0.14532241225243,404,,828,123,2003,439
USP-S | Jawbreaker (Minimal Wear),659355708657262693,50906842557,9.58,8.34,0.14422410726547,654,,834,124,2003,439
USP-S | Jawbreaker (Minimal Wear),528752590499967393,50377519239,9.59,8.35,0.14998088777065,163,,835,124,2003,439
USP-S | Jawbreaker (Minimal Wear),622201718411887884,51145331453,9.66,8.4,0.14612607657909,770,,840,126,2003,439
USP-S | Jawbreaker (Minimal Wear),519745391322351020,42862738463,9.7,8.44,0.13706152141094,911,,844,126,2003,439
USP-S | Jawbreaker (Minimal Wear),523123091056506190,48166699306,9.71,8.45,0.11816018819809,845,,845,126,2003,439
USP-S | Jawbreaker (Minimal Wear),494975741575052574,51211403753,9.72,8.46,0.10840745270252,188,,846,126,2003,439
USP-S | Jawbreaker (Minimal Wear),520871291127450492,51214107191,9.77,8.5,0.10331937670708,920,,850,127,2003,439
USP-S | Jawbreaker (Minimal Wear),520871291127450996,51201574235,9.77,8.5,0.14267864823341,776,,850,127,2003,439
USP-S | Jawbreaker (Minimal Wear),520871291127450816,51201941834,9.77,8.5,0.12534710764885,850,,850,127,2003,439
USP-S | Jawbreaker (Minimal Wear),520871291127451176,51190716093,9.77,8.5,0.1386656910181,723,,850,127,2003,439
USP-S | Jawbreaker (Minimal Wear),492723793439765397,51246256469,9.77,8.5,0.13591788709164,820,,850,127,2003,439
USP-S | Jawbreaker (Minimal Wear),509612292214153779,51178883982,9.79,8.52,0.14057058095932,812,,852,127,2003,439
USP-S | Jawbreaker (Minimal Wear),500605092730469027,44611657732,9.81,8.54,0.10556572675705,182,,854,127,2003,439
USP-S | Jawbreaker (Minimal Wear),492723793443562101,51248934738,9.83,8.56,0.11856892704964,531,,856,127,2003,439
USP-S | Jawbreaker (Minimal Wear),525374890918757767,49962755550,9.83,8.56,0.12266311794519,878,,856,127,2003,439
USP-S | Jawbreaker (Minimal Wear),623327618338986986,46975882269,9.84,8.57,0.13195821642876,234,,857,127,2003,439
USP-S | Jawbreaker (Minimal Wear),521997191201765778,51203053062,9.84,8.57,0.13857910037041,438,,857,127,2003,439
USP-S | Jawbreaker (Minimal Wear),630081676884905466,50899411018,9.84,8.57,0.10151697695255,540,,857,127,2003,439
USP-S | Jawbreaker (Minimal Wear),652601015928989676,51024626732,9.84,8.57,0.13395883142948,719,,857,127,2003,439
USP-S | Jawbreaker (Minimal Wear),490471993844074143,51121569073,9.84,8.57,0.14438463747501,299,,857,127,2003,439
USP-S | Jawbreaker (Minimal Wear),505108692482104328,51058283074,9.84,8.57,0.13480821251869,621,,857,127,2003,439
USP-S | Jawbreaker (Minimal Wear),500605092729264791,49063871622,9.84,8.57,0.1290235221386,905,,857,127,2003,439
USP-S | Jawbreaker (Minimal Wear),634586617420820403,50755667749,9.84,8.57,0.13184773921967,287,,857,127,2003,439
USP-S | Jawbreaker (Minimal Wear),492723793432283229,50406332434,9.84,8.57,0.1353722512722,938,,857,127,2003,439
USP-S | Jawbreaker (Minimal Wear),526500790813592945,51187413972,9.85,8.58,0.12572745978832,740,,858,127,2003,439
USP-S | Jawbreaker (Minimal Wear),526500790813593017,51066418819,9.85,8.58,0.13537648320198,519,,858,127,2003,439
USP-S | Jawbreaker (Minimal Wear),526500790813592873,51213214893,9.85,8.58,0.1497398018837,535,,858,127,2003,439
USP-S | Jawbreaker (Minimal Wear),500605092733982483,51264151440,9.9,8.61,0.10364072024822,441,,861,129,2003,439
USP-S | Jawbreaker (Minimal Wear),523123091048688430,50315349204,9.97,8.68,0.14217060804367,302,,868,129,2003,439
USP-S | Jawbreaker (Minimal Wear),529878490341650832,51145215992,9.97,8.68,0.10312393307686,682,,868,129,2003,439
USP-S | Jawbreaker (Minimal Wear),529878490341651192,51079884328,9.97,8.68,0.1431043446064,339,,868,129,2003,439
USP-S | Jawbreaker (Minimal Wear),529878490341651336,51073594343,9.97,8.68,0.13342127203941,814,,868,129,2003,439
USP-S | Jawbreaker (Minimal Wear),529878490341650868,51144110371,9.97,8.68,0.12787213921547,76,,868,129,2003,439
USP-S | Jawbreaker (Minimal Wear),529878490341651660,51035453519,9.97,8.68,0.12368239462376,578,,868,129,2003,439
USP-S | Jawbreaker (Minimal Wear),529878490341651552,51044932301,9.97,8.68,0.10805143415928,870,,868,129,2003,439
USP-S | Jawbreaker (Minimal Wear),529878490341651084,51080918135,9.97,8.68,0.1137013733387,814,,868,129,2003,439
USP-S | Jawbreaker (Minimal Wear),658230515412038510,51077842980,9.97,8.68,0.11972559988499,725,,868,129,2003,439
USP-S | Jawbreaker (Minimal Wear),626703977143101454,48002777436,9.97,8.68,0.1249977350235,633,,868,129,2003,439
USP-S | Jawbreaker (Minimal Wear),622201718406218496,51190421342,9.98,8.69,0.1349360793829,900,,869,129,2003,439
USP-S | Jawbreaker (Minimal Wear),622201718406218532,51187415637,9.98,8.69,0.14534559845924,848,,869,129,2003,439
USP-S | Jawbreaker (Minimal Wear),622201718406218388,51184939509,9.98,8.69,0.13470506668091,211,,869,129,2003,439
USP-S | Jawbreaker (Minimal Wear),640216116803146211,51048748994,10.0,8.7,0.13316598534584,120,,870,130,2003,439
USP-S | Jawbreaker (Minimal Wear),633460717413883021,51091633338,10.0,8.7,0.14745897054672,721,,870,130,2003,439
USP-S | Jawbreaker (Minimal Wear),631208917644665726,51298083686,10.0,8.7,0.12053993344307,178,,870,130,2003,439
USP-S | Jawbreaker (Minimal Wear),652599675017569598,50874964651,10.0,8.7,0.12397557497025,63,,870,130,2003,439
USP-S | Jawbreaker (Minimal Wear),623327618332146338,51066783064,10.01,8.71,0.12107086181641,432,,871,130,2003,439
USP-S | Jawbreaker (Minimal Wear),623327618332146518,51064486966,10.01,8.71,0.12866343557835,770,,871,130,2003,439
USP-S | Jawbreaker (Minimal Wear),623327618332146626,51064576707,10.01,8.71,0.12943942844868,31,,871,130,2003,439
USP-S | Jawbreaker (Minimal Wear),623327618332146842,51063144942,10.01,8.71,0.14858937263489,527,,871,130,2003,439
USP-S | Jawbreaker (Minimal Wear),623327618332146770,51065458229,10.01,8.71,0.14723318815231,659,,871,130,2003,439
USP-S | Jawbreaker (Minimal Wear),623327618332146698,51064478690,10.01,8.71,0.1437413841486,892,,871,130,2003,439
USP-S | Jawbreaker (Minimal Wear),623327618332146446,51061361461,10.01,8.71,0.12470165640116,71,,871,130,2003,439
USP-S | Jawbreaker (Minimal Wear),526500790817339501,50831520119,10.06,8.76,0.14615821838379,652,,876,130,2003,439
USP-S | Jawbreaker (Minimal Wear),631208917656158330,49985217811,10.07,8.77,0.12134949862957,287,,877,130,2003,439
USP-S | Jawbreaker (Minimal Wear),642466575848548488,50593250385,10.18,8.86,0.12407869100571,914,,886,132,2003,439
USP-S | Jawbreaker (Minimal Wear),510738192157615954,51215976903,10.19,8.87,0.10170840471983,242,,887,132,2003,439
USP-S | Jawbreaker (Minimal Wear),510738192157616386,51233576443,10.19,8.87,0.12301585078239,172,,887,132,2003,439
USP-S | Jawbreaker (Minimal Wear),510738192157616494,51232960370,10.19,8.87,0.12537591159344,701,,887,132,2003,439
USP-S | Jawbreaker (Minimal Wear),510738192157616134,51236625894,10.19,8.87,0.14894184470177,48,,887,132,2003,439
USP-S | Jawbreaker (Minimal Wear),510738192157616710,51229570942,10.19,8.87,0.14829464256763,681,,887,132,2003,439
USP-S | Jawbreaker (Minimal Wear),510738192157616278,51235556110,10.19,8.87,0.12614805996418,212,,887,132,2003,439
USP-S | Jawbreaker (Minimal Wear),510738192157616350,51235053846,10.19,8.87,0.14935250580311,970,,887,132,2003,439
USP-S | Jawbreaker (Minimal Wear),510738192157616458,51233132253,10.19,8.87,0.11632624268532,658,,887,132,2003,439
USP-S | Jawbreaker (Minimal Wear),510738192157616530,51232104632,10.19,8.87,0.1106226965785,320,,887,132,2003,439
USP-S | Jawbreaker (Minimal Wear),510738192157616638,51229783591,10.19,8.87,0.10606691241264,319,,887,132,2003,439
USP-S | Jawbreaker (Minimal Wear),510738192157616854,51228893449,10.19,8.87,0.14369279146194,964,,887,132,2003,439
USP-S | Jawbreaker (Minimal Wear),510738192157616026,51239403564,10.19,8.87,0.14563554525375,719,,887,132,2003,439
USP-S | Jawbreaker (Minimal Wear),510738192157616170,51236594453,10.19,8.87,0.12470346689224,644,,887,132,2003,439
USP-S | Jawbreaker (Minimal Wear),510738192157616206,51236455483,10.19,8.87,0.14743360877037,999,,887,132,2003,439
USP-S | Jawbreaker (Minimal Wear),635712517302698419,51307202560,10.26,8.93,0.14713245630264,44,,893,133,2003,439
USP-S | Jawbreaker (Minimal Wear),506234592332886744,51200607311,10.26,8.93,0.14175710082054,174,,893,133,2003,439
USP-S | Jawbreaker (Minimal Wear),658229174550494949,50357544730,10.27,8.94,0.12931893765926,358,,894,133,2003,439
USP-S | Jawbreaker (Minimal Wear),512989991893830059,50861561210,10.27,8.94,0.11390106379986,285,,894,133,2003,439
USP-S | Jawbreaker (Minimal Wear),527626690791101804,51081577490,10.27,8.94,0.11878844350576,998,,894,133,2003,439
USP-S | Jawbreaker (Minimal Wear),631208210992049446,39101393089,10.27,8.94,0.12017346173525,494,,894,133,2003,439
USP-S | Jawbreaker (Minimal Wear),633460010811164410,48740440689,10.27,8.94,0.10364590585232,885,,894,133,2003,439
USP-S | Jawbreaker (Minimal Wear),624453518120133414,50902906194,10.35,9.0,0.12300074100494,59,,900,135,2003,439
USP-S | Jawbreaker (Minimal Wear),524248990830096459,51200054994,10.35,9.0,0.14251682162285,366,,900,135,2003,439
USP-S | Jawbreaker (Minimal Wear),627829877069227231,50607626246,10.35,9.0,0.14669945836067,289,,900,135,2003,439
USP-S | Jawbreaker (Minimal Wear),493849693281703300,50994289270,10.35,9.0,0.11698311567307,950,,900,135,2003,439
USP-S | Jawbreaker (Minimal Wear),634586617418477235,50907557108,10.5,9.14,0.14447471499443,661,,914,136,2003,439
USP-S | Jawbreaker (Minimal Wear),520871291126278152,51230902121,10.5,9.14,0.10350381582975,836,,914,136,2003,439
USP-S | Jawbreaker (Minimal Wear),519745391318355488,51184478548,10.5,9.14,0.10902847349644,449,,914,136,2003,439
USP-S | Jawbreaker (Minimal Wear),622201718389965612,51098831869,10.5,9.14,0.10982675850391,596,,914,136,2003,439
USP-S | Jawbreaker (Minimal Wear),622201718389965468,51116761634,10.5,9.14,0.10867059975863,97,,914,136,2003,439
USP-S | Jawbreaker (Minimal Wear),622201718389965648,51079695829,10.5,9.14,0.12571379542351,639,,914,136,2003,439
USP-S | Jawbreaker (Minimal Wear),622201646460243696,51054836595,10.51,9.15,0.12016198039055,711,,915,136,2003,439
USP-S | Jawbreaker (Minimal Wear),622201646460244200,50991653323,10.51,9.15,0.14201617240906,130,,915,136,2003,439
USP-S | Jawbreaker (Minimal Wear),622201646460243408,50970988414,10.51,9.15,0.11026984453201,454,,915,136,2003,439
USP-S | Jawbreaker (Minimal Wear),622201646460244128,51058329766,10.51,9.15,0.14109325408936,360,,915,136,2003,439
USP-S | Jawbreaker (Minimal Wear),622201646460243948,51027732809,10.51,9.15,0.13163641095161,234,,915,136,2003,439
USP-S | Jawbreaker (Minimal Wear),622201646460243588,50970242457,10.51,9.15,0.12012849748135,455,,915,136,2003,439
USP-S | Jawbreaker (Minimal Wear),622201646460243804,51069178653,10.51,9.15,0.12297115474939,899,,915,136,2003,439
USP-S | Jawbreaker (Minimal Wear),622201646460243480,51055518399,10.51,9.15,0.11781412363052,894,,915,136,2003,439
USP-S | Jawbreaker (Minimal Wear),606438509305372733,51049865020,10.52,9.16,0.14622774720192,821,,916,136,2003,439
USP-S | Jawbreaker (Minimal Wear),714524901206962299,50976927267,10.53,9.17,0.11400143802166,712,,917,136,2003,439
USP-S | Jawbreaker (Minimal Wear),714524901206965503,50965138852,10.53,9.17,0.14674517512321,91,,917,136,2003,439
USP-S | Jawbreaker (Minimal Wear),714524901206964855,50967883599,10.53,9.17,0.14243367314339,320,,917,136,2003,439
USP-S | Jawbreaker (Minimal Wear),714524901206962047,50957352201,10.53,9.17,0.11186639964581,963,,917,136,2003,439
USP-S | Jawbreaker (Minimal Wear),714524901206963847,51013119440,10.53,9.17,0.13197055459023,294,,917,136,2003,439
USP-S | Jawbreaker (Minimal Wear),714524901206965251,51014164476,10.53,9.17,0.14269711077213,876,,917,136,2003,439
USP-S | Jawbreaker (Minimal Wear),714524901206964099,51014161613,10.53,9.17,0.13918170332909,995,,917,136,2003,439
USP-S | Jawbreaker (Minimal Wear),714524901206963991,51013536925,10.53,9.17,0.13222455978394,112,,917,136,2003,439
USP-S | Jawbreaker (Minimal Wear),714524901206964531,50971151642,10.53,9.17,0.13930401206017,385,,917,136,2003,439
USP-S | Jawbreaker (Minimal Wear),657103908847226631,50919530316,10.55,9.19,0.1345257461071,62,,919,136,2003,439
USP-S | Jawbreaker (Minimal Wear),641342016871415455,51197302098,10.55,9.19,0.12202107906342,694,,919,136,2003,439
USP-S | Jawbreaker (Minimal Wear),696510501826311822,50943863661,10.58,9.2,0.13296134769917,554,,920,138,2003,439
USP-S | Jawbreaker (Minimal Wear),646970809682973588,50895464037,10.58,9.2,0.14415834844112,336,,920,138,2003,439
USP-S | Jawbreaker (Minimal Wear),624453518126824158,51122471910,10.61,9.23,0.1220510751009,82,,923,138,2003,439
USP-S | Jawbreaker (Minimal Wear),496101493251980591,50854878726,10.61,9.23,0.13730780780315,89,,923,138,2003,439
USP-S | Jawbreaker (Minimal Wear),527626690787532152,40579513769,10.61,9.23,0.10196743905544,71,,923,138,2003,439
USP-S | Jawbreaker (Minimal Wear),520871291120883444,50427187683,10.62,9.24,0.14690610766411,772,,924,138,2003,439
USP-S | Jawbreaker (Minimal Wear),637964317052116457,51167669303,10.63,9.25,0.14081832766533,151,,925,138,2003,439
USP-S | Jawbreaker (Minimal Wear),497227393134540437,45347088019,10.63,9.25,0.11108107864857,611,,925,138,2003,439
USP-S | Jawbreaker (Minimal Wear),498353293068603991,42590415307,10.71,9.32,0.09063962846994,758,,932,139,2003,439
USP-S | Jawbreaker (Minimal Wear),696510501854096766,47521445926,10.75,9.36,0.11520433425903,39,,936,139,2003,439
USP-S | Jawbreaker (Minimal Wear),507359316008084767,51046823028,10.75,9.36,0.11044207215309,856,,936,139,2003,439
USP-S | Jawbreaker (Minimal Wear),491597893771380170,48036676148,10.75,9.36,0.13843016326427,838,,936,139,2003,439
USP-S | Jawbreaker (Minimal Wear),639088876115744960,50317353230,10.76,9.37,0.12878775596619,801,,937,139,2003,439
USP-S | Jawbreaker (Minimal Wear),660479887160255244,42313562425,10.78,9.39,0.12411984801292,902,,939,139,2003,439
USP-S | Jawbreaker (Minimal Wear),653726915731257051,50677702040,10.78,9.39,0.12622411549091,612,,939,139,2003,439
USP-S | Jawbreaker (Minimal Wear),512989991889356411,51183931427,10.81,9.4,0.12375147640705,447,,940,141,2003,439
USP-S | Jawbreaker (Minimal Wear),631208307247775788,50860760328,10.81,9.4,0.14545255899429,490,,940,141,2003,439
USP-S | Jawbreaker (Minimal Wear),743798298800165327,51012524051,10.81,9.4,0.14067995548248,575,,940,141,2003,439
USP-S | Jawbreaker (Minimal Wear),648096075385549058,50675863959,10.81,9.4,0.1139207482338,34,,940,141,2003,439
USP-S | Jawbreaker (Minimal Wear),646970175484579552,50795923288,10.83,9.42,0.14543664455414,353,,942,141,2003,439
USP-S | Jawbreaker (Minimal Wear),626703977159441026,42996573380,10.83,9.42,0.1172571182251,705,,942,141,2003,439
USP-S | Jawbreaker (Minimal Wear),661605787069291414,50529577550,10.83,9.42,0.115897372365,426,,942,141,2003,439
USP-S | Jawbreaker (Minimal Wear),634586007385513985,50430385676,10.83,9.42,0.13653311133385,174,,942,141,2003,439
USP-S | Jawbreaker (Minimal Wear),545639912136561770,51015271965,10.83,9.42,0.12644428014755,732,,942,141,2003,439
USP-S | Jawbreaker (Minimal Wear),646971516269473736,49606678400,10.83,9.42,0.10908611863852,178,,942,141,2003,439
USP-S | Jawbreaker (Minimal Wear),500605092731392283,51125942832,10.83,9.42,0.1260632276535,149,,942,141,2003,439
USP-S | Jawbreaker (Minimal Wear),659356415334677566,50714434904,10.83,9.42,0.12795652449131,639,,942,141,2003,439
USP-S | Jawbreaker (Minimal Wear),639090217013289153,51042088950,10.86,9.45,0.1257392168045,365,,945,141,2003,439
USP-S | Jawbreaker (Minimal Wear),639088876127965520,50769167073,10.87,9.46,0.13818018138409,740,,946,141,2003,439
USP-S | Jawbreaker (Minimal Wear),658229808752781021,50876223039,10.92,9.5,0.14644458889961,653,,950,142,2003,439
USP-S | Jawbreaker (Minimal Wear),642465941850295811,50023468301,10.92,9.5,0.13092908263206,191,,950,142,2003,439
USP-S | Jawbreaker (Minimal Wear),507359316005854207,51035809369,10.93,9.51,0.13016407191753,774,,951,142,2003,439
USP-S | Jawbreaker (Minimal Wear),630081676866919146,47086584766,10.98,9.56,0.11287404596806,48,,956,142,2003,439
USP-S | Jawbreaker (Minimal Wear),622201011738018323,50859006928,10.99,9.57,0.11891417205334,527,,957,142,2003,439
USP-S | Jawbreaker (Minimal Wear),631205040550302245,50371846050,11.0,9.58,0.14889413118362,112,,958,142,2003,439
USP-S | Jawbreaker (Minimal Wear),641340041922107714,46415790050,11.0,9.58,0.13311079144478,441,,958,142,2003,439
USP-S | Jawbreaker (Minimal Wear),641339588728503902,50394598643,11.0,9.58,0.14060647785664,996,,958,142,2003,439
USP-S | Jawbreaker (Minimal Wear),646968273023631077,45324918175,11.0,9.58,0.12190003693104,598,,958,142,2003,439
USP-S | Jawbreaker (Minimal Wear),775323495742901622,48198760623,11.04,9.6,0.11662398278713,794,,960,144,2003,439
USP-S | Jawbreaker (Minimal Wear),598557211239726783,50951319827,11.07,9.63,0.11652040481567,469,,963,144,2003,439
USP-S | Jawbreaker (Minimal Wear),630080589645988900,50072762039,11.08,9.64,0.13486608862877,557,,964,144,2003,439
USP-S | Jawbreaker (Minimal Wear),628953874484703215,50193449786,11.09,9.65,0.14150078594685,553,,965,144,2003,439
USP-S | Jawbreaker (Minimal Wear),641339588740478870,44820923093,11.13,9.69,0.12637859582901,18,,969,144,2003,439
USP-S | Jawbreaker (Minimal Wear),657101372167271913,48299349637,11.13,9.69,0.14483088254929,541,,969,144,2003,439
USP-S | Jawbreaker (Minimal Wear),634583374044857908,50117587596,11.13,9.69,0.12348364293575,313,,969,144,2003,439
USP-S | Jawbreaker (Minimal Wear),651473775103705614,50840155664,11.15,9.7,0.14311277866364,389,,970,145,2003,439
USP-S | Jawbreaker (Minimal Wear),627831217914508988,48972509836,11.16,9.71,0.13322666287422,318,,971,145,2003,439
USP-S | Jawbreaker (Minimal Wear),660482243289711418,50680960858,11.16,9.71,0.11389088630676,771,,971,145,2003,439
USP-S | Jawbreaker (Minimal Wear),529878490348406340,51055692240,11.17,9.72,0.14421471953392,235,,972,145,2003,439
USP-S | Jawbreaker (Minimal Wear),630080589664988944,47642980454,11.18,9.73,0.13650357723236,296,,973,145,2003,439
USP-S | Jawbreaker (Minimal Wear),591801811350982400,50385260819,11.18,9.73,0.12689399719238,247,,973,145,2003,439
USP-S | Jawbreaker (Minimal Wear),634584642509113569,49539573480,11.19,9.74,0.1092491298914,250,,974,145,2003,439
USP-S | Jawbreaker (Minimal Wear),657102640626327850,50684643922,11.19,9.74,0.12229213118553,727,,974,145,2003,439
USP-S | Jawbreaker (Minimal Wear),636833909538019200,49813337078,11.2,9.75,0.14500588178635,39,,975,145,2003,439
USP-S | Jawbreaker (Minimal Wear),507359316010694947,41488712455,11.2,9.75,0.11964891850948,351,,975,145,2003,439
USP-S | Jawbreaker (Minimal Wear),637964317051194533,51149304961,11.2,9.75,0.09841521829367,618,,975,145,2003,439
USP-S | Jawbreaker (Minimal Wear),634583374018566856,42970034371,11.21,9.76,0.13950100541115,627,,976,145,2003,439
USP-S | Jawbreaker (Minimal Wear),523123091053497706,51149401108,11.22,9.77,0.10660439729691,86,,977,145,2003,439
USP-S | Jawbreaker (Minimal Wear),636835173857349416,49999716648,11.22,9.77,0.10663591325283,975,,977,145,2003,439
USP-S | Jawbreaker (Minimal Wear),783200263155393203,48275546152,11.27,9.8,0.13783785700798,488,,980,147,2003,439
USP-S | Jawbreaker (Minimal Wear),640212873562683634,45382817546,11.31,9.84,0.12679156661034,785,,984,147,2003,439
USP-S | Jawbreaker (Minimal Wear),657103274637706680,49575541394,11.32,9.85,0.10917682945728,221,,985,147,2003,439
USP-S | Jawbreaker (Minimal Wear),650347241183800690,50576775107,11.33,9.86,0.12618546187878,863,,986,147,2003,439
USP-S | Jawbreaker (Minimal Wear),645843188348220935,48508693030,11.33,9.86,0.12370082736015,420,,986,147,2003,439
USP-S | Jawbreaker (Minimal Wear),556898911200581965,49868100328,11.34,9.87,0.1075581535697,813,,987,147,2003,439
USP-S | Jawbreaker (Minimal Wear),661606874273292699,47725866843,11.36,9.89,0.1439728140831,624,,989,147,2003,439
USP-S | Jawbreaker (Minimal Wear),529878490341654540,51070674522,11.36,9.89,0.09081166237593,235,,989,147,2003,439
USP-S | Jawbreaker (Minimal Wear),623324374992453063,50034705656,11.38,9.9,0.14980159699917,34,,990,148,2003,439
USP-S | Jawbreaker (Minimal Wear),639087788915827854,50019733263,11.4,9.92,0.12637121975422,821,,992,148,2003,439
USP-S | Jawbreaker (Minimal Wear),635711176420373813,50835945693,11.41,9.93,0.12002640962601,330,,993,148,2003,439
USP-S | Jawbreaker (Minimal Wear),653724940905971677,50661056126,11.44,9.96,0.14390501379967,24,,996,148,2003,439
USP-S | Jawbreaker (Minimal Wear),653724940905973009,50661060576,11.44,9.96,0.14681857824326,259,,996,148,2003,439
USP-S | Jawbreaker (Minimal Wear),652599040994895816,50443633843,11.44,9.96,0.14657407999039,324,,996,148,2003,439
USP-S | Jawbreaker (Minimal Wear),784326237985308163,48433347500,11.44,9.96,0.14647135138512,444,,996,148,2003,439
USP-S | Jawbreaker (Minimal Wear),634585910710019513,50521365709,11.46,9.98,0.1417224407196,592,,998,148,2003,439
USP-S | Jawbreaker (Minimal Wear),654850840810574705,50672908046,11.46,9.98,0.13591611385345,300,,998,148,2003,439
USP-S | Jawbreaker (Minimal Wear),627829243055939615,43008491772,11.46,9.98,0.12737199664116,669,,998,148,2003,439
USP-S | Jawbreaker (Minimal Wear),512989991898387875,48758107539,11.5,10.0,0.12287853658199,386,,1000,150,2003,439
USP-S | Jawbreaker (Minimal Wear),649221975277949701,48713748736,11.5,10.0,0.11566272377968,790,,1000,150,2003,439
USP-S | Jawbreaker (Minimal Wear),510738192156147298,43634992523,11.5,10.0,0.10870742797852,250,,1000,150,2003,439
USP-S | Jawbreaker (Minimal Wear),525374890922866123,49986238490,11.5,10.0,0.10588763654232,804,,1000,150,2003,439
USP-S | Jawbreaker (Minimal Wear),639088876143063524,50876088928,11.5,10.0,0.10919006168842,300,,1000,150,2003,439
USP-S | Jawbreaker (Minimal Wear),654851474810069194,49588423236,11.5,10.0,0.10119421780109,190,,1000,150,2003,439
USP-S | Jawbreaker (Minimal Wear),657104615543626896,50554961771,11.5,10.0,0.11562870442867,419,,1000,150,2003,439
USP-S | Jawbreaker (Minimal Wear),630080589667852204,50481552500,11.5,10.0,0.13539724051952,742,,1000,150,2003,439
USP-S | Jawbreaker (Minimal Wear),630081042855353836,49341007314,11.5,10.0,0.13241419196129,765,,1000,150,2003,439
USP-S | Jawbreaker (Minimal Wear),641340041930588126,50219335773,11.5,10.0,0.12845326960087,896,,1000,150,2003,439
USP-S | Jawbreaker (Minimal Wear),655976740723255472,49769299098,11.5,10.0,0.14162842929363,91,,1000,150,2003,439
USP-S | Jawbreaker (Minimal Wear),652599674998896938,50720423993,11.55,10.05,0.14741766452789,447,,1005,150,2003,439
MAC-10 | Disco Tech (Minimal Wear),526500790818809921,50990584872,10.48,9.12,0.12277123332024,823,,912,136,2003,94
MAC-10 | Disco Tech (Minimal Wear),501730992850180889,50438729772,10.5,9.14,0.11813699454069,792,,914,136,2003,94
MAC-10 | Disco Tech (Minimal Wear),529878490351332960,45809356866,10.6,9.22,0.13965940475464,567,,922,138,2003,94
MAC-10 | Disco Tech (Minimal Wear),653726915750414235,51137238918,10.73,9.34,0.14609149098396,494,,934,139,2003,94
MAC-10 | Disco Tech (Minimal Wear),526500790806098033,50463656145,10.83,9.42,0.13785375654697,645,,942,141,2003,94
MAC-10 | Disco Tech (Minimal Wear),653726915750408439,51079565893,10.85,9.44,0.14979717135429,430,,944,141,2003,94
MAC-10 | Disco Tech (Minimal Wear),519745391321119712,51259374093,10.85,9.44,0.13946405053139,642,,944,141,2003,94
MAC-10 | Disco Tech (Minimal Wear),520871291130524604,51274514664,10.85,9.44,0.12936398386955,595,,944,141,2003,94
MAC-10 | Disco Tech (Minimal Wear),520871291130535224,51270747035,10.85,9.44,0.11430360376835,770,,944,141,2003,94
MAC-10 | Disco Tech (Minimal Wear),523123091059960246,50538344688,11.16,9.71,0.13847456872463,800,,971,145,2003,94
MAC-10 | Disco Tech (Minimal Wear),751679596847119631,28303340657,11.38,9.9,0.13335300981998,90,,990,148,2003,94
MAC-10 | Disco Tech (Minimal Wear),624452177321957764,47395345364,11.46,9.98,0.13115461170673,818,,998,148,2003,94
MAC-10 | Disco Tech (Minimal Wear),525374890921293823,50956451473,11.5,10.0,0.11421205103397,218,,1000,150,2003,94
MAC-10 | Disco Tech (Minimal Wear),649222707052511296,49058060744,11.51,10.01,0.1478158980608,72,,1001,150,2003,94
MAC-10 | Disco Tech (Minimal Wear),633460717432932853,51098827446,11.81,10.28,0.13256599009037,9,,1028,153,2003,94
MAC-10 | Disco Tech (Minimal Wear),643593744686024845,30180047046,11.81,10.28,0.12494131177664,151,,1028,153,2003,94
MAC-10 | Disco Tech (Minimal Wear),662733504200023138,48101830167,11.89,10.35,0.13278296589851,394,,1035,154,2003,94
MAC-10 | Disco Tech (Minimal Wear),507360492260667865,46152737021,12.0,10.44,0.11513070762157,729,,1044,156,2003,94
MAC-10 | Disco Tech (Minimal Wear),654851474813578546,45944077698,12.14,10.57,0.1458128541708,57,,1057,157,2003,94
MAC-10 | Disco Tech (Minimal Wear),545639912138157002,24810048094,12.31,10.71,0.10696464031935,628,,1071,160,2003,94
MAC-10 | Disco Tech (Minimal Wear),631207576763897649,25408388410,12.31,10.71,0.12650245428085,408,,1071,160,2003,94
MAC-10 | Disco Tech (Minimal Wear),631208917654962050,50907660558,12.33,10.73,0.13909864425659,147,,1073,160,2003,94
MAC-10 | Disco Tech (Minimal Wear),653722408147437183,49384168440,12.47,10.85,0.14248725771904,512,,1085,162,2003,94
MAC-10 | Disco Tech (Minimal Wear),644715208866951747,18613653206,12.47,10.85,0.14223092794418,168,,1085,162,2003,94
MAC-10 | Disco Tech (Minimal Wear),696510501840911946,51017248538,12.61,10.98,0.14565512537956,853,,1098,163,2003,94
MAC-10 | Disco Tech (Minimal Wear),669488905367342175,29423899831,12.72,11.07,0.14776596426964,796,,1107,165,2003,94
MAC-10 | Disco Tech (Minimal Wear),653726915730925491,51225161722,12.8,11.14,0.1460242420435,746,,1114,166,2003,94
MAC-10 | Disco Tech (Minimal Wear),633458742600024704,36981049840,12.8,11.14,0.1077619343996,428,,1114,166,2003,94
MAC-10 | Disco Tech (Minimal Wear),624451090142410446,50462388300,12.8,11.14,0.14370629191399,379,,1114,166,2003,94
MAC-10 | Disco Tech (Minimal Wear),771940629919725437,45873514030,12.82,11.16,0.14794605970383,253,,1116,166,2003,94
MAC-10 | Disco Tech (Minimal Wear),559150711011668028,48645350720,12.84,11.18,0.14534711837769,149,,1118,166,2003,94
MAC-10 | Disco Tech (Minimal Wear),650349216065422809,51156294047,12.89,11.21,0.12683539092541,362,,1121,168,2003,94
MAC-10 | Disco Tech (Minimal Wear),791081637557824558,43478797325,12.95,11.27,0.114875882864,676,,1127,168,2003,94
MAC-10 | Disco Tech (Minimal Wear),622200377516517462,50998350519,13.0,11.31,0.13110220432281,41,,1131,169,2003,94
MAC-10 | Disco Tech (Minimal Wear),751679596828090895,50961069890,13.08,11.39,0.10346102714539,177,,1139,169,2003,94
MAC-10 | Disco Tech (Minimal Wear),807967531193638825,48147281376,13.11,11.4,0.14487917721272,526,,1140,171,2003,94
MAC-10 | Disco Tech (Minimal Wear),798962936712742402,49543616429,13.14,11.43,0.135110065341,878,,1143,171,2003,94
MAC-10 | Disco Tech (Minimal Wear),798962936712742690,49516706390,13.14,11.43,0.12679229676723,506,,1143,171,2003,94
MAC-10 | Disco Tech (Minimal Wear),642467916648430733,49279238643,13.35,11.61,0.1377834379673,733,,1161,174,2003,94
MAC-10 | Disco Tech (Minimal Wear),505108692493108088,51429080587,13.45,11.7,0.14115905761719,475,,1170,175,2003,94
MAC-10 | Disco Tech (Minimal Wear),545639912131048982,49667400134,13.5,11.75,0.14395010471344,181,,1175,175,2003,94
MAC-10 | Disco Tech (Minimal Wear),660478438116005111,37828248669,13.52,11.77,0.13832470774651,634,,1177,175,2003,94
MAC-10 | Disco Tech (Minimal Wear),627828789845722379,49639227686,13.71,11.93,0.10527318716049,487,,1193,178,2003,94
MAC-10 | Disco Tech (Minimal Wear),648097416165314588,29966893990,13.77,11.99,0.12232886254787,859,,1199,178,2003,94
MAC-10 | Disco Tech (Minimal Wear),644715839403384192,49464120066,14.32,12.46,0.13994455337524,6,,1246,186,2003,94
MAC-10 | Disco Tech (Minimal Wear),788829128539798955,49058953301,14.33,12.47,0.10252231359482,738,,1247,186,2003,94
MAC-10 | Disco Tech (Minimal Wear),748286671335428397,47326924899,14.56,12.67,0.14120118319988,104,,1267,189,2003,94
MAC-10 | Disco Tech (Minimal Wear),649220072801086814,50042951987,14.56,12.67,0.1099491789937,548,,1267,189,2003,94
MAC-10 | Disco Tech (Minimal Wear),643590695768377860,43309713700,14.81,12.89,0.12169305980206,345,,1289,192,2003,94
MAC-10 | Disco Tech (Minimal Wear),800086502565934613,20712889238,14.95,13.0,0.14885093271732,308,,1300,195,2003,94
MAC-10 | Disco Tech (Minimal Wear),800088836612106452,49805094764,14.95,13.0,0.12857228517532,563,,1300,195,2003,94
MAC-10 | Disco Tech (Minimal Wear),646971516256473344,42602797035,14.97,13.02,0.13046026229858,655,,1302,195,2003,94
MAC-10 | Disco Tech (Minimal Wear),645845616428402217,29417375675,15.0,13.05,0.11197590082884,469,,1305,195,2003,94
MAC-10 | Disco Tech (Minimal Wear),751679596828091579,50965395596,15.58,13.56,0.09764768928289,484,,1356,202,2003,94
MAC-10 | Disco Tech (Minimal Wear),636838417166125684,49589748810,16.1,14.0,0.09507619589567,479,,1400,210,2003,94
MAC-10 | Disco Tech (Minimal Wear),741535625232787021,47565646141,16.1,14.0,0.14630845189095,618,,1400,210,2003,94
MAC-10 | Disco Tech (Minimal Wear),658230443473170866,35348458154,16.19,14.09,0.1365312486887,853,,1409,210,2003,94
MAC-10 | Disco Tech (Minimal Wear),764053623377888760,48227741645,16.34,14.21,0.14774526655674,646,,1421,213,2003,94
MAC-10 | Disco Tech (Minimal Wear),782063670447433581,34564933401,16.99,14.79,0.11072098463774,820,,1479,220,2003,94
MAC-10 | Disco Tech (Minimal Wear),643591841735805829,35978055822,17.33,15.08,0.12589445710182,162,,1508,225,2003,94
MAC-10 | Disco Tech (Minimal Wear),626705318040725615,51058483918,17.55,15.27,0.1085888594389,271,,1527,228,2003,94
MAC-10 | Disco Tech (Minimal Wear),628957117780052401,43702293276,18.3,15.92,0.13097135722637,392,,1592,238,2003,94
MAC-10 | Disco Tech (Minimal Wear),628954689751793359,47330179603,18.36,15.98,0.09600259363651,250,,1598,238,2003,94
MAC-10 | Disco Tech (Minimal Wear),792205189713505068,41918506613,18.4,16.0,0.14486226439476,905,,1600,240,2003,94
MAC-10 | Disco Tech (Minimal Wear),643592475752221655,44384055916,19.1,16.61,0.14231505990028,388,,1661,249,2003,94
MAC-10 | Disco Tech (Minimal Wear),623327618330984942,49878018378,19.69,17.13,0.13670732080936,884,,1713,256,2003,94
MAC-10 | Disco Tech (Minimal Wear),630083017720866474,50734437980,19.69,17.13,0.13152298331261,302,,1713,256,2003,94
MAC-10 | Disco Tech (Minimal Wear),640212873571187986,27323699943,19.98,17.39,0.12617945671082,199,,1739,259,2003,94
MAC-10 | Disco Tech (Minimal Wear),642464673382046450,39312091358,20.27,17.63,0.10405372083187,900,,1763,264,2003,94
MAC-10 | Disco Tech (Minimal Wear),758423490008248138,47450543516,21.01,18.28,0.13902440667152,485,,1828,273,2003,94
MAC-10 | Disco Tech (Minimal Wear),649223316100673728,42108083054,21.12,18.38,0.13124746084213,512,,1838,274,2003,94
MAC-10 | Disco Tech (Minimal Wear),771939995798939994,30453029953,21.51,18.71,0.10803452134132,23,,1871,280,2003,94
MAC-10 | Disco Tech (Minimal Wear),648093539131559394,50307791007,22.84,19.87,0.13854409754276,518,,1987,297,2003,94
MAC-10 | Disco Tech (Minimal Wear),657102640636334338,32105463230,23.0,20.0,0.12722223997116,785,,2000,300,2003,94
MAC-10 | Disco Tech (Minimal Wear),744915327432549201,18819420808,23.48,20.42,0.12230118364096,402,,2042,306,2003,94
MAC-10 | Disco Tech (Minimal Wear),811346677271120691,49481043153,24.62,21.41,0.10071774572134,201,,2141,321,2003,94
MAC-10 | Disco Tech (Minimal Wear),730274723233038132,44110636692,24.88,21.64,0.08534479886293,997,,2164,324,2003,94
MAC-10 | Disco Tech (Minimal Wear),759550023758471783,33494436664,24.89,21.65,0.10597144067287,742,,2165,324,2003,94
MAC-10 | Disco Tech (Minimal Wear),753920524230320966,27832645921,24.93,21.69,0.14999942481518,155,,2169,324,2003,94
MAC-10 | Disco Tech (Minimal Wear),796709793739768410,44479214218,24.93,21.69,0.08051275461912,938,,2169,324,2003,94
MAC-10 | Disco Tech (Minimal Wear),765182059781812728,20057010915,25.0,21.75,0.14398343861103,590,,2175,325,2003,94
MAC-10 | Disco Tech (Minimal Wear),759549014310708806,47706962521,25.68,22.34,0.10950522869825,575,,2234,334,2003,94
MAC-10 | Disco Tech (Minimal Wear),512989991895398147,49131185184,26.27,22.85,0.13302062451839,209,,2285,342,2003,94
MAC-10 | Disco Tech (Minimal Wear),742661525149005399,48566373916,28.0,24.36,0.11069982498884,103,,2436,364,2003,94
MAC-10 | Disco Tech (Minimal Wear),628952610206289418,28994389256,29.53,25.69,0.11688037216663,641,,2569,384,2003,94
MAC-10 | Disco Tech (Minimal Wear),766307959691525306,22161593593,29.84,25.96,0.14978843927383,188,,2596,388,2003,94
MAC-10 | Disco Tech (Minimal Wear),770813548371562737,45614643043,30.2,26.27,0.10463816672564,798,,2627,393,2003,94
MAC-10 | Disco Tech (Minimal Wear),739283825434989639,46516278332,31.51,27.4,0.10180087387562,727,,2740,411,2003,94
MAC-10 | Disco Tech (Minimal Wear),801213393368031217,30474887596,31.9,27.75,0.14637497067451,271,,2775,415,2003,94
MAC-10 | Disco Tech (Minimal Wear),800086502558462957,46507533316,34.33,29.86,0.14736714959145,443,,2986,447,2003,94
MAC-10 | Disco Tech (Minimal Wear),651470608316751741,50110093029,39.4,34.27,0.13369734585285,47,,3427,513,2003,94
MAC-10 | Disco Tech (Minimal Wear),634585276498352566,42717472389,48.31,42.01,0.09379506856203,288,,4201,630,2003,94
MAC-10 | Disco Tech (Minimal Wear),641342016845565835,26398259256,115.0,100.0,0.09157445281744,324,,10000,1500,2003,94
MAC-10 | Disco Tech (Minimal Wear),760675923620896650,25340379990,140.42,122.11,0.11384478211403,904,,12211,1831,2003,94
UMP-45 | Neo-Noir (Field-Tested),512989991899611587,44585411119,6.75,5.88,0.28764408826828,450,,588,87,2003,100
UMP-45 | Neo-Noir (Field-Tested),498353293072225339,51034782636,6.76,5.89,0.33950418233871,383,,589,87,2003,100
UMP-45 | Neo-Noir (Field-Tested),528752590500014913,49312722002,6.83,5.95,0.30192142724991,973,,595,88,2003,100
UMP-45 | Neo-Noir (Field-Tested),527626690796743724,50766015360,6.93,6.03,0.30980569124222,259,,603,90,2003,100
UMP-45 | Neo-Noir (Field-Tested),669488905349890995,51109996599,7.04,6.13,0.30345317721367,659,,613,91,2003,100
UMP-45 | Neo-Noir (Field-Tested),492723793444738653,51154856811,7.39,6.43,0.37862056493759,972,,643,96,2003,100
UMP-45 | Neo-Noir (Field-Tested),503981618203789893,50619321563,7.4,6.44,0.32565596699715,493,,644,96,2003,100
UMP-45 | Neo-Noir (Field-Tested),639090217032215685,50055300255,7.5,6.53,0.34226948022842,135,,653,97,2003,100
UMP-45 | Neo-Noir (Field-Tested),630082311084048337,50810778557,7.53,6.56,0.31443333625793,261,,656,97,2003,100
UMP-45 | Neo-Noir (Field-Tested),591801811346104328,50823699083,7.54,6.57,0.31780689954758,102,,657,97,2003,100
UMP-45 | Neo-Noir (Field-Tested),490471993845472599,40052298685,7.67,6.68,0.32532289624214,335,,668,99,2003,100
UMP-45 | Neo-Noir (Field-Tested),640216116830012183,50011959677,7.71,6.71,0.37965488433838,967,,671,100,2003,100
UMP-45 | Neo-Noir (Field-Tested),503982792714036163,51320530848,7.71,6.71,0.28422367572784,252,,671,100,2003,100
UMP-45 | Neo-Noir (Field-Tested),651473775120466710,49522433864,7.82,6.8,0.37924784421921,379,,680,102,2003,100
UMP-45 | Neo-Noir (Field-Tested),660480974350812072,50824851792,7.87,6.85,0.31739646196365,997,,685,102,2003,100
UMP-45 | Neo-Noir (Field-Tested),642466575832710972,50469515391,7.87,6.85,0.30772513151169,396,,685,102,2003,100
UMP-45 | Neo-Noir (Field-Tested),659355074463529037,45140319745,7.87,6.85,0.34200033545494,256,,685,102,2003,100
UMP-45 | Neo-Noir (Field-Tested),529878490346032068,47912488916,7.88,6.86,0.28182855248451,73,,686,102,2003,100
UMP-45 | Neo-Noir (Field-Tested),644715208877806827,50140018658,7.96,6.93,0.34450721740723,949,,693,103,2003,100
UMP-45 | Neo-Noir (Field-Tested),661606240269031750,46360216096,7.97,6.94,0.36122417449951,939,,694,103,2003,100
UMP-45 | Neo-Noir (Field-Tested),641337509163284008,44575338565,7.97,6.94,0.36419636011124,358,,694,103,2003,100
UMP-45 | Neo-Noir (Field-Tested),660479887142334156,50677869409,8.0,6.97,0.37020725011826,474,,697,103,2003,100
UMP-45 | Neo-Noir (Field-Tested),646969088273754867,42278324775,8.0,6.97,0.34455174207687,451,,697,103,2003,100
UMP-45 | Neo-Noir (Field-Tested),516367691466158858,51247727405,8.05,7.0,0.3295037150383,78,,700,105,2003,100
UMP-45 | Neo-Noir (Field-Tested),651473141101614387,48753198546,8.05,7.0,0.33006235957146,732,,700,105,2003,100
UMP-45 | Neo-Noir (Field-Tested),635709273939345607,50219877316,8.05,7.0,0.32125777006149,134,,700,105,2003,100
UMP-45 | Neo-Noir (Field-Tested),625577443252961534,50046868111,8.11,7.06,0.3288382589817,91,,706,105,2003,100
UMP-45 | Neo-Noir (Field-Tested),637962976206483571,48468957458,8.12,7.07,0.32331627607346,26,,707,105,2003,100
UMP-45 | Neo-Noir (Field-Tested),661608143183731924,51001983979,8.13,7.08,0.35753089189529,905,,708,105,2003,100
UMP-45 | Neo-Noir (Field-Tested),503981618182506765,43046312755,8.16,7.1,0.27816164493561,86,,710,106,2003,100
UMP-45 | Neo-Noir (Field-Tested),503981618197759641,50986427293,8.25,7.19,0.30691340565681,870,,719,106,2003,100
UMP-45 | Neo-Noir (Field-Tested),503981618197752621,50986427277,8.25,7.19,0.3165767788887,668,,719,106,2003,100
UMP-45 | Neo-Noir (Field-Tested),624449010556892232,43999091629,8.28,7.2,0.36512064933777,890,,720,108,2003,100
UMP-45 | Neo-Noir (Field-Tested),658230515414689478,51002418432,8.39,7.3,0.36728227138519,347,,730,109,2003,100
UMP-45 | Neo-Noir (Field-Tested),642466575832538208,50820575658,8.56,7.45,0.30878967046738,532,,745,111,2003,100
UMP-45 | Neo-Noir (Field-Tested),627827974597083123,40378608409,8.56,7.45,0.36635997891426,366,,745,111,2003,100
UMP-45 | Neo-Noir (Field-Tested),636836442308947077,48363759861,8.6,7.49,0.26424676179886,629,,749,111,2003,100
UMP-45 | Neo-Noir (Field-Tested),646968272999982353,49776884093,8.6,7.49,0.34258705377579,791,,749,111,2003,100
UMP-45 | Neo-Noir (Field-Tested),654849572342630581,47691652994,8.6,7.49,0.29898118972778,830,,749,111,2003,100
UMP-45 | Neo-Noir (Field-Tested),787703937845857514,45738563642,8.64,7.52,0.31701949238777,655,,752,112,2003,100
UMP-45 | Neo-Noir (Field-Tested),641340675934081895,50697477660,8.74,7.6,0.27948924899101,451,,760,114,2003,100
UMP-45 | Neo-Noir (Field-Tested),646970905939740142,50356370297,8.74,7.6,0.3519506752491,266,,760,114,2003,100
UMP-45 | Neo-Noir (Field-Tested),775317148096601651,44564954851,8.79,7.65,0.36401957273483,283,,765,114,2003,100
UMP-45 | Neo-Noir (Field-Tested),654852815725808899,51132156371,8.86,7.71,0.27353438735008,719,,771,115,2003,100
UMP-45 | Neo-Noir (Field-Tested),742661525072062023,47292724609,8.86,7.71,0.36534947156906,536,,771,115,2003,100
UMP-45 | Neo-Noir (Field-Tested),756174860541179767,44878428872,8.86,7.71,0.34630572795868,893,,771,115,2003,100
UMP-45 | Neo-Noir (Field-Tested),807969426956317218,43306225716,8.86,7.71,0.35218021273613,706,,771,115,2003,100
UMP-45 | Neo-Noir (Field-Tested),795585237058299282,47344655268,8.91,7.76,0.32112655043602,120,,776,115,2003,100
UMP-45 | Neo-Noir (Field-Tested),628956411180120859,50735644487,8.97,7.8,0.35467123985291,255,,780,117,2003,100
UMP-45 | Neo-Noir (Field-Tested),784324347304915331,49228857806,8.97,7.8,0.29433146119118,594,,780,117,2003,100
UMP-45 | Neo-Noir (Field-Tested),796710427890801672,49647862424,9.06,7.89,0.35405743122101,492,,789,117,2003,100
UMP-45 | Neo-Noir (Field-Tested),780947829196938216,43223474435,9.2,8.0,0.30827724933624,294,,800,120,2003,100
UMP-45 | Neo-Noir (Field-Tested),744916495298195637,47395740193,9.2,8.0,0.36795592308044,527,,800,120,2003,100
UMP-45 | Neo-Noir (Field-Tested),648096075369505766,46264520133,9.2,8.0,0.25517243146896,679,,800,120,2003,100
UMP-45 | Neo-Noir (Field-Tested),732528425927922139,48068136345,9.54,8.3,0.34660774469376,991,,830,124,2003,100
UMP-45 | Neo-Noir (Field-Tested),746039224842669693,47680911389,9.56,8.32,0.32807514071465,209,,832,124,2003,100
UMP-45 | Neo-Noir (Field-Tested),752797794623687847,47685032091,9.72,8.46,0.36182075738907,774,,846,126,2003,100
UMP-45 | Neo-Noir (Field-Tested),807968245453572327,49309999795,9.72,8.46,0.37178578972816,111,,846,126,2003,100
UMP-45 | Neo-Noir (Field-Tested),515241791625935797,45857357026,9.84,8.57,0.27583149075508,968,,857,127,2003,100
UMP-45 | Neo-Noir (Field-Tested),784325528898003499,41223656014,9.84,8.57,0.36205017566681,321,,857,127,2003,100
UMP-45 | Neo-Noir (Field-Tested),632334817634089547,51197607815,9.84,8.57,0.37990474700928,845,,857,127,2003,100
UMP-45 | Neo-Noir (Field-Tested),569268588041111708,46918287570,9.84,8.57,0.36924231052399,913,,857,127,2003,100
UMP-45 | Neo-Noir (Field-Tested),660481608570932855,50920101564,9.84,8.57,0.37724846601486,721,,857,127,2003,100
UMP-45 | Neo-Noir (Field-Tested),625578077236704115,50707732565,10.0,8.7,0.35767018795013,672,,870,130,2003,100
UMP-45 | Neo-Noir (Field-Tested),660478438116066059,45345253223,10.0,8.7,0.27895626425743,744,,870,130,2003,100
UMP-45 | Neo-Noir (Field-Tested),710006633883314758,43203038329,10.0,8.7,0.31273925304413,294,,870,130,2003,100
UMP-45 | Neo-Noir (Field-Tested),645845616421111281,51125988966,10.43,9.08,0.33814918994904,963,,908,135,2003,100
UMP-45 | Neo-Noir (Field-Tested),743789427379754793,48375627478,10.78,9.39,0.30006349086761,205,,939,139,2003,100
UMP-45 | Neo-Noir (Field-Tested),661604338016800594,50128855819,10.81,9.4,0.35053199529648,284,,940,141,2003,100
UMP-45 | Neo-Noir (Field-Tested),650349144125808165,45587822942,11.07,9.63,0.21774058043957,178,,963,144,2003,100
UMP-45 | Neo-Noir (Field-Tested),751671894729997003,46220892141,11.21,9.76,0.37877368927002,757,,976,145,2003,100
UMP-45 | Neo-Noir (Field-Tested),739282557358081145,46879042714,11.42,9.94,0.34328705072403,474,,994,148,2003,100
UMP-45 | Neo-Noir (Field-Tested),759550023792015791,48528564305,11.5,10.0,0.35933691263199,947,,1000,150,2003,100
UMP-45 | Neo-Noir (Field-Tested),769687648496410929,44215495117,11.5,10.0,0.37477689981461,300,,1000,150,2003,100
UMP-45 | Neo-Noir (Field-Tested),712258433633832731,42696457494,11.5,10.0,0.36240372061729,494,,1000,150,2003,100
UMP-45 | Neo-Noir (Field-Tested),706628934125097721,45117394335,11.74,10.21,0.37263560295105,15,,1021,153,2003,100
UMP-45 | Neo-Noir (Field-Tested),635696682808121117,41089411494,12.0,10.44,0.34854599833488,345,,1044,156,2003,100
UMP-45 | Neo-Noir (Field-Tested),716761474763486376,46992413190,12.24,10.65,0.29085102677345,564,,1065,159,2003,100
UMP-45 | Neo-Noir (Field-Tested),728021655171453471,43703333000,12.55,10.92,0.27634987235069,525,,1092,163,2003,100
UMP-45 | Neo-Noir (Field-Tested),805708841361783461,46959686537,12.55,10.92,0.30974167585373,748,,1092,163,2003,100
UMP-45 | Neo-Noir (Field-Tested),646969541474853267,50619802749,12.62,10.99,0.22397443652153,263,,1099,163,2003,100
UMP-45 | Neo-Noir (Field-Tested),660480340335279132,50766864908,12.85,11.19,0.20497596263885,327,,1119,166,2003,100
UMP-45 | Neo-Noir (Field-Tested),506234592333435708,50125670353,13.71,11.93,0.29544013738632,198,,1193,178,2003,100
UMP-45 | Neo-Noir (Field-Tested),732530428371726192,47683220070,14.77,12.85,0.25857415795326,436,,1285,192,2003,100
UMP-45 | Neo-Noir (Field-Tested),726898292627450343,45595655744,14.95,13.0,0.36520087718964,908,,1300,195,2003,100
UMP-45 | Neo-Noir (Field-Tested),514115891819741658,51253846546,15.0,13.05,0.26986309885979,462,,1305,195,2003,100
UMP-45 | Neo-Noir (Field-Tested),784324347316070147,40876694001,15.0,13.05,0.25320395827293,125,,1305,195,2003,100
UMP-45 | Neo-Noir (Field-Tested),738154131437292313,44120529419,15.01,13.06,0.34839648008347,170,,1306,195,2003,100
UMP-45 | Neo-Noir (Field-Tested),756175494346461619,39952649077,15.26,13.28,0.20532564818859,111,,1328,198,2003,100
UMP-45 | Neo-Noir (Field-Tested),733654325857449990,48567213853,15.31,13.32,0.32181319594383,218,,1332,199,2003,100
UMP-45 | Neo-Noir (Field-Tested),633458742586719896,44961902844,17.25,15.0,0.24031181633472,308,,1500,225,2003,100
UMP-45 | Neo-Noir (Field-Tested),723518055550236794,47818027975,17.59,15.3,0.32068440318108,438,,1530,229,2003,100
UMP-45 | Neo-Noir (Field-Tested),794458628079515533,47849402556,17.99,15.65,0.26954060792923,546,,1565,234,2003,100
UMP-45 | Neo-Noir (Field-Tested),788829128547495647,44445037272,18.4,16.0,0.33351188898087,7,,1600,240,2003,100
UMP-45 | Neo-Noir (Field-Tested),786577328730291719,45404215216,18.7,16.27,0.26760622859001,755,,1627,243,2003,100
UMP-45 | Neo-Noir (Field-Tested),723518055550237298,47818024729,18.83,16.39,0.27722844481468,954,,1639,244,2003,100
UMP-45 | Neo-Noir (Field-Tested),746039224895878881,46164979161,18.9,16.44,0.3193661570549,780,,1644,246,2003,100
UMP-45 | Neo-Noir (Field-Tested),625575540985119584,41867849444,19.67,17.11,0.35780566930771,81,,1711,256,2003,100
UMP-45 | Neo-Noir (Field-Tested),752797794628134603,42127893220,23.0,20.0,0.21227011084557,800,,2000,300,2003,100
UMP-45 | Neo-Noir (Field-Tested),631207576786905069,48083384154,68.51,59.59,0.36174887418747,425,,5959,892,2003,100
AWP | Sun in Leo (Field-Tested),516367691468836934,51020708212,28.12,24.46,0.20983804762363,226,,2446,366,2003,115
AWP | Sun in Leo (Field-Tested),505108692494404916,51273646704,28.25,24.58,0.17782384157181,520,,2458,367,2003,115
AWP | Sun in Leo (Field-Tested),512989991897738795,51267383141,28.25,24.58,0.16070573031902,906,,2458,367,2003,115
AWP | Sun in Leo (Field-Tested),654852815725883815,50927710759,28.67,24.94,0.2873643040657,560,,2494,373,2003,115
AWP | Sun in Leo (Field-Tested),572661512501237005,6903323047,28.75,25.0,0.34580510854721,335,,2500,375,2003,115
AWP | Sun in Leo (Field-Tested),655974838467746084,18704829869,28.75,25.0,0.23514071106911,643,,2500,375,2003,115
AWP | Sun in Leo (Field-Tested),572661512518805473,2951162313,28.75,25.0,0.23889909684658,483,,2500,375,2003,115
AWP | Sun in Leo (Field-Tested),490471993855012167,48475743356,28.86,25.1,0.23440957069397,693,,2510,376,2003,115
AWP | Sun in Leo (Field-Tested),669488905352817759,29403007540,28.99,25.21,0.18430557847023,698,,2521,378,2003,115
AWP | Sun in Leo (Field-Tested),659354440453589498,15257774479,29.0,25.22,0.18570840358734,931,,2522,378,2003,115
AWP | Sun in Leo (Field-Tested),795584527993139550,49888718466,29.0,25.22,0.3572233915329,76,,2522,378,2003,115
AWP | Sun in Leo (Field-Tested),807969426943667790,6797138359,29.0,25.22,0.22051438689232,715,,2522,378,2003,115
AWP | Sun in Leo (Field-Tested),494975741569538022,51185413659,29.52,25.68,0.20377595722675,173,,2568,384,2003,115
AWP | Sun in Leo (Field-Tested),639088242117816030,44344413445,29.6,25.75,0.21140941977501,329,,2575,385,2003,115
AWP | Sun in Leo (Field-Tested),766304155111521534,46351898503,29.63,25.78,0.30536535382271,365,,2578,385,2003,115
AWP | Sun in Leo (Field-Tested),631208917637846318,47887316933,29.69,25.82,0.21034306287766,579,,2582,387,2003,115
AWP | Sun in Leo (Field-Tested),660477807582843751,5500459094,29.9,26.0,0.20625875890255,588,,2600,390,2003,115
AWP | Sun in Leo (Field-Tested),657100738402032028,6299065776,29.97,26.07,0.1974583119154,834,,2607,390,2003,115
AWP | Sun in Leo (Field-Tested),650344708447828673,50215856483,29.97,26.07,0.21583572030067,124,,2607,390,2003,115
AWP | Sun in Leo (Field-Tested),636835173846772688,5180011531,29.99,26.09,0.18773911893368,869,,2609,390,2003,115
AWP | Sun in Leo (Field-Tested),633460717414958989,51047917453,30.44,26.48,0.16739365458488,595,,2648,396,2003,115
AWP | Sun in Leo (Field-Tested),650345972726126998,44846693034,30.5,26.53,0.20943880081177,618,,2653,397,2003,115
AWP | Sun in Leo (Field-Tested),733654325851657194,15347599454,30.51,26.54,0.20686559379101,760,,2654,397,2003,115
AWP | Sun in Leo (Field-Tested),499479193098683329,47739852845,30.54,26.57,0.20161834359169,648,,2657,397,2003,115
AWP | Sun in Leo (Field-Tested),642467210054410996,12568739743,31.0,26.97,0.18110981583595,923,,2697,403,2003,115
AWP | Sun in Leo (Field-Tested),635711176410481985,12927989340,31.37,27.29,0.30472952127457,847,,2729,408,2003,115
AWP | Sun in Leo (Field-Tested),506234592336012012,16612912438,32.0,27.83,0.17662239074707,253,,2783,417,2003,115
AWP | Sun in Leo (Field-Tested),635710089199126657,50407272832,32.16,27.98,0.20347453653812,623,,2798,418,2003,115
AWP | Sun in Leo (Field-Tested),747165124724742988,8497580506,32.2,28.0,0.21885710954666,476,,2800,420,2003,115
AWP | Sun in Leo (Field-Tested),775316704447938578,8883587846,32.26,28.06,0.22424712777138,403,,2806,420,2003,115
AWP | Sun in Leo (Field-Tested),747162595070619966,9442206952,32.38,28.17,0.1961423009634,19,,2817,421,2003,115
AWP | Sun in Leo (Field-Tested),636833909554905756,49063373390,32.39,28.18,0.22349256277084,726,,2818,421,2003,115
AWP | Sun in Leo (Field-Tested),641342016853954267,6872441620,32.44,28.21,0.20371581614017,86,,2821,423,2003,115
AWP | Sun in Leo (Field-Tested),749414569850283287,5369669101,32.54,28.3,0.20685358345509,271,,2830,424,2003,115
AWP | Sun in Leo (Field-Tested),804590545786474681,49589195964,32.55,28.31,0.1807437390089,663,,2831,424,2003,115
AWP | Sun in Leo (Field-Tested),641340675953432831,12070285199,33.03,28.73,0.2057429254055,398,,2873,430,2003,115
AWP | Sun in Leo (Field-Tested),704377134295979025,10928249652,33.16,28.84,0.1867603212595,171,,2884,432,2003,115
AWP | Sun in Leo (Field-Tested),628953240697402843,19323038781,33.55,29.19,0.2204921245575,354,,2919,436,2003,115
AWP | Sun in Leo (Field-Tested),639088876119445040,50793995098,33.85,29.44,0.20401005446911,344,,2944,441,2003,115
AWP | Sun in Leo (Field-Tested),642464039597111241,48604104909,34.0,29.58,0.20292228460312,378,,2958,442,2003,115
AWP | Sun in Leo (Field-Tested),556898911191272113,51103293986,34.27,29.8,0.18756106495857,14,,2980,447,2003,115
AWP | Sun in Leo (Field-Tested),735902331697582566,29184970432,34.27,29.8,0.17720866203308,26,,2980,447,2003,115
AWP | Sun in Leo (Field-Tested),753919979195549301,14661338660,34.35,29.88,0.21896111965179,171,,2988,447,2003,115
AWP | Sun in Leo (Field-Tested),749420094936738148,49282517276,34.44,29.96,0.21471823751926,184,,2996,448,2003,115
AWP | Sun in Leo (Field-Tested),741531831151063132,2513081860,34.45,29.97,0.21212469041348,75,,2997,448,2003,115
AWP | Sun in Leo (Field-Tested),741535625183339581,12199244314,34.5,30.0,0.19650481641293,884,,3000,450,2003,115
AWP | Sun in Leo (Field-Tested),753922526597616770,15187650472,34.5,30.0,0.21973861753941,734,,3000,450,2003,115
AWP | Sun in Leo (Field-Tested),655976287529148812,18764599321,34.5,30.0,0.22464081645012,494,,3000,450,2003,115
AWP | Sun in Leo (Field-Tested),788829837603822923,2978308025,34.5,30.0,0.16566145420074,700,,3000,450,2003,115
AWP | Sun in Leo (Field-Tested),757298223941004459,46889342579,34.55,30.05,0.18610458076,959,,3005,450,2003,115
AWP | Sun in Leo (Field-Tested),753919256147002486,47728377011,35.0,30.44,0.18906281888485,100,,3044,456,2003,115
AWP | Sun in Leo (Field-Tested),625576990025624570,50658416637,35.0,30.44,0.21054598689079,325,,3044,456,2003,115
AWP | Sun in Leo (Field-Tested),748293561178740205,48762570271,35.0,30.44,0.35200196504593,384,,3044,456,2003,115
AWP | Sun in Leo (Field-Tested),746039224806669081,11584666435,35.11,30.54,0.24449472129345,776,,3054,457,2003,115
AWP | Sun in Leo (Field-Tested),645843641558796551,31900566989,35.2,30.61,0.20624054968357,670,,3061,459,2003,115
AWP | Sun in Leo (Field-Tested),739286995741877388,47067723437,35.65,31.0,0.21366319060326,821,,3100,465,2003,115
AWP | Sun in Leo (Field-Tested),726895132500362223,9762764522,35.99,31.3,0.20671524107456,434,,3130,469,2003,115
AWP | Sun in Leo (Field-Tested),732528425940402799,3458781166,35.99,31.3,0.21926772594452,230,,3130,469,2003,115
AWP | Sun in Leo (Field-Tested),572661512516592589,7725203332,36.4,31.66,0.20867663621902,145,,3166,474,2003,115
AWP | Sun in Leo (Field-Tested),641338139683336782,14070005068,36.42,31.68,0.3681321144104,110,,3168,474,2003,115
AWP | Sun in Leo (Field-Tested),776444229557588956,5874142565,36.45,31.7,0.1680443584919,183,,3170,475,2003,115
AWP | Sun in Leo (Field-Tested),764052989541940589,48156116503,36.53,31.78,0.21399167180061,886,,3178,475,2003,115
AWP | Sun in Leo (Field-Tested),747165124763669572,10535093471,36.8,32.0,0.22304150462151,111,,3200,480,2003,115
AWP | Sun in Leo (Field-Tested),632332842670474183,44886173756,36.83,32.03,0.22437044978142,387,,3203,480,2003,115
AWP | Sun in Leo (Field-Tested),644716473191921369,10842901564,36.84,32.04,0.19905391335487,922,,3204,480,2003,115
AWP | Sun in Leo (Field-Tested),627831217912745312,50723361762,36.89,32.09,0.20165248215199,761,,3209,480,2003,115
AWP | Sun in Leo (Field-Tested),752790273127107548,47524681380,36.89,32.09,0.26814225316048,82,,3209,480,2003,115
AWP | Sun in Leo (Field-Tested),648094172922556392,22455251844,36.91,32.1,0.18317578732967,386,,3210,481,2003,115
AWP | Sun in Leo (Field-Tested),640216116817811603,51295366571,37.03,32.2,0.15878994762897,233,,3220,483,2003,115
AWP | Sun in Leo (Field-Tested),640214776036120409,11632654407,37.28,32.42,0.17588421702385,909,,3242,486,2003,115
AWP | Sun in Leo (Field-Tested),756169969304227858,5128244245,37.31,32.45,0.21778190135956,737,,3245,486,2003,115
AWP | Sun in Leo (Field-Tested),703254482947757161,14071742171,37.67,32.77,0.17702120542526,360,,3277,490,2003,115
AWP | Sun in Leo (Field-Tested),649221341294120912,8304389147,38.0,33.05,0.16979160904884,828,,3305,495,2003,115
AWP | Sun in Leo (Field-Tested),662733504211141342,5330967016,38.0,33.05,0.20418909192085,465,,3305,495,2003,115
AWP | Sun in Leo (Field-Tested),648095441381170902,50487850423,38.08,33.12,0.22271338105202,35,,3312,496,2003,115
AWP | Sun in Leo (Field-Tested),652601015916378552,15297692110,38.54,33.52,0.17091548442841,706,,3352,502,2003,115
AWP | Sun in Leo (Field-Tested),526500790813485953,48715848372,38.77,33.72,0.15298929810524,690,,3372,505,2003,115
AWP | Sun in Leo (Field-Tested),627827340800271046,46646637189,39.0,33.92,0.19521817564964,515,,3392,508,2003,115
AWP | Sun in Leo (Field-Tested),659356343381617642,51057111309,39.68,34.51,0.15694542229176,550,,3451,517,2003,115
AWP | Sun in Leo (Field-Tested),493849693283549740,51135585733,39.96,34.76,0.1787653118372,220,,3476,520,2003,115
AWP | Sun in Leo (Field-Tested),502856892559190368,34700217905,39.98,34.78,0.1964408159256,537,,3478,520,2003,115
AWP | Sun in Leo (Field-Tested),742659622210280284,13120831441,39.99,34.79,0.15552774071693,360,,3479,520,2003,115
AWP | Sun in Leo (Field-Tested),524248990834998867,51435457838,42.0,36.53,0.22097750008106,897,,3653,547,2003,115
AWP | Sun in Leo (Field-Tested),741532454036428446,20567659395,42.11,36.62,0.22469441592693,104,,3662,549,2003,115
AWP | Sun in Leo (Field-Tested),516367689575325098,12739858625,42.91,37.32,0.15543551743031,809,,3732,559,2003,115
AWP | Sun in Leo (Field-Tested),705503034218906267,42343905480,46.0,40.0,0.1797945946455,500,,4000,600,2003,115
AWP | Sun in Leo (Field-Tested),747162601623412002,6781859696,46.53,40.47,0.17331320047379,310,,4047,606,2003,115
AWP | Sun in Leo (Field-Tested),630080589668370244,49996666493,47.06,40.93,0.21981433033943,60,,4093,613,2003,115
AWP | Sun in Leo (Field-Tested),721265632841721050,16958397656,47.06,40.93,0.22069874405861,27,,4093,613,2003,115
AWP | Sun in Leo (Field-Tested),794463791533787099,35436297855,47.77,41.55,0.18621991574764,523,,4155,622,2003,115
AWP | Sun in Leo (Field-Tested),507359315999612347,35110603258,49.35,42.92,0.21829202771187,461,,4292,643,2003,115
AWP | Sun in Leo (Field-Tested),645843641577505175,50527987164,51.75,45.0,0.36978816986084,539,,4500,675,2003,115
AWP | Sun in Leo (Field-Tested),507359315995453087,49825925446,53.08,46.17,0.21284049749374,132,,4617,691,2003,115
AWP | Sun in Leo (Field-Tested),795584527963864350,12553569666,54.16,47.1,0.21113699674606,912,,4710,706,2003,115
AWP | Sun in Leo (Field-Tested),649222707048436204,14263964117,57.5,50.0,0.15979334712029,803,,5000,750,2003,115
AWP | Sun in Leo (Field-Tested),696510501848265270,51185893656,57.51,50.01,0.15255735814571,408,,5001,750,2003,115
AWP | Sun in Leo (Field-Tested),654850840799765165,13524967117,64.57,56.16,0.21758918464184,732,,5616,841,2003,115
AWP | Sun in Leo (Field-Tested),769687014595625758,11644807642,65.0,56.53,0.22106936573982,962,,5653,847,2003,115
AWP | Sun in Leo (Field-Tested),747165124788626176,48771709717,65.0,56.53,0.1990275233984,892,,5653,847,2003,115
AWP | Sun in Leo (Field-Tested),752794624309274422,12136660235,68.92,59.94,0.21682494878769,662,,5994,898,2003,115
AWP | Sun in Leo (Field-Tested),794459337187077973,8745432558,70.0,60.88,0.16431419551373,93,,6088,912,2003,115
AWP | Sun in Leo (Field-Tested),801212402305854201,4808647543,71.96,62.59,0.1982616186142,574,,6259,937,2003,115
AWP | Sun in Leo (Field-Tested),762927089635148067,11378340947,73.85,64.22,0.16277647018433,474,,6422,963,2003,115
AWP | Sun in Leo (Field-Tested),775317061470953399,19264828473,79.94,69.52,0.19652870297432,843,,6952,1042,2003,115
AWP | Sun in Leo (Field-Tested),502856892565565788,51224774386,85.83,74.64,0.20532715320587,317,,7464,1119,2003,115
AWP | Sun in Leo (Field-Tested),814721760189485645,14043919972,86.25,75.0,0.15306739509106,613,,7500,1125,2003,115
AWP | Sun in Leo (Field-Tested),773065895689582940,7217365478,94.16,81.89,0.1583174020052,573,,8189,1227,2003,115
AWP | Sun in Leo (Field-Tested),732530428369342920,40616219336,110.0,95.66,0.22360861301422,696,,9566,1434,2003,115
AWP | Sun in Leo (Field-Tested),787703937852561470,49987299844,110.0,95.66,0.24912066757679,527,,9566,1434,2003,115
AWP | Sun in Leo (Field-Tested),751670633249099131,5674570692,125.18,108.86,0.17617782950401,25,,10886,1632,2003,115
AWP | Sun in Leo (Field-Tested),743787425017676027,46813745860,126.5,110.0,0.21348418295383,976,,11000,1650,2003,115
AWP | Sun in Leo (Field-Tested),768563639252384168,6657429396,134.97,117.38,0.32357734441757,159,,11738,1759,2003,115
AWP | Sun in Leo (Field-Tested),637960439984394373,50042399382,213.21,185.4,0.17135833203793,699,,18540,2781,2003,115
AWP | Sun in Leo (Field-Tested),635711906871586133,50704142194,273.06,237.45,0.20970137417316,962,,23745,3561,2003,115
AWP | Sun in Leo (Field-Tested),733651971152893806,47989574293,454.94,395.6,0.15072064101696,386,,39560,5934,2003,115
FAMAS | Eye of Athena (Minimal Wear),515241791638803457,51243262528,13.36,11.62,0.09483827650547,426,,1162,174,2003,77
FAMAS | Eye of Athena (Minimal Wear),515241791638803925,51230735831,13.36,11.62,0.12796257436275,411,,1162,174,2003,77
FAMAS | Eye of Athena (Minimal Wear),501730992849852641,51266093353,13.48,11.73,0.08522842079401,613,,1173,175,2003,77
FAMAS | Eye of Athena (Minimal Wear),499479193110853741,51262058077,13.49,11.74,0.14814847707748,676,,1174,175,2003,77
FAMAS | Eye of Athena (Minimal Wear),507360492268377193,49782908937,13.49,11.74,0.12713712453842,559,,1174,175,2003,77
FAMAS | Eye of Athena (Minimal Wear),508486392191532386,34425384523,13.49,11.74,0.09404269605875,17,,1174,175,2003,77
FAMAS | Eye of Athena (Minimal Wear),520871291128814928,44165829038,13.5,11.75,0.13194212317467,743,,1175,175,2003,77
FAMAS | Eye of Athena (Minimal Wear),517493591312732362,50407386903,13.65,11.88,0.14778880774975,707,,1188,177,2003,77
FAMAS | Eye of Athena (Minimal Wear),528752590488945705,51175880011,13.7,11.92,0.13537241518497,255,,1192,178,2003,77
FAMAS | Eye of Athena (Minimal Wear),523123091046875542,49629279486,13.77,11.99,0.12773536145687,788,,1199,178,2003,77
FAMAS | Eye of Athena (Minimal Wear),517493591317210654,51266667834,13.88,12.08,0.12246362119913,966,,1208,180,2003,77
FAMAS | Eye of Athena (Minimal Wear),516367691455421570,51200978024,13.88,12.08,0.14204306900501,915,,1208,180,2003,77
FAMAS | Eye of Athena (Minimal Wear),509612292203105271,51169391821,13.88,12.08,0.14834445714951,818,,1208,180,2003,77
FAMAS | Eye of Athena (Minimal Wear),499479193097351545,50811050500,13.89,12.09,0.14983390271664,145,,1209,180,2003,77
FAMAS | Eye of Athena (Minimal Wear),634586617410479691,50832855455,14.05,12.22,0.12974965572357,680,,1222,183,2003,77
FAMAS | Eye of Athena (Minimal Wear),660482315254237990,51035460004,14.35,12.49,0.10013607144356,40,,1249,186,2003,77
FAMAS | Eye of Athena (Minimal Wear),650348605656033550,49375689996,14.38,12.51,0.13709425926208,835,,1251,187,2003,77
FAMAS | Eye of Athena (Minimal Wear),642467916646177889,51115623924,14.64,12.74,0.13640761375427,298,,1274,190,2003,77
FAMAS | Eye of Athena (Minimal Wear),650347875195307226,32930839808,14.77,12.85,0.14130449295044,704,,1285,192,2003,77
FAMAS | Eye of Athena (Minimal Wear),743798298777244955,50898606466,14.84,12.91,0.13948592543602,875,,1291,193,2003,77
FAMAS | Eye of Athena (Minimal Wear),658229174535531405,50741961768,14.89,12.96,0.12773716449738,355,,1296,193,2003,77
FAMAS | Eye of Athena (Minimal Wear),524248990834001775,17858144677,14.95,13.0,0.13755060732365,527,,1300,195,2003,77
FAMAS | Eye of Athena (Minimal Wear),645845616400160937,42754346244,15.0,13.05,0.11309423297644,583,,1305,195,2003,77
FAMAS | Eye of Athena (Minimal Wear),517493591319556810,28589249334,15.26,13.28,0.14959612488747,565,,1328,198,2003,77
FAMAS | Eye of Athena (Minimal Wear),644718375641817635,48420383436,15.33,13.34,0.09243411570787,823,,1334,199,2003,77
FAMAS | Eye of Athena (Minimal Wear),650349216059339997,51299340947,15.42,13.41,0.11399444192648,188,,1341,201,2003,77
FAMAS | Eye of Athena (Minimal Wear),661606240242778462,30104375056,16.1,14.0,0.10035087168217,29,,1400,210,2003,77
FAMAS | Eye of Athena (Minimal Wear),659355074440416389,49400369919,16.19,14.09,0.14607627689838,962,,1409,210,2003,77
FAMAS | Eye of Athena (Minimal Wear),632334817605544283,23270743864,16.24,14.13,0.09000506997108,817,,1413,211,2003,77
FAMAS | Eye of Athena (Minimal Wear),640214776026072593,48613458992,16.27,14.16,0.09269233047962,922,,1416,211,2003,77
FAMAS | Eye of Athena (Minimal Wear),640214776026071801,48613468608,16.27,14.16,0.09658254683018,824,,1416,211,2003,77
FAMAS | Eye of Athena (Minimal Wear),658227272057929292,49129687256,16.63,14.47,0.13536462187767,568,,1447,216,2003,77
FAMAS | Eye of Athena (Minimal Wear),649220072814471650,14945836626,16.99,14.79,0.14592425525188,903,,1479,220,2003,77
FAMAS | Eye of Athena (Minimal Wear),651474409314127969,27775104550,17.11,14.89,0.12504778802395,924,,1489,222,2003,77
FAMAS | Eye of Athena (Minimal Wear),740409725351757061,48704629371,17.2,14.97,0.12942185997963,897,,1497,223,2003,77
FAMAS | Eye of Athena (Minimal Wear),634584189303258633,27034097737,17.25,15.0,0.12841765582561,126,,1500,225,2003,77
FAMAS | Eye of Athena (Minimal Wear),779822638425278969,29327481752,17.25,15.0,0.10375130176544,554,,1500,225,2003,77
FAMAS | Eye of Athena (Minimal Wear),792206828238451585,36805040663,17.25,15.0,0.1312780380249,206,,1500,225,2003,77
FAMAS | Eye of Athena (Minimal Wear),776443048017918775,40598352024,17.28,15.03,0.12071590870619,164,,1503,225,2003,77
FAMAS | Eye of Athena (Minimal Wear),518619491410938340,50554746709,17.66,15.37,0.08029698580503,157,,1537,229,2003,77
FAMAS | Eye of Athena (Minimal Wear),651475115919659598,50440798761,17.68,15.39,0.0762115418911,328,,1539,229,2003,77
FAMAS | Eye of Athena (Minimal Wear),497227393138445321,47796002068,17.73,15.42,0.10035805404186,253,,1542,231,2003,77
FAMAS | Eye of Athena (Minimal Wear),642466575848885376,49857077731,17.73,15.42,0.08174883574247,889,,1542,231,2003,77
FAMAS | Eye of Athena (Minimal Wear),610942109764920391,16327508283,17.76,15.45,0.08384361863136,688,,1545,231,2003,77
FAMAS | Eye of Athena (Minimal Wear),635712517309963543,50860398589,18.75,16.31,0.08049934357405,919,,1631,244,2003,77
FAMAS | Eye of Athena (Minimal Wear),518619491410903888,50860958149,18.79,16.35,0.08029309660196,748,,1635,244,2003,77
FAMAS | Eye of Athena (Minimal Wear),518619491411162296,51199197616,18.87,16.41,0.08130142837763,115,,1641,246,2003,77
FAMAS | Eye of Athena (Minimal Wear),637964317060068569,50683833464,18.9,16.44,0.07630937546492,150,,1644,246,2003,77
FAMAS | Eye of Athena (Minimal Wear),651473775114997482,28144057015,19.03,16.56,0.11706049740314,362,,1656,247,2003,77
FAMAS | Eye of Athena (Minimal Wear),651475115919678966,50983651432,19.06,16.59,0.08108511567116,800,,1659,247,2003,77
FAMAS | Eye of Athena (Minimal Wear),659351907695193566,46270004831,19.1,16.61,0.12591707706451,770,,1661,249,2003,77
FAMAS | Eye of Athena (Minimal Wear),520871291129536764,50821515503,19.69,17.13,0.12823462486267,634,,1713,256,2003,77
FAMAS | Eye of Athena (Minimal Wear),651475115906138106,46901327001,19.69,17.13,0.13232757151127,924,,1713,256,2003,77
FAMAS | Eye of Athena (Minimal Wear),659351907692498426,28358192502,19.69,17.13,0.08317422866821,436,,1713,256,2003,77
FAMAS | Eye of Athena (Minimal Wear),545639912127013382,50632121590,19.98,17.39,0.12939038872719,303,,1739,259,2003,77
FAMAS | Eye of Athena (Minimal Wear),649220888088452960,22531466636,19.98,17.39,0.10271733254194,638,,1739,259,2003,77
FAMAS | Eye of Athena (Minimal Wear),632330940440969600,48921535063,20.07,17.46,0.10828015953302,10,,1746,261,2003,77
FAMAS | Eye of Athena (Minimal Wear),518619491411166436,51232265188,20.07,17.46,0.0761910751462,106,,1746,261,2003,77
FAMAS | Eye of Athena (Minimal Wear),625579418049020314,51050206245,20.36,17.71,0.08701246231794,416,,1771,265,2003,77
FAMAS | Eye of Athena (Minimal Wear),639088242130800294,50569890021,20.7,18.0,0.10076838731766,769,,1800,270,2003,77
FAMAS | Eye of Athena (Minimal Wear),653723672436580456,49739466311,20.73,18.03,0.11824914067984,417,,1803,270,2003,77
FAMAS | Eye of Athena (Minimal Wear),518619491411041948,50924059186,20.9,18.19,0.07610304653645,384,,1819,271,2003,77
FAMAS | Eye of Athena (Minimal Wear),523123091059698346,51146861100,20.95,18.22,0.0784350708127,330,,1822,273,2003,77
FAMAS | Eye of Athena (Minimal Wear),659356415329367026,51163049629,21.36,18.59,0.07272335141897,829,,1859,277,2003,77
FAMAS | Eye of Athena (Minimal Wear),598543258497300320,44118472872,21.66,18.84,0.14634484052658,251,,1884,282,2003,77
FAMAS | Eye of Athena (Minimal Wear),761804360082942479,31817644274,22.4,19.49,0.14256539940834,339,,1949,291,2003,77
FAMAS | Eye of Athena (Minimal Wear),520871291130977520,50842325416,22.63,19.69,0.07051581144333,960,,1969,294,2003,77
FAMAS | Eye of Athena (Minimal Wear),643593816544847173,29724235799,23.0,20.0,0.07954870909452,785,,2000,300,2003,77
FAMAS | Eye of Athena (Minimal Wear),726898926426076039,44876032189,28.75,25.0,0.14256550371647,181,,2500,375,2003,77
FAMAS | Eye of Athena (Minimal Wear),628954689751786015,47570034632,30.62,26.63,0.12079507857561,459,,2663,399,2003,77
FAMAS | Eye of Athena (Minimal Wear),645841108779057559,50090392432,50.0,43.49,0.07002493739128,633,,4349,651,2003,77
FAMAS | Eye of Athena (Minimal Wear),646970175458702248,47398685485,53.99,46.96,0.1000819504261,986,,4696,703,2003,77
FAMAS | Eye of Athena (Minimal Wear),827109634648389617,25932083514,65.67,57.11,0.07565829902887,1,,5711,856,2003,77
FAMAS | Eye of Athena (Minimal Wear),636834540076321371,17249423473,69.0,60.0,0.10208839923143,336,,6000,900,2003,77
FAMAS | Eye of Athena (Minimal Wear),803466536361700881,49333843090,115.0,100.0,0.10544244945049,643,,10000,1500,2003,77
FAMAS | Eye of Athena (Minimal Wear),784315468646881620,26190988397,132.84,115.52,0.1216297224164,195,,11552,1732,2003,77
FAMAS | Eye of Athena (Minimal Wear),776444229565745116,49412511047,234.75,204.14,0.07160703092813,299,,20414,3061,2003,77
